seed,schedule_id,category,label,efcl_cost,aer_fidelity,neglog_aer_fidelity,efcl_makespan,aer_makespan,efcl_exec,efcl_idle,efcl_comm,efcl_move,aer_comm_count,aer_move_count,aer_swap_count,aer_n_blocks,anchor,operator,anchor_moves,sched_moves,d_moves,schedule,efcl_rank,aer_rank
0,0,baseline,B1,0.5132551193237305,0.6760231570694497,0.391527947506001,8508.0390625,8560.0,0.013845663517713547,0.2252768576145172,0.2741326093673706,0.0,9,0,2,1,,,0,0,0,11000110|11000110|11000110|11000110|11000110|11000110|11000110|11000110|11000110|11000110|11000110|11000110|11000110|11000110|11000110|11000110|11000110|11000110|11000110|11000110,1,4
0,1,baseline,B2,0.9752151370048523,0.503578313121294,0.6860160414379934,16674.849609375,20180.0,0.02178378589451313,0.621462345123291,0.030459178611636162,0.3015097975730896,1,30,5,14,,,30,30,0,00001111|01000111|01101010|11101000|01111000|01111000|01011100|11001100|01011100|11100100|11100100|11100100|10100110|11000110|01100110|11000110|10010110|10010110|10010110|10010110,12,12
0,2,baseline,B3,0.5675956010818481,0.7328518288161978,0.3108117410269199,11604.6826171875,11740.0,0.05422910675406456,0.43234750628471375,0.060918357223272324,0.020100653171539307,2,2,2,2,,,2,2,0,10100011|10100011|10100011|10100011|10100011|10100011|10100011|10100011|10100011|10100011|10100011|10100011|10100011|11000011|11000011|11000011|11000011|11000011|11000011|11000011,3,1
0,3,baseline,B4,0.8058249354362488,0.5315952614372704,0.631872865957661,13020.0,13020.0,0.014515616931021214,0.3953399956226349,0.39596930146217346,0.0,13,0,1,1,,,0,0,0,00001111|00001111|00001111|00001111|00001111|00001111|00001111|00001111|00001111|00001111|00001111|00001111|00001111|00001111|00001111|00001111|00001111|00001111|00001111|00001111,9,9
0,4,perturb,B1p0,0.625639021396637,0.6014391632087729,0.5084298904801313,10797.26953125,12220.0,0.023716477677226067,0.32778996229171753,0.2741326093673706,0.0,9,0,1,1,B1,C,0,0,0,11001010|11001010|11001010|11001010|11001010|11001010|11001010|11001010|11001010|11001010|11001010|11001010|11001010|11001010|11001010|11001010|11001010|11001010|11001010|11001010,7,7
0,5,perturb,B1p1,0.5812188982963562,0.6383115642772592,0.4489287695769268,10297.26953125,10720.0,0.02487088553607464,0.31267455220222473,0.2436734288930893,0.0,8,0,1,1,B1,C,0,0,0,11001100|11001100|11001100|11001100|11001100|11001100|11001100|11001100|11001100|11001100|11001100|11001100|11001100|11001100|11001100|11001100|11001100|11001100|11001100|11001100,5,5
0,6,perturb,B2p0,0.9156145453453064,0.5258444072052408,0.6427499137953163,15674.8505859375,18700.0,0.02178378589451313,0.5819623470306396,0.030459178611636162,0.2814091444015503,1,28,5,13,B2,B,30,28,-2,01000111|01000111|01101010|11101000|01111000|01111000|01011100|11001100|01011100|11100100|11100100|11100100|10100110|11000110|01100110|11000110|10010110|10010110|10010110|10010110,10,10
0,7,perturb,B2p1,0.9752151370048523,0.5035753364445372,0.6860219525057993,16674.849609375,20180.0,0.02178378589451313,0.621462345123291,0.030459178611636162,0.3015097975730896,1,30,5,14,B2,B,30,30,0,00001111|01000111|01101010|11101000|01111000|01111000|01011100|11001100|01011100|11100100|11100100|10100110|10100110|11000110|01100110|11000110|10010110|10010110|10010110|10010110,13,13
0,8,perturb,B3p0,0.5775376558303833,0.7039689941021766,0.3510209662624918,11690.76953125,12220.0,0.05322862043976784,0.41283082962036133,0.09137753397226334,0.020100653171539307,3,2,1,2,B3,B,2,2,0,10100011|10100011|10100011|10100011|10100011|10100011|10100011|10100011|10100011|10100011|10100011|10100011|10100011|10100011|11000011|11000011|11000011|11000011|11000011|11000011,4,3
0,9,perturb,B3p1,0.5379037261009216,0.7081245919684098,0.3451352234141049,12230.76953125,12740.0,0.052358631044626236,0.37406694889068604,0.09137753397226334,0.020100653171539307,3,2,2,2,B3,B,2,2,0,10100011|10100011|10100011|10100011|10100011|10100011|10100011|10100011|10100011|10100011|10100011|10100011|11000011|11000011|11000011|11000011|11000011|11000011|11000011|11000011,2,2
0,10,random,R0.0,0.6178891062736511,0.6372087523962151,0.4506579653277479,11192.896484375,11140.0,0.036031097173690796,0.3686436712741852,0.21321424841880798,0.0,7,0,1,1,,,,0,,01101010|01101010|01101010|01101010|01101010|01101010|01101010|01101010|01101010|01101010|01101010|01101010|01101010|01101010|01101010|01101010|01101010|01101010|01101010|01101010,6,6
0,11,random,R0.0,0.765377938747406,0.5766265093901322,0.5505605194789079,13520.0,13520.0,0.03792069852352142,0.4533246159553528,0.2741326093673706,0.0,9,0,0,1,,,,0,,10111000|10111000|10111000|10111000|10111000|10111000|10111000|10111000|10111000|10111000|10111000|10111000|10111000|10111000|10111000|10111000|10111000|10111000|10111000|10111000,8,8
0,12,random,R0.1,0.9205073714256287,0.5146531217860868,0.6642621551849913,15020.0,15020.0,0.03536567836999893,0.529990017414093,0.33505094051361084,0.020100653171539307,11,2,0,2,,,,2,,10011001|10011001|10011001|10011001|10011001|10011001|10011001|10101001|10101001|10101001|10101001|10101001|10101001|10101001|10101001|10101001|10101001|10101001|10101001|10101001,11,11
0,13,random,R0.1,1.015600323677063,0.4830599777305685,0.7276144555429503,17262.126953125,17740.0,0.03603075444698334,0.6049337387084961,0.2741326093673706,0.10050326585769653,9,10,0,6,,,,10,,00111010|10111000|10111000|10111000|10111000|00111010|00111010|00111010|00111010|00111010|01101010|10101010|10101010|10101010|10101010|10101010|01101010|01101010|01101010|01101010,14,14
0,14,random,R0.5,1.1971558332443237,0.403395972816907,0.907836636613228,21970.76953125,24520.0,0.035119809210300446,0.6868969202041626,0.2741326093673706,0.20100653171539307,9,20,0,11,,,,20,,11010001|11010001|11010001|11100001|01101001|01101001|11101000|11100010|11100010|11100010|01101010|01101010|01110010|01110010|01010011|01010101|01010101|01001101|01001101|11001001,15,15
0,15,random,R0.5,1.2620290517807007,0.3980184900790502,0.9212568172917641,21270.76953125,24020.0,0.03246206417679787,0.7745285034179688,0.2741326093673706,0.18090587854385376,9,18,0,10,,,,18,,11101000|11101000|11101000|11101000|11101000|11101000|11100010|11100010|11100010|11001010|11011000|01011001|00011011|10011001|10011001|00011011|00011011|00111010|00101011|00101011,16,16
1,0,baseline,B1,0.5731494426727295,0.6077348802618328,0.49801654431531023,9232.966796875,9600.0,0.03955916315317154,0.19853928685188293,0.33505094051361084,0.0,11,0,4,1,,,0,0,0,10011010|10011010|10011010|10011010|10011010|10011010|10011010|10011010|10011010|10011010|10011010|10011010|10011010|10011010|10011010|10011010|10011010|10011010|10011010|10011010,1,1
1,1,baseline,B2,1.3502026796340942,0.414329470781727,0.8810937985118859,21921.60546875,23440.0,0.042357608675956726,0.7943539619445801,0.09137753397226334,0.42211371660232544,3,42,5,16,,,42,42,0,00010111|10100011|10000111|11001001|01001011|01100011|01100011|11000011|01110010|10101001|00111001|00111001|10111000|10110100|00011110|00011110|10001110|10001110|11001010|10001110,15,14
1,2,baseline,B3,0.7196347713470459,0.5643365131598913,0.5721045508728124,13096.9228515625,13820.0,0.057435326278209686,0.3880668878555298,0.2741326093673706,0.0,9,0,2,1,,,0,0,0,00110011|00110011|00110011|00110011|00110011|00110011|00110011|00110011|00110011|00110011|00110011|00110011|00110011|00110011|00110011|00110011|00110011|00110011|00110011|00110011,2,2
1,3,baseline,B4,0.8978279829025269,0.4808526734236309,0.7321943480519938,14327.6923828125,14220.0,0.04041581228375435,0.40052443742752075,0.4568876624107361,0.0,15,0,1,1,,,0,0,0,00001111|00001111|00001111|00001111|00001111|00001111|00001111|00001111|00001111|00001111|00001111|00001111|00001111|00001111|00001111|00001111|00001111|00001111|00001111|00001111,10,10
1,4,perturb,B1p0,0.7362034916877747,0.5520313207036855,0.5941504939094902,12104.681640625,12000.0,0.04372801259160042,0.3269653916358948,0.36551010608673096,0.0,12,0,2,1,B1,C,0,0,0,11001010|11001010|11001010|11001010|11001010|11001010|11001010|11001010|11001010|11001010|11001010|11001010|11001010|11001010|11001010|11001010|11001010|11001010|11001010|11001010,3,3
1,5,perturb,B1p1,0.755213737487793,0.5135446903828803,0.6664182224698624,11200.0,11520.0,0.03301751986145973,0.26530855894088745,0.4568876624107361,0.0,15,0,1,1,B1,C,0,0,0,00011110|00011110|00011110|00011110|00011110|00011110|00011110|00011110|00011110|00011110|00011110|00011110|00011110|00011110|00011110|00011110|00011110|00011110|00011110|00011110,5,8
1,6,perturb,B2p0,1.2827441692352295,0.430867545328107,0.8419545555350264,20921.60546875,22820.0,0.043758220970630646,0.7559539675712585,0.060918357223272324,0.42211371660232544,2,42,6,15,B2,B,42,42,0,00010111|10100011|10000111|11001001|01100011|01100011|01100011|11000011|01110010|10101001|00111001|00111001|10111000|10110100|00011110|00011110|10001110|10001110|11001010|10001110,14,12
1,7,perturb,B2p1,1.3547627925872803,0.4145609041060122,0.8805353812897518,21921.60546875,23420.0,0.042357608675956726,0.7989139556884766,0.09137753397226334,0.42211371660232544,3,42,5,16,B2,B,42,42,0,00010111|10100011|10000111|11001001|01001011|01100011|01100011|11000011|01110010|10101001|00111001|00111001|10111000|10110100|00011110|10001110|10001110|10001110|11001010|10001110,16,13
1,8,perturb,B3p0,0.7577893733978271,0.5318497433061753,0.6313942669278526,12116.9228515625,12220.0,0.04542459920048714,0.3163953721523285,0.39596930146217346,0.0,13,0,1,1,B3,C,0,0,0,00111001|00111001|00111001|00111001|00111001|00111001|00111001|00111001|00111001|00111001|00111001|00111001|00111001|00111001|00111001|00111001|00111001|00111001|00111001|00111001,6,5
1,9,perturb,B3p1,0.8860739469528198,0.501821352458142,0.6895110942250586,15000.0,15000.0,0.05593685805797577,0.46462687849998474,0.36551013588905334,0.0,12,0,1,1,B3,C,0,0,0,01110001|01110001|01110001|01110001|01110001|01110001|01110001|01110001|01110001|01110001|01110001|01110001|01110001|01110001|01110001|01110001|01110001|01110001|01110001|01110001,9,9
1,10,random,R0.0,0.7382470965385437,0.5421552493155808,0.6122028807063551,12104.681640625,13120.0,0.04459713026881218,0.3281397819519043,0.36551010608673096,0.0,12,0,2,1,,,,0,,11010010|11010010|11010010|11010010|11010010|11010010|11010010|11010010|11010010|11010010|11010010|11010010|11010010|11010010|11010010|11010010|11010010|11010010|11010010|11010010,4,4
1,11,random,R0.0,0.7947719693183899,0.5306897056726481,0.6335777869760549,13404.615234375,13220.0,0.0508219413459301,0.3784399926662445,0.36551013588905334,0.0,12,0,1,1,,,,0,,10110001|10110001|10110001|10110001|10110001|10110001|10110001|10110001|10110001|10110001|10110001|10110001|10110001|10110001|10110001|10110001|10110001|10110001|10110001|10110001,7,6
1,12,random,R0.1,0.9876370429992676,0.44542634757612165,0.8087233710451321,15500.0,15500.0,0.03931406885385513,0.4408753514289856,0.4873468279838562,0.020100653171539307,16,2,2,2,,,,2,,10011100|10011100|10011100|10011100|10011100|10011100|10011100|10011100|10011100|10011100|10011100|10101100|10101100|10101100|10101100|10101100|10101100|10101100|10101100|10101100,11,11
1,13,random,R0.1,0.8127197027206421,0.5158454804108197,0.6619480149148246,13932.306640625,15740.0,0.04162987694144249,0.39645394682884216,0.2741326093673706,0.10050326585769653,9,10,3,6,,,,10,,00001111|00001111|00101011|00101011|00101011|00101011|00101011|00111010|00111010|00111010|00111010|00111010|00111010|00011110|00011110|00011110|10011100|10001110|10001110|10001110,8,7
1,14,random,R0.5,1.2241709232330322,0.38054981135378263,0.9661381999887841,23200.0,24200.0,0.05020245909690857,0.6379109025001526,0.33505091071128845,0.20100653171539307,11,20,0,11,,,,20,,10100011|10100011|10101001|10101100|11100100|10100101|10001101|10001101|11000101|01010101|01010101|01000111|01000111|01000111|01000111|11000110|11000110|11000110|11000110|10001110,13,16
1,15,random,R0.5,1.17530357837677,0.3816204007666094,0.9633288797085694,22584.615234375,24540.0,0.059039048850536346,0.6307668089866638,0.3045917749404907,0.18090587854385376,10,18,1,10,,,,18,,10110010|10110010|10010110|11000110|11000110|11000110|11100100|10110100|10110100|10110100|10110100|10100101|10100101|10100011|10110001|10110001|10110001|10010011|11010010|11010010,12,15
2,0,baseline,B1,0.6518536806106567,0.5689865343189638,0.5638985106561134,10913.9130859375,11340.0,0.03694947808980942,0.310312420129776,0.3045917749404907,0.0,10,0,1,1,,,0,0,0,10100011|10100011|10100011|10100011|10100011|10100011|10100011|10100011|10100011|10100011|10100011|10100011|10100011|10100011|10100011|10100011|10100011|10100011|10100011|10100011,4,5
2,1,baseline,B2,1.417496681213379,0.3423093859782383,1.0720403134940333,21976.455078125,24620.0,0.02921176701784134,0.8144916892051697,0.09137753397226334,0.48241567611694336,3,48,4,18,,,48,48,0,10000111|10000111|01011100|01101010|11100010|11000110|11000011|01100011|11100001|00110101|10110001|10000111|10000111|10110100|10100110|00011110|10011010|01011010|01101010|00101011,15,14
2,2,baseline,B3,0.6496886610984802,0.6137936697572514,0.4880964500506417,13624.6826171875,14520.0,0.06362833827733994,0.4240223467350006,0.12183671444654465,0.04020130634307861,4,4,2,3,,,4,4,0,11010100|11010100|11010100|11010100|11010100|11010100|01110100|01110100|01110100|01110100|01110100|01110100|01110100|01110100|00110101|00110101|00110101|00110101|00110101|00110101,3,1
2,3,baseline,B4,0.6830635070800781,0.5574068728858962,0.5844598337521502,11104.6826171875,10900.0,0.03690316528081894,0.31110936403274536,0.33505094051361084,0.0,11,0,2,1,,,0,0,0,00001111|00001111|00001111|00001111|00001111|00001111|00001111|00001111|00001111|00001111|00001111|00001111|00001111|00001111|00001111|00001111|00001111|00001111|00001111|00001111,7,7
2,4,perturb,B1p0,0.6464439034461975,0.551679032278656,0.5947888650836688,10085.55078125,10220.0,0.029829896986484528,0.25110384821891785,0.36551010608673096,0.0,12,0,2,1,B1,C,0,0,0,00110011|00110011|00110011|00110011|00110011|00110011|00110011|00110011|00110011|00110011|00110011|00110011|00110011|00110011|00110011|00110011|00110011|00110011|00110011|00110011,2,8
2,5,perturb,B1p1,0.6023775339126587,0.6090196901287142,0.49590467989225423,10891.638671875,11200.0,0.0424099899828434,0.3162941336631775,0.2436734288930893,0.0,8,0,2,1,B1,C,0,0,0,00101011|00101011|00101011|00101011|00101011|00101011|00101011|00101011|00101011|00101011|00101011|00101011|00101011|00101011|00101011|00101011|00101011|00101011|00101011|00101011,1,2
2,6,perturb,B2p0,1.4295251369476318,0.33019536596346977,1.108070781624055,21514.916015625,25020.0,0.027341291308403015,0.7979314923286438,0.12183671444654465,0.48241567611694336,4,48,5,17,B2,B,48,48,0,10000111|10000111|01011100|11100010|11100010|11000110|11000011|01100011|11100001|00110101|10110001|10000111|10000111|10110100|10100110|00011110|10011010|01011010|01101010|00101011,16,15
2,7,perturb,B2p1,1.381158471107483,0.35755935208644524,1.0284539108056159,21368.828125,23620.0,0.029611894860863686,0.7978540658950806,0.09137753397226334,0.46231502294540405,3,46,4,17,B2,B,48,46,-2,10000111|10000111|01011100|01101010|11100010|11000110|11000011|11000011|11100001|00110101|10110001|10000111|10000111|10110100|10100110|00011110|10011010|01011010|01101010|00101011,14,13
2,8,perturb,B3p0,0.6551563739776611,0.5876415982428518,0.5316380437183589,13144.6826171875,15020.0,0.06207380071282387,0.4005853831768036,0.15229588747024536,0.04020130634307861,5,4,2,3,B3,B,4,4,0,11010100|11010100|11010100|11010100|11010100|11010100|01110100|01110100|01110100|01110100|01110100|01110100|01110100|00110101|00110101|00110101|00110101|00110101|00110101|00110101,5,4
2,9,perturb,B3p1,0.6919429898262024,0.6046500152216365,0.5031054755765595,13624.6826171875,14020.0,0.058615803718566895,0.4408300518989563,0.15229588747024536,0.04020130634307861,5,4,2,3,B3,B,4,4,0,11010100|11010100|11010100|11010100|11010100|11010100|11010100|01110100|01110100|01110100|01110100|01110100|01110100|01110100|00110101|00110101|00110101|00110101|00110101|00110101,8,3
2,10,random,R0.0,0.6726635694503784,0.5673894419346297,0.566709364579897,10644.681640625,11320.0,0.03924497589468956,0.29836761951446533,0.33505094051361084,0.0,11,0,2,1,,,,0,,00110110|00110110|00110110|00110110|00110110|00110110|00110110|00110110|00110110|00110110|00110110|00110110|00110110|00110110|00110110|00110110|00110110|00110110|00110110|00110110,6,6
2,11,random,R0.0,0.8179014921188354,0.49155523633084186,0.7101809625337617,12230.76953125,12200.0,0.027465132996439934,0.33354872465133667,0.4568876028060913,0.0,15,0,1,1,,,,0,,00101110|00101110|00101110|00101110|00101110|00101110|00101110|00101110|00101110|00101110|00101110|00101110|00101110|00101110|00101110|00101110|00101110|00101110|00101110|00101110,9,9
2,12,random,R0.1,0.9859985113143921,0.4108387103379343,0.8895545737753958,16000.0,17500.0,0.03158244863152504,0.4676856994628906,0.4264284670352936,0.06030195951461792,14,6,0,4,,,,6,,00111001|00111001|00111001|00111001|00111001|00111001|00011101|00011101|00011101|00011101|10011001|10011001|10011001|10011001|10011001|10011001|10011001|10011001|10011001|01011001,11,11
2,13,random,R0.1,0.886432409286499,0.4382543177954117,0.8249559028724267,14160.869140625,18320.0,0.030114317312836647,0.44086456298828125,0.33505094051361084,0.08040261268615723,11,8,4,5,,,,8,,01100101|01100101|11100001|11100001|11100001|11100001|11100001|11100001|11100001|10101001|10101001|11100001|11100001|01100011|01100011|01100011|01100011|01100011|01100011|01100011,10,10
2,14,random,R0.5,1.1663955450057983,0.38170821946576255,0.9630987856253321,20093.912109375,24600.0,0.043562524020671844,0.6677945852279663,0.2741326093673706,0.18090587854385376,9,18,4,10,,,,18,,10000111|10010011|10010011|10011010|10011010|10011010|10011010|10011010|10101010|10001011|10001011|10001011|10001011|10001011|00001111|01001101|01001011|01001011|11001010|01101010,12,12
2,15,random,R0.5,1.3527249097824097,0.3066972484699541,1.181894179307606,22767.826171875,27500.0,0.0341942235827446,0.7014543414115906,0.39596930146217346,0.22110718488693237,13,22,1,12,,,,22,,10010110|10010101|10000111|10000111|10000111|10001110|10001110|10001110|10000111|10000111|10000111|01000111|01000111|01010101|00010111|01000111|01000111|01001110|10001110|10011010,13,16
3,0,baseline,B1,0.518470287322998,0.6471987445697638,0.43510185302687526,9000.0,10220.0,0.04642963036894798,0.22836720943450928,0.2436734288930893,0.0,8,0,3,1,,,0,0,0,00011101|00011101|00011101|00011101|00011101|00011101|00011101|00011101|00011101|00011101|00011101|00011101|00011101|00011101|00011101|00011101|00011101|00011101|00011101|00011101,1,1
3,1,baseline,B2,1.432137131690979,0.3784921272870855,0.9715600060908712,22058.4609375,25720.0,0.030885890126228333,0.8378164768218994,0.060918357223272324,0.5025163292884827,2,50,5,18,,,50,50,0,00010111|11010100|10011100|00011101|10011001|00011101|10110100|00010111|10100011|00110011|01100011|11101000|01101100|01101100|01100110|01001011|00011101|00011101|10110001|10010101,15,13
3,2,baseline,B3,0.6422762870788574,0.6227368067102864,0.4736313105957188,13481.5380859375,15500.0,0.07145979255437851,0.43923765420913696,0.09137753397226334,0.04020130634307861,3,4,3,3,,,4,4,0,10110100|10110100|10110100|10110100|10110100|10110100|10110100|10110100|10110100|00110101|00110101|00110101|00110101|10100101|10100101|10100101|10100101|10100101|10100101|10100101,2,2
3,3,baseline,B4,0.6667550802230835,0.5644248180725197,0.5719480874817214,9770.76953125,9780.0,0.02917548641562462,0.21115107834339142,0.4264284670352936,0.0,14,0,2,1,,,0,0,0,00001111|00001111|00001111|00001111|00001111|00001111|00001111|00001111|00001111|00001111|00001111|00001111|00001111|00001111|00001111|00001111|00001111|00001111|00001111|00001111,3,6
3,4,perturb,B1p0,0.6728838682174683,0.5635844574187601,0.5734380766644169,10750.76953125,11640.0,0.03596391901373863,0.2714098393917084,0.36551010608673096,0.0,12,0,2,1,B1,C,0,0,0,01011100|01011100|01011100|01011100|01011100|01011100|01011100|01011100|01011100|01011100|01011100|01011100|01011100|01011100|01011100|01011100|01011100|01011100|01011100|01011100,4,7
3,5,perturb,B1p1,0.7016363739967346,0.5677737951271682,0.5660321875983362,11250.76953125,11220.0,0.0376613512635231,0.29846492409706116,0.36551010608673096,0.0,12,0,0,1,B1,C,0,0,0,01001101|01001101|01001101|01001101|01001101|01001101|01001101|01001101|01001101|01001101|01001101|01001101|01001101|01001101|01001101|01001101|01001101|01001101|01001101|01001101,6,5
3,6,perturb,B2p0,1.4929803609848022,0.3650600517458778,1.0076934136012814,22827.69140625,26340.0,0.02973148226737976,0.8693549036979675,0.09137753397226334,0.5025163292884827,3,50,5,18,B2,B,50,50,0,00010111|11010100|10011100|00011101|10011001|00011101|10110100|00010111|10100011|00110011|01100011|11101000|11101000|01101100|01100110|01001011|00011101|00011101|10110001|10010101,16,14
3,7,perturb,B2p1,1.3478001356124878,0.40073436042825916,0.9144565140100588,21058.4609375,24720.0,0.03489794582128525,0.7896687984466553,0.060918357223272324,0.46231502294540405,2,46,5,17,B2,B,50,46,-4,00010111|11010100|10011100|00011101|10011001|00011101|10110100|00010111|10100011|00110011|01100011|11101000|01101100|01101100|01100110|01001011|00011101|00011101|00011101|10010101,14,12
3,8,perturb,B3p0,0.6958118081092834,0.5918328633093266,0.5245310094504779,14250.76953125,16500.0,0.07030538469552994,0.463468462228775,0.12183671444654465,0.04020130634307861,4,4,1,3,B3,B,4,4,0,10110100|10110100|10110100|10110100|10110100|10110100|10110100|10110100|10110100|10110100|00110101|00110101|00110101|10100101|10100101|10100101|10100101|10100101|10100101|10100101,5,4
3,9,perturb,B3p1,0.7212584614753723,0.5920553205537276,0.5241552015827227,14250.76953125,15500.0,0.0652928426861763,0.463468462228775,0.15229588747024536,0.04020130634307861,5,4,3,3,B3,B,4,4,0,10110100|10110100|10110100|10110100|10110100|10110100|10110100|10110100|10110100|00110101|00110101|00110101|10100101|10100101|10100101|10100101|10100101|10100101|10100101|10100101,7,3
3,10,random,R0.0,0.7709805369377136,0.5312010847488655,0.6326146387495855,11750.76953125,11720.0,0.035367850214242935,0.30918416380882263,0.42642849683761597,0.0,14,0,0,1,,,,0,,01010101|01010101|01010101|01010101|01010101|01010101|01010101|01010101|01010101|01010101|01010101|01010101|01010101|01010101|01010101|01010101|01010101|01010101|01010101|01010101,8,9
3,11,random,R0.0,0.7831735014915466,0.5615132767167644,0.5771198599954427,13500.0,13500.0,0.0525125190615654,0.4260692298412323,0.3045917749404907,0.0,10,0,1,1,,,,0,,10100101|10100101|10100101|10100101|10100101|10100101|10100101|10100101|10100101|10100101|10100101|10100101|10100101|10100101|10100101|10100101|10100101|10100101|10100101|10100101,9,8
3,12,random,R0.1,1.0906987190246582,0.4381780371144731,0.8251299737649579,17500.0,19000.0,0.03660222887992859,0.5472654104232788,0.42642849683761597,0.08040261268615723,14,8,1,5,,,,8,,01000111|00001111|00001111|01000111|01000111|01000111|01000111|11000110|11000110|11000110|11000110|11000110|11000110|11000110|11000110|10100110|10100110|10100110|10100110|10100110,11,11
3,13,random,R0.1,0.8111633658409119,0.5258358095237516,0.6427662641675161,13020.0,13020.0,0.04098989814519882,0.37420418858528137,0.39596930146217346,0.0,13,0,1,1,,,,0,,01100110|01100110|01100110|01100110|01100110|01100110|01100110|01100110|01100110|01100110|01100110|01100110|01100110|01100110|01100110|01100110|01100110|01100110|01100110|01100110,10,10
3,14,random,R0.5,1.2663646936416626,0.33827743088498674,1.0838889187375287,18981.5390625,24000.0,0.029154596850275993,0.5585987567901611,0.5178060531616211,0.16080522537231445,17,16,1,9,,,,16,,10100101|10100101|00100111|00100111|00100111|00110101|00110101|00101101|00111001|00111001|00011011|00011011|01011001|01011001|01011001|01001101|01001101|01001101|01011001|01011001,12,15
3,15,random,R0.5,1.339676022529602,0.301289730307421,1.199682918035401,22520.0,26500.0,0.033365003764629364,0.5771399736404419,0.5482652187347412,0.18090587854385376,18,18,0,10,,,,18,,11010001|11010001|01011001|01110001|01110001|01110001|01100101|01100101|01100101|01100101|01110100|01110010|01100011|00100111|00100111|10100110|10100110|10100110|10100110|00110110,13,16
4,0,baseline,B1,0.7954911589622498,0.5062757873513416,0.6806737238807242,12622.0810546875,12740.0,0.048055119812488556,0.2905483841896057,0.4568876326084137,0.0,15,0,2,1,,,0,0,0,00010111|00010111|00010111|00010111|00010111|00010111|00010111|00010111|00010111|00010111|00010111|00010111|00010111|00010111|00010111|00010111|00010111|00010111|00010111|00010111,4,3
4,1,baseline,B2,1.4486753940582275,0.36937852509442,0.9959333474644834,22701.591796875,26900.0,0.0469159334897995,0.81699138879776,0.18275506794452667,0.40201306343078613,6,40,8,15,,,40,40,0,01001011|00001111|10000111|00010111|00010111|00010111|00010111|01110100|01010101|01010101|01010101|11000101|00011101|11100001|11000011|00001111|00011011|01101010|00111010|00101110,16,15
4,2,baseline,B3,0.7292174696922302,0.5339496091064887,0.6274538094437183,16250.7685546875,19320.0,0.10052695125341415,0.4160926342010498,0.15229588747024536,0.06030195951461792,5,6,3,4,,,6,6,0,11101000|11101000|11101000|11101000|11101000|11101000|11101000|11101000|10101010|10101010|10101010|10101010|10011010|10011010|10011010|10011010|10011010|10001110|10001110|10001110,1,2
4,3,baseline,B4,0.9047127366065979,0.4572244189247383,0.78258093876608,13347.6923828125,13880.0,0.040727779269218445,0.31571969389915466,0.5482651591300964,0.0,18,0,2,1,,,0,0,0,00001111|00001111|00001111|00001111|00001111|00001111|00001111|00001111|00001111|00001111|00001111|00001111|00001111|00001111|00001111|00001111|00001111|00001111|00001111|00001111,5,6
4,4,perturb,B1p0,0.9551910161972046,0.44740178595430713,0.8042982380826958,14616.923828125,15320.0,0.04218841344118118,0.3647374212741852,0.5482651591300964,0.0,18,0,3,1,B1,C,0,0,0,01010110|01010110|01010110|01010110|01010110|01010110|01010110|01010110|01010110|01010110|01010110|01010110|01010110|01010110|01010110|01010110|01010110|01010110|01010110|01010110,6,7
4,5,perturb,B1p1,0.9995459914207458,0.4446324327738436,0.8105073319033572,16038.4609375,16800.0,0.04958638548851013,0.432153582572937,0.5178060531616211,0.0,17,0,2,1,B1,C,0,0,0,00110011|00110011|00110011|00110011|00110011|00110011|00110011|00110011|00110011|00110011|00110011|00110011|00110011|00110011|00110011|00110011|00110011|00110011|00110011|00110011,8,8
4,6,perturb,B2p0,1.4426716566085815,0.37454338663358705,0.982047630576095,22183.130859375,25300.0,0.045376718044281006,0.8021682500839233,0.21321424841880798,0.3819124102592468,7,38,6,14,B2,B,40,38,-2,01001011|00001111|00001111|00010111|00010111|00010111|00010111|01110100|01010101|01010101|01010101|11000101|00011101|11100001|11000011|00001111|00011011|01101010|00111010|00101110,15,13
4,7,perturb,B2p1,1.316869854927063,0.3992845210613317,0.9180810308500964,21902.115234375,25700.0,0.05078938603401184,0.7617150545120239,0.18275506794452667,0.3216104507446289,6,32,8,14,B2,B,40,32,-8,01001011|00001111|10000111|00010111|00010111|00010111|00010111|01110100|01010101|01010101|01010101|11000101|11100001|11100001|11000011|00001111|00011011|01101010|00111010|00101110,13,11
4,8,perturb,B3p0,0.7293776273727417,0.5402651323126269,0.6156952741537645,16250.7685546875,18820.0,0.10092707723379135,0.4158526659011841,0.15229588747024536,0.06030195951461792,5,6,3,4,B3,B,6,6,0,11101000|11101000|11101000|11101000|11101000|11101000|11101000|10101010|10101010|10101010|10101010|10101010|10011010|10011010|10011010|10011010|10011010|10001110|10001110|10001110,2,1
4,9,perturb,B3p1,0.7699681520462036,0.49798807816071433,0.6971791416803537,16680.45703125,20120.0,0.09412650763988495,0.4023253917694092,0.21321424841880798,0.06030195951461792,7,6,3,4,B3,B,6,6,0,11101000|11101000|11101000|11101000|11101000|11101000|11101000|11101000|10101010|10101010|10101010|10101010|10011010|10011010|10011010|10011010|10011010|10011010|10001110|10001110,3,4
4,10,random,R0.0,0.9716383814811707,0.46209052517135596,0.7719944651651689,15020.0,15020.0,0.04994434118270874,0.40388795733451843,0.5178060531616211,0.0,17,0,1,1,,,,0,,11001100|11001100|11001100|11001100|11001100|11001100|11001100|11001100|11001100|11001100|11001100|11001100|11001100|11001100|11001100|11001100|11001100|11001100|11001100|11001100,7,5
4,11,random,R0.0,1.0641231536865234,0.4343043936098223,0.8340096229605909,16500.0,16500.0,0.04907144978642464,0.4667865037918091,0.5482651591300964,0.0,18,0,1,1,,,,0,,10101001|10101001|10101001|10101001|10101001|10101001|10101001|10101001|10101001|10101001|10101001|10101001|10101001|10101001|10101001|10101001|10101001|10101001|10101001|10101001,10,9
4,12,random,R0.1,1.1650172472000122,0.38860736658645456,0.9451857854854463,18443.078125,20500.0,0.049541596323251724,0.5373677015304565,0.5178060531616211,0.06030195951461792,17,6,2,4,,,,6,,00011101|00011101|00011101|01011001|01011001|01011001|01011001|01011001|01011001|01011001|11010001|11010001|11010001|11000101|11000101|11000101|11000101|11000101|11000101|11000101,11,12
4,13,random,R0.1,1.0562533140182495,0.40772011929894636,0.8971743220817855,17730.76953125,19400.0,0.052935246378183365,0.46602779626846313,0.4568876624107361,0.08040261268615723,15,8,3,5,,,,8,,01011001|01011001|01011001|01011001|11011000|11011000|11011000|11011000|11011000|11010100|11010100|11010100|10011100|10011100|10011100|10011100|10011100|10011010|10011010|10011010,9,10
4,14,random,R0.5,1.3121434450149536,0.3694707871476658,0.9956836022127882,22307.69140625,24300.0,0.051668040454387665,0.64278244972229,0.4568876624107361,0.16080522537231445,15,16,4,9,,,,16,,01010101|01110100|01110100|10110100|10011100|10011100|10001110|00011110|00011110|10011100|10001101|10001101|10001101|10001101|10011100|10011100|10011100|10011100|10011100|10011100,12,14
4,15,random,R0.5,1.3856513500213623,0.3505138295342601,1.0483551166974092,24797.447265625,28500.0,0.07259925454854965,0.7769945859909058,0.33505094051361084,0.20100653171539307,11,20,2,11,,,,20,,00111100|01110100|01110100|01111000|01111000|01111000|01111000|11011000|11011000|01011010|01001011|01001011|01001011|01011010|01011010|10011010|10011010|10001110|01001110|00011110,14,16
5,0,baseline,B1,0.7470650672912598,0.5169047112624827,0.6598967323653387,12432.91015625,12720.0,0.04007628187537193,0.3110194504261017,0.39596930146217346,0.0,13,0,2,1,,,0,0,0,01011001|01011001|01011001|01011001|01011001|01011001|01011001|01011001|01011001|01011001|01011001|01011001|01011001|01011001|01011001|01011001|01011001|01011001|01011001|01011001,4,5
5,1,baseline,B2,1.581080675125122,0.3288317809061722,1.1122089632139092,22592.716796875,24020.0,0.03615027293562889,0.85965895652771,0.18275506794452667,0.5025163292884827,6,50,3,16,,,50,50,0,01000111|01000111|00010111|01010011|01010011|01110001|10011001|01001110|10011100|11010010|11010010|01010110|11000011|01100101|11100100|01101100|10011010|10011010|01101010|00111010,16,14
5,2,baseline,B3,0.6029996871948242,0.5763071635055781,0.5511144904491873,10826.5751953125,11500.0,0.05543505772948265,0.25333142280578613,0.2741326093673706,0.020100653171539307,9,2,1,2,,,2,2,0,01110001|01110001|01110001|01110001|01110001|01110001|11010001|11010001|11010001|11010001|11010001|11010001|11010001|11010001|11010001|11010001|11010001|11010001|11010001|11010001,1,1
5,3,baseline,B4,1.0230991840362549,0.44823021973312427,0.8024482952271078,15520.0,15520.0,0.04204140231013298,0.43279245495796204,0.5482651591300964,0.0,18,0,1,1,,,0,0,0,00001111|00001111|00001111|00001111|00001111|00001111|00001111|00001111|00001111|00001111|00001111|00001111|00001111|00001111|00001111|00001111|00001111|00001111|00001111|00001111,11,10
5,4,perturb,B1p0,0.7869275808334351,0.4966518169879531,0.6998660678396901,13000.0,13000.0,0.04138193279504776,0.3191171884536743,0.4264284670352936,0.0,14,0,1,1,B1,C,0,0,0,01110001|01110001|01110001|01110001|01110001|01110001|01110001|01110001|01110001|01110001|01110001|01110001|01110001|01110001|01110001|01110001|01110001|01110001|01110001|01110001,5,6
5,5,perturb,B1p1,0.9121350646018982,0.48897251613180337,0.7154489953162229,14827.6923828125,14720.0,0.04303178936243057,0.41221559047698975,0.4568876624107361,0.0,15,0,2,1,B1,C,0,0,0,01001011|01001011|01001011|01001011|01001011|01001011|01001011|01001011|01001011|01001011|01001011|01001011|01001011|01001011|01001011|01001011|01001011|01001011|01001011|01001011,8,7
5,6,perturb,B2p0,1.574411153793335,0.3223949916347791,1.131977803101906,22834.189453125,24620.0,0.039692457765340805,0.8494473695755005,0.18275506794452667,0.5025163292884827,6,50,3,16,B2,B,50,50,0,01000111|01000111|00010111|01010011|01010011|01110001|10011001|01001110|10011100|11010010|11010010|01010110|11000011|01100101|11100100|01101100|01101100|10011010|01101010|00111010,15,16
5,7,perturb,B2p1,1.565917730331421,0.3241792369674683,1.1264587156319275,22218.8046875,23820.0,0.03240932151675224,0.8275198936462402,0.2436734288930893,0.46231502294540405,8,46,3,15,B2,B,50,46,-4,01000111|01000111|00010111|01010011|01010011|01110001|10011001|01001110|10011100|11010010|11010010|01010110|11000011|01100101|11100100|01101100|10011010|10011010|10011010|00111010,14,15
5,8,perturb,B3p0,0.6369394063949585,0.5479330322966927,0.601602203339771,11248.294921875,12500.0,0.05351104214787483,0.2587359547615051,0.3045917749404907,0.020100653171539307,10,2,1,2,B3,B,2,2,0,01110001|01110001|01110001|01110001|01110001|01110001|01110001|11010001|11010001|11010001|11010001|11010001|11010001|11010001|11010001|11010001|11010001|11010001|11010001|11010001,2,3
5,9,perturb,B3p1,0.6557657718658447,0.550723299117501,0.5965227754236283,11574.724609375,12500.0,0.05417519435286522,0.2768981456756592,0.3045917749404907,0.020100653171539307,10,2,1,2,B3,B,2,2,0,01110001|01110001|01110001|01110001|01110001|11010001|11010001|11010001|11010001|11010001|11010001|11010001|11010001|11010001|11010001|11010001|11010001|11010001|11010001|11010001,3,2
5,10,random,R0.0,0.7946862578392029,0.48635568329303125,0.7208150641319387,12520.0,13480.0,0.03769321367144585,0.30010539293289185,0.45688769221305847,0.0,15,0,3,1,,,,0,,01010011|01010011|01010011|01010011|01010011|01010011|01010011|01010011|01010011|01010011|01010011|01010011|01010011|01010011|01010011|01010011|01010011|01010011|01010011|01010011,6,8
5,11,random,R0.0,0.9232128858566284,0.43126694301304863,0.8410280232621268,13413.9130859375,13840.0,0.027624700218439102,0.3168637752532959,0.5787243843078613,0.0,19,0,2,1,,,,0,,01010110|01010110|01010110|01010110|01010110|01010110|01010110|01010110|01010110|01010110|01010110|01010110|01010110|01010110|01010110|01010110|01010110|01010110|01010110|01010110,9,11
5,12,random,R0.1,0.8074811100959778,0.5331871868194669,0.6288827216875058,13827.6923828125,13720.0,0.06322106719017029,0.4092090427875519,0.33505094051361084,0.0,11,0,0,1,,,,0,,10011010|10011010|10011010|10011010|10011010|10011010|10011010|10011010|10011010|10011010|10011010|10011010|10011010|10011010|10011010|10011010|10011010|10011010|10011010|10011010,7,4
5,13,random,R0.1,1.0207637548446655,0.45968367339907606,0.7772166925738198,15540.0,15840.0,0.046235326677560806,0.5078985691070557,0.4264284670352936,0.04020130634307861,14,4,3,3,,,,4,,01100101|01100101|01100101|01100101|01100101|01100101|01100101|01100101|00100111|00100111|00100111|00100111|00100111|00100111|10100110|10100110|10100110|10100110|10100110|10100110,10,9
5,14,random,R0.5,1.4664102792739868,0.33006370182600897,1.10846960731424,24121.736328125,26600.0,0.03925637900829315,0.799718976020813,0.4264284670352936,0.20100653171539307,14,20,5,11,,,,20,,11010010|11010010|10010011|10010011|10010101|10011100|00111100|01111000|01111000|01101001|01101001|01101001|01101001|00101101|00101101|00111100|00110110|00110110|00110110|00111010,13,13
5,15,random,R0.5,1.1142793893814087,0.36808435296654374,0.9994431470623186,19000.0,21800.0,0.03692631423473358,0.4998615086078644,0.4568876326084137,0.12060391902923584,15,12,2,7,,,,12,,00111001|00111001|00111001|00111001|01111000|01111000|01111000|01111000|01111000|01110010|11110000|11010001|11010001|11010001|11010001|11010001|11011000|11011000|01011100|01011100,12,12
6,0,baseline,B1,0.9012107253074646,0.48702040901038884,0.7194492491587787,15524.814453125,15240.0,0.03668846935033798,0.4076344668865204,0.4568876624107361,0.0,15,0,2,1,,,0,0,0,01010101|01010101|01010101|01010101|01010101|01010101|01010101|01010101|01010101|01010101|01010101|01010101|01010101|01010101|01010101|01010101|01010101|01010101|01010101|01010101,2,5
6,1,baseline,B2,1.4585685729980469,0.38652779049677727,0.9505515105724727,23709.904296875,25300.0,0.0469302199780941,0.8871723413467407,0.18275506794452667,0.3417111039161682,6,34,6,15,,,34,34,0,00001111|01000111|10000111|11000011|11000101|01001101|01001101|01001101|00011101|10011001|01010101|01010110|01010011|01010011|01010011|01110001|10010011|10010011|01010011|10110001,13,12
6,2,baseline,B3,0.9380420446395874,0.5118168970768109,0.6697883408018013,17823.615234375,18500.0,0.0925665870308876,0.5817013382911682,0.2436734288930893,0.020100653171539307,8,2,2,2,,,2,2,0,11100010|11100010|11100010|11100010|11100010|11100010|11100010|11100010|11100010|11100010|11100010|11100010|11100010|01101010|01101010|01101010|01101010|01101010|01101010|01101010,4,1
6,3,baseline,B4,1.1304104328155518,0.4119048670417546,0.8869628615337893,17520.0,17520.0,0.047607582062482834,0.5040784478187561,0.5787243843078613,0.0,19,0,1,1,,,0,0,0,00001111|00001111|00001111|00001111|00001111|00001111|00001111|00001111|00001111|00001111|00001111|00001111|00001111|00001111|00001111|00001111|00001111|00001111|00001111|00001111,9,8
6,4,perturb,B1p0,0.861953854560852,0.49120984550966384,0.7108838585600462,14969.23046875,14400.0,0.03771607205271721,0.36735010147094727,0.4568876624107361,0.0,15,0,1,1,B1,C,0,0,0,11010001|11010001|11010001|11010001|11010001|11010001|11010001|11010001|11010001|11010001|11010001|11010001|11010001|11010001|11010001|11010001|11010001|11010001|11010001|11010001,1,3
6,5,perturb,B1p1,1.131946325302124,0.40533841530489734,0.9030329674439387,16904.615234375,16720.0,0.037536539137363434,0.4547668993473053,0.6396427154541016,0.0,21,0,0,1,B1,C,0,0,0,01010110|01010110|01010110|01010110|01010110|01010110|01010110|01010110|01010110|01010110|01010110|01010110|01010110|01010110|01010110|01010110|01010110|01010110|01010110|01010110,10,9
6,6,perturb,B2p0,1.4850611686706543,0.37425992491848087,0.9828047365457759,24248.365234375,25300.0,0.04422127455472946,0.8859145641326904,0.21321424841880798,0.3417111039161682,7,34,6,15,B2,B,34,34,0,00001111|01000111|10000111|11000011|11000101|01001101|01001101|01001101|00011101|10011001|01010101|01010110|01010011|01010011|01010011|01110001|10010011|01010011|01010011|10110001,14,13
6,7,perturb,B2p1,1.3989681005477905,0.39655072601120817,0.9249513116356515,22709.904296875,24900.0,0.0469302199780941,0.8476722836494446,0.18275506794452667,0.3216104507446289,6,32,7,14,B2,B,34,32,-2,01000111|01000111|10000111|11000011|11000101|01001101|01001101|01001101|00011101|10011001|01010101|01010110|01010011|01010011|01010011|01110001|10010011|10010011|01010011|10110001,12,10
6,8,perturb,B3p0,1.000716209411621,0.4884854283873536,0.7164456372433758,18323.615234375,18500.0,0.08563003689050674,0.5903936624526978,0.3045917749404907,0.020100653171539307,10,2,2,2,B3,B,2,2,0,11100010|11100010|11100010|11100010|11100010|11100010|11100010|11100010|11100010|11100010|11100010|11100010|11100010|11100010|01101010|01101010|01101010|01101010|01101010|01101010,6,4
6,9,perturb,B3p1,0.9864081144332886,0.4829637229755833,0.7278137358612974,17823.615234375,18500.0,0.0848604291677475,0.5768551826477051,0.3045917749404907,0.020100653171539307,10,2,2,2,B3,B,2,2,0,11100010|11100010|11100010|11100010|11100010|11100010|11100010|11100010|11100010|11100010|11100010|11100010|01101010|01101010|01101010|01101010|01101010|01101010|01101010|01101010,5,6
6,10,random,R0.0,1.0630143880844116,0.4321866020103033,0.8388978349032584,16887.4921875,16400.0,0.03944139555096626,0.44484856724739075,0.5787243843078613,0.0,19,0,1,1,,,,0,,11110000|11110000|11110000|11110000|11110000|11110000|11110000|11110000|11110000|11110000|11110000|11110000|11110000|11110000|11110000|11110000|11110000|11110000|11110000|11110000,7,7
6,11,random,R0.0,0.9303297996520996,0.49882406254336725,0.6955018254749987,16063.275390625,15920.0,0.05982676520943642,0.47453373670578003,0.39596930146217346,0.0,13,0,2,1,,,,0,,01011100|01011100|01011100|01011100|01011100|01011100|01011100|01011100|01011100|01011100|01011100|01011100|01011100|01011100|01011100|01011100|01011100|01011100|01011100|01011100,3,2
6,12,random,R0.1,1.2535144090652466,0.3693128877297092,0.9961110600078918,21000.0,21500.0,0.06273713707923889,0.6126692295074463,0.5178059935569763,0.06030195951461792,17,6,0,4,,,,6,,00111001|00111001|00111001|00111001|00111001|00111001|00101011|00101011|00101110|00101110|00101110|00101101|00101101|00101101|00101101|00101101|00101101|00101101|00101101|00101101,11,14
6,13,random,R0.1,1.1193445920944214,0.3926381252850284,0.9348668921118092,17538.4609375,17800.0,0.04727397486567497,0.49334609508514404,0.5787243843078613,0.0,19,0,2,1,,,,0,,10001011|10001011|10001011|10001011|10001011|10001011|10001011|10001011|10001011|10001011|10001011|10001011|10001011|10001011|10001011|10001011|10001011|10001011|10001011|10001011,8,11
6,14,random,R0.5,1.8224177360534668,0.2527884006141524,1.3752025014086704,29020.0,30000.0,0.03563429415225983,0.9059326648712158,0.6396426558494568,0.24120783805847168,21,24,2,13,,,,24,,00111100|00111100|10111000|10111000|11101000|01101001|01101001|00101101|00001111|10001101|10100101|10100101|01100101|01100110|01100110|11000110|11000110|11000110|11001100|10101100,16,16
6,15,random,R0.5,1.4991601705551147,0.3055541458330365,1.1856282793057176,27538.4609375,28000.0,0.059496838599443436,0.7513099908828735,0.4873468279838562,0.20100653171539307,16,20,2,11,,,,20,,00010111|10010101|10010101|01010101|01010101|01011100|00011110|00011110|01001110|01001110|10001110|10001110|10001110|10001110|10001011|10001011|11001010|11001010|01001011|00011011,15,15
7,0,baseline,B1,0.9029477834701538,0.46260496879594293,0.770881788222286,14443.0771484375,14720.0,0.036270614713430405,0.348871111869812,0.5178059935569763,0.0,17,0,4,1,,,0,0,0,10011100|10011100|10011100|10011100|10011100|10011100|10011100|10011100|10011100|10011100|10011100|10011100|10011100|10011100|10011100|10011100|10011100|10011100|10011100|10011100,5,5
7,1,baseline,B2,1.4567705392837524,0.3274749008282376,1.1163438655361293,21920.0,24840.0,0.036943741142749786,0.7534233331680298,0.3045917749404907,0.3618117570877075,10,36,4,13,,,36,36,0,00100111|11010010|01001110|10001110|00011011|00011011|00101110|00101110|00101110|10001110|11001100|11001100|10010101|10010101|10001101|11000101|11000101|11000101|10010101|10000111,14,13
7,2,baseline,B3,0.8524668216705322,0.5123683843337055,0.6687114120073644,17020.0,17520.0,0.069676972925663,0.4989151358604431,0.2436734288930893,0.04020130634307861,8,4,3,3,,,4,4,0,11101000|11101000|11101000|11101000|11101000|11101000|11101000|11101000|11101000|11011000|11011000|11011000|11011000|11011000|11001010|11001010|11001010|11001010|11001010|11001010,2,2
7,3,baseline,B4,0.8395079374313354,0.48478254260895903,0.7240548543453579,13461.5390625,13200.0,0.04410143196582794,0.33851873874664307,0.4568876624107361,0.0,15,0,2,1,,,0,0,0,00001111|00001111|00001111|00001111|00001111|00001111|00001111|00001111|00001111|00001111|00001111|00001111|00001111|00001111|00001111|00001111|00001111|00001111|00001111|00001111,1,4
7,4,perturb,B1p0,0.8766224384307861,0.4474489681109922,0.8041927855108241,13509.833984375,14800.0,0.037811554968357086,0.3210047781467438,0.5178060531616211,0.0,17,0,2,1,B1,C,0,0,0,10001110|10001110|10001110|10001110|10001110|10001110|10001110|10001110|10001110|10001110|10001110|10001110|10001110|10001110|10001110|10001110|10001110|10001110|10001110|10001110,4,7
7,5,perturb,B1p1,0.9578408002853394,0.4521258328789756,0.7937947465684131,16090.1103515625,15400.0,0.04124493896961212,0.42924898862838745,0.4873468279838562,0.0,16,0,2,1,B1,C,0,0,0,11001100|11001100|11001100|11001100|11001100|11001100|11001100|11001100|11001100|11001100|11001100|11001100|11001100|11001100|11001100|11001100|11001100|11001100|11001100|11001100,8,6
7,6,perturb,B2p0,1.4718443155288696,0.31292512086695007,1.1617913475191828,21920.0,25540.0,0.03540452942252159,0.7395771741867065,0.3350509703159332,0.3618117570877075,11,36,4,13,B2,B,36,36,0,00100111|11010010|01001110|10001110|00011011|00011011|00101110|00101110|00101110|10001110|10001110|11001100|10010101|10010101|10001101|11000101|11000101|11000101|10010101|10000111,15,14
7,7,perturb,B2p1,1.3765233755111694,0.33731989466144285,1.086723556556538,20920.0,23840.0,0.040801871567964554,0.6894187331199646,0.3045917749404907,0.3417111039161682,10,34,4,12,B2,B,36,34,-2,00100111|11010010|11010010|10001110|00011011|00011011|00101110|00101110|00101110|10001110|11001100|11001100|10010101|10010101|10001101|11000101|11000101|11000101|10010101|10000111,12,12
7,8,perturb,B3p0,0.8524668216705322,0.5125634611926957,0.6683307489180139,17020.0,17520.0,0.069676972925663,0.4989151358604431,0.2436734288930893,0.04020130634307861,8,4,3,3,B3,B,4,4,0,11101000|11101000|11101000|11101000|11101000|11101000|11101000|11101000|11011000|11011000|11011000|11011000|11011000|11011000|11001010|11001010|11001010|11001010|11001010|11001010,3,1
7,9,perturb,B3p1,0.9251410961151123,0.48531115647623757,0.7229650340113077,17020.0,17520.0,0.06312522292137146,0.5172228217124939,0.3045917749404907,0.04020130634307861,10,4,3,3,B3,B,4,4,0,11101000|11101000|11101000|11101000|11101000|11101000|11101000|11101000|11101000|11101000|11011000|11011000|11011000|11011000|11001010|11001010|11001010|11001010|11001010|11001010,6,3
7,10,random,R0.0,0.9456627368927002,0.43800524553958,0.8255243925596415,14366.154296875,14520.0,0.0413384810090065,0.3560589849948883,0.5482651591300964,0.0,18,0,3,1,,,,0,,10010011|10010011|10010011|10010011|10010011|10010011|10010011|10010011|10010011|10010011|10010011|10010011|10010011|10010011|10010011|10010011|10010011|10010011|10010011|10010011,7,8
7,11,random,R0.0,1.00382661819458,0.414265217326276,0.8812488887061676,15040.0,15040.0,0.03751835972070694,0.38758385181427,0.5787243843078613,0.0,19,0,2,1,,,,0,,10111000|10111000|10111000|10111000|10111000|10111000|10111000|10111000|10111000|10111000|10111000|10111000|10111000|10111000|10111000|10111000|10111000|10111000|10111000|10111000,9,9
7,12,random,R0.1,1.0635747909545898,0.394162705567062,0.9309914966359759,18000.0,18200.0,0.044797223061323166,0.4607703685760498,0.5178060531616211,0.04020130634307861,17,4,2,3,,,,4,,01010101|01010101|01010101|01010101|01010101|01010101|01010101|01010101|01010101|01010101|01010101|01010101|01010101|01011100|01011100|01011100|01011100|01010101|01010101|01010101,10,10
7,13,random,R0.1,1.1813700199127197,0.3801168553075108,0.9672765595673007,18020.0,18020.0,0.052181269973516464,0.5407223105430603,0.5482651591300964,0.04020130634307861,18,4,0,3,,,,4,,11100010|11100010|11100010|11100010|11100010|11100010|11100010|11100010|11100010|11100010|11100010|11100010|11100010|11100010|10101010|10101010|10110010|10110010|10110010|10110010,11,11
7,14,random,R0.5,1.8094600439071655,0.23291481740616754,1.457082482792417,27769.23046875,31000.0,0.03439396619796753,0.9246745705604553,0.6091836094856262,0.24120783805847168,20,24,1,13,,,,24,,01001101|00001111|00010111|01010110|00011110|01001110|01001110|01001110|01101100|01100110|01100110|11100100|11100100|11000101|11100001|11100001|01101001|01001101|01001101|01001101,16,16
7,15,random,R0.5,1.4522563219070435,0.3020957847311716,1.1970111439103879,23610.109375,25320.0,0.04774026945233345,0.7259047031402588,0.5178059935569763,0.16080522537231445,17,16,1,9,,,,16,,10101100|10101100|10101100|10101100|10011100|10011100|10011100|10011100|10010101|10010101|10010101|10010101|10110001|10100101|11000101|10001101|11001100|11001100|01101100|01101100,13,15
8,0,baseline,B1,0.3867626190185547,0.7521213461940366,0.2848576034304376,6267.826171875,6520.0,0.016256168484687805,0.1572921723127365,0.21321424841880798,0.0,7,0,1,1,,,0,0,0,10101001|10101001|10101001|10101001|10101001|10101001|10101001|10101001|10101001|10101001|10101001|10101001|10101001|10101001|10101001|10101001|10101001|10101001|10101001|10101001,3,3
8,1,baseline,B2,0.887854278087616,0.5926940776861199,0.5230769023318715,14749.431640625,16820.0,0.02119584195315838,0.5450479388237,0.0,0.3216104507446289,0,32,3,13,,,32,32,0,00010111|11100001|11110000|11101000|11101000|00110110|10100110|10100110|10100110|11100010|10101010|10101001|10101001|10101001|10101001|10101001|11001001|11010001|11001001|10101001,15,14
8,2,baseline,B3,0.34467095136642456,0.796971603764416,0.2269362297295122,6681.60546875,6400.0,0.0245389211922884,0.19829532504081726,0.12183671444654465,0.0,4,0,2,1,,,0,0,0,11101000|11101000|11101000|11101000|11101000|11101000|11101000|11101000|11101000|11101000|11101000|11101000|11101000|11101000|11101000|11101000|11101000|11101000|11101000|11101000,2,1
8,3,baseline,B4,0.5643489360809326,0.6914763396155869,0.36892634449222594,8540.0,8540.0,0.016727156937122345,0.24302999675273895,0.3045917749404907,0.0,10,0,0,1,,,0,0,0,00001111|00001111|00001111|00001111|00001111|00001111|00001111|00001111|00001111|00001111|00001111|00001111|00001111|00001111|00001111|00001111|00001111|00001111|00001111|00001111,8,7
8,4,perturb,B1p0,0.581200361251831,0.6648520243802619,0.40819078281640053,9020.0,9020.0,0.016796890646219254,0.25981175899505615,0.3045917749404907,0.0,10,0,0,1,B1,C,0,0,0,10011001|10011001|10011001|10011001|10011001|10011001|10011001|10011001|10011001|10011001|10011001|10011001|10011001|10011001|10011001|10011001|10011001|10011001|10011001|10011001,9,8
8,5,perturb,B1p1,0.47311949729919434,0.7419506896020909,0.29847249408493065,8520.0,8620.0,0.026081006973981857,0.2642834782600403,0.18275506794452667,0.0,6,0,1,1,B1,C,0,0,0,10111000|10111000|10111000|10111000|10111000|10111000|10111000|10111000|10111000|10111000|10111000|10111000|10111000|10111000|10111000|10111000|10111000|10111000|10111000|10111000,4,4
8,6,perturb,B2p0,0.8282536268234253,0.6297747187671433,0.462393112805346,13749.431640625,14600.0,0.02119584195315838,0.5055479407310486,0.0,0.3015097975730896,0,30,1,12,B2,B,32,30,-2,00010111|11100001|11110000|11101000|11101000|00110110|10100110|10100110|10100110|10101010|10101010|10101001|10101001|10101001|10101001|10101001|11001001|11010001|11001001|10101001,14,11
8,7,perturb,B2p1,0.8885855674743652,0.582352178274879,0.5406798969495661,14549.431640625,16600.0,0.020195353776216507,0.516320526599884,0.030459178611636162,0.3216104507446289,1,32,3,12,B2,B,32,32,0,00010111|11100001|11110000|11101000|11101000|00110110|10100110|10100110|10100110|11100010|10101010|10101001|10101001|10101001|10101001|10101001|11001001|11010001|10101001|10101001,16,15
8,8,perturb,B3p0,0.3408077359199524,0.7917572445309287,0.23350044358197322,6201.60546875,5920.0,0.019926510751247406,0.16858531534671783,0.15229588747024536,0.0,5,0,1,1,B3,C,0,0,0,10101010|10101010|10101010|10101010|10101010|10101010|10101010|10101010|10101010|10101010|10101010|10101010|10101010|10101010|10101010|10101010|10101010|10101010|10101010|10101010,1,2
8,9,perturb,B3p1,0.5575472712516785,0.655997676243312,0.42159803235634646,8520.0,8520.0,0.013915487565100193,0.23904001712799072,0.3045917749404907,0.0,10,0,1,1,B3,C,0,0,0,11110000|11110000|11110000|11110000|11110000|11110000|11110000|11110000|11110000|11110000|11110000|11110000|11110000|11110000|11110000|11110000|11110000|11110000|11110000|11110000,7,10
8,10,random,R0.0,0.522692084312439,0.7230203075304813,0.3243179693471773,9500.0,9500.0,0.03169356659054756,0.3082434833049774,0.18275506794452667,0.0,6,0,1,1,,,,0,,10010110|10010110|10010110|10010110|10010110|10010110|10010110|10010110|10010110|10010110|10010110|10010110|10010110|10010110|10010110|10010110|10010110|10010110|10010110|10010110,6,5
8,11,random,R0.0,0.5107576847076416,0.7195573585912517,0.3291190357609582,8520.0,8520.0,0.03015347756445408,0.26739001274108887,0.21321424841880798,0.0,7,0,0,1,,,,0,,01011010|01011010|01011010|01011010|01011010|01011010|01011010|01011010|01011010|01011010|01011010|01011010|01011010|01011010|01011010|01011010|01011010|01011010|01011010|01011010,5,6
8,12,random,R0.1,0.61444491147995,0.6602668624650201,0.4151111886156578,11500.0,13000.0,0.034105103462934494,0.35738348960876465,0.18275506794452667,0.04020130634307861,6,4,1,3,,,,4,,10001101|10001101|10001101|10001101|10011100|10011100|10011100|10011100|10011100|10011100|10011100|10011100|10110100|10110100|10110100|10110100|10110100|10110100|10110100|10110100,10,9
8,13,random,R0.1,0.6402024030685425,0.5929684102400486,0.5226141524994062,11020.0,12540.0,0.02113933302462101,0.2742699980735779,0.3045917749404907,0.04020130634307861,10,4,0,3,,,,4,,10010011|11010001|11010001|11010001|11010001|11010001|11010001|11010001|11010001|11010001|11010001|11010001|11010001|11010001|11010001|11010001|11010001|10110001|10110001|10110001,11,13
8,14,random,R0.5,0.7476144433021545,0.6000337653204824,0.5107693498152619,12873.9130859375,15100.0,0.018656929954886436,0.41524001955986023,0.21321424841880798,0.10050326585769653,7,10,3,6,,,,10,,11000011|11000011|11100010|11100010|11100010|11100010|11100001|11100001|10110001|01110001|10110001|10110001|10110001|10110001|10110001|10110001|10110001|10110001|10110001|10110001,12,12
8,15,random,R0.5,0.7990832328796387,0.5681367773694636,0.5653930840219821,13327.6923828125,17000.0,0.014924074523150921,0.37906402349472046,0.3045917749404907,0.10050326585769653,10,10,1,6,,,,10,,00011110|00011110|00011110|00011110|00011110|00011110|00101110|00101110|00101110|00111010|00111010|00111010|00111010|10101010|10100011|10100110|10100110|10100110|10100110|10100110,13,16
9,0,baseline,B1,0.8195770382881165,0.5080783760855085,0.67711955967126,13155.384765625,13540.0,0.037818532437086105,0.3553299903869629,0.4264284670352936,0.0,14,0,2,1,,,0,0,0,01110100|01110100|01110100|01110100|01110100|01110100|01110100|01110100|01110100|01110100|01110100|01110100|01110100|01110100|01110100|01110100|01110100|01110100|01110100|01110100,1,4
9,1,baseline,B2,1.4000169038772583,0.33277053565864595,1.100302108634059,21775.05859375,24600.0,0.034906961023807526,0.7401405572891235,0.18275506794452667,0.44221436977386475,6,44,5,15,,,44,44,0,00001111|01010101|01110001|01110001|01110001|10110001|01010101|01010101|01010101|10110001|11011000|00111100|10011100|10000111|00101011|01110010|01110010|00110110|00111010|00110110,15,14
9,2,baseline,B3,0.8313242197036743,0.567280846526423,0.5669007777324977,15884.615234375,16000.0,0.0803096741437912,0.5481588244438171,0.18275506794452667,0.020100653171539307,6,2,1,2,,,2,2,0,10001110|10001110|10001110|10001110|10001110|10001110|10001110|10001110|10001110|10001110|10001110|10001110|10001110|01001110|01001110|01001110|01001110|01001110|01001110|01001110,2,1
9,3,baseline,B4,0.9112128019332886,0.47203282523663914,0.750706750821843,14884.615234375,14700.0,0.05038315802812576,0.4344012141227722,0.4264284670352936,0.0,14,0,2,1,,,0,0,0,00001111|00001111|00001111|00001111|00001111|00001111|00001111|00001111|00001111|00001111|00001111|00001111|00001111|00001111|00001111|00001111|00001111|00001111|00001111|00001111,8,8
9,4,perturb,B1p0,0.9070212841033936,0.49912688086607326,0.6948949452791335,14807.6923828125,14700.0,0.03520675748586655,0.4149269163608551,0.4568876624107361,0.0,15,0,2,1,B1,C,0,0,0,01110010|01110010|01110010|01110010|01110010|01110010|01110010|01110010|01110010|01110010|01110010|01110010|01110010|01110010|01110010|01110010|01110010|01110010|01110010|01110010,7,6
9,5,perturb,B1p1,0.8985973596572876,0.49837235929697654,0.696407771921239,14807.6923828125,14700.0,0.044577933847904205,0.427590936422348,0.42642849683761597,0.0,14,0,1,1,B1,C,0,0,0,01100110|01100110|01100110|01100110|01100110|01100110|01100110|01100110|01100110|01100110|01100110|01100110|01100110|01100110|01100110|01100110|01100110|01100110|01100110|01100110,6,7
9,6,perturb,B2p0,1.4123928546905518,0.3187736753681918,1.1432739096028863,21775.05859375,25100.0,0.034306600689888,0.7226576209068298,0.21321424841880798,0.44221436977386475,7,44,5,15,B2,B,44,44,0,00001111|01010101|01110001|01110001|01110001|10110001|01010101|01010101|10110001|10110001|11011000|00111100|10011100|10000111|00101011|01110010|01110010|00110110|00111010|00110110,16,15
9,7,perturb,B2p1,1.3823753595352173,0.33518268233348814,1.0930795753917344,21467.3671875,23800.0,0.03336775302886963,0.7136796712875366,0.21321424841880798,0.42211371660232544,7,42,4,14,B2,B,44,42,-2,00001111|01010101|01110001|01110001|01110001|10110001|01010101|01010101|01010101|10110001|11011000|00111100|10011100|10000111|00101011|01110010|01110010|00110110|00111010|00111010,13,13
9,8,perturb,B3p0,0.856770932674408,0.5566600974446906,0.5858004633066402,15884.615234375,15700.0,0.07529714703559875,0.5481588244438171,0.21321424841880798,0.020100653171539307,7,2,1,2,B3,B,2,2,0,10001110|10001110|10001110|10001110|10001110|10001110|10001110|10001110|10001110|10001110|10001110|10001110|10001110|10001110|01001110|01001110|01001110|01001110|01001110|01001110,3,2
9,9,perturb,B3p1,0.8637962341308594,0.5446639910708444,0.6075862045969951,16500.0,16500.0,0.07838566601276398,0.5520956516265869,0.21321424841880798,0.020100653171539307,7,2,1,2,B3,B,2,2,0,10001110|10001110|10001110|10001110|10001110|10001110|10001110|10001110|10001110|10001110|10001110|10001110|01001110|01001110|01001110|01001110|01001110|01001110|01001110|01001110,5,3
9,10,random,R0.0,0.8627053499221802,0.507499364019179,0.6782598212311592,14327.6923828125,14820.0,0.047451239079236984,0.4192848801612854,0.39596930146217346,0.0,13,0,1,1,,,,0,,11010100|11010100|11010100|11010100|11010100|11010100|11010100|11010100|11010100|11010100|11010100|11010100|11010100|11010100|11010100|11010100|11010100|11010100|11010100|11010100,4,5
9,11,random,R0.0,0.9665048122406006,0.43127320962128934,0.8410134926730947,14520.0,15120.0,0.030274055898189545,0.3879656195640564,0.5482651591300964,0.0,18,0,1,1,,,,0,,10010101|10010101|10010101|10010101|10010101|10010101|10010101|10010101|10010101|10010101|10010101|10010101|10010101|10010101|10010101|10010101|10010101|10010101|10010101|10010101,9,11
9,12,random,R0.1,0.9673457145690918,0.4618557818847911,0.7725025970551348,16000.0,16000.0,0.04832381382584572,0.4828512370586395,0.39596930146217346,0.04020130634307861,13,4,1,3,,,,4,,01001101|01101001|01101001|01101001|01001011|01001011|01001011|01001011|01001011|01001011|01001011|01001011|01001011|01001011|01001011|01001011|01001011|01001011|01001011|01001011,10,10
9,13,random,R0.1,0.9883934259414673,0.46448218219085574,0.7668320805794617,15576.9228515625,15700.0,0.03873128071427345,0.4830322861671448,0.4264284670352936,0.04020130634307861,14,4,2,3,,,,4,,00101011|00101011|00101011|00101011|00011011|00011011|00011110|00011110|00011110|00011110|00011110|00011110|00011110|00011110|00011110|00011110|00011110|00011110|00011110|00011110,11,9
9,14,random,R0.5,1.2252830266952515,0.37388023242094776,0.9838197670221047,21073.521484375,25800.0,0.06021448224782944,0.6996715664863586,0.3045917749404907,0.16080522537231445,10,16,1,9,,,,16,,11001010|11001010|11101000|11001001|11001001|11001001|11011000|11011000|11101000|11101000|10101001|10101001|10101001|10110001|10110001|10110001|01110001|01011001|01011001|01011001,12,12
9,15,random,R0.5,1.3994760513305664,0.3080565251884974,1.177471989507633,25269.23046875,28500.0,0.05456244945526123,0.7582962512969971,0.36551010608673096,0.22110718488693237,12,22,0,12,,,,22,,11100010|01100011|01100101|01100101|01100101|01100011|01100011|01100011|01100011|00101011|00101011|00101011|00101110|10001110|10000111|10001011|01001011|01001011|10001011|00101011,14,16
10,0,baseline,B1,0.8097706437110901,0.49423619029781385,0.7047417580444432,12786.1533203125,12940.0,0.04036720097064972,0.3429749310016632,0.42642849683761597,0.0,14,0,1,1,,,0,0,0,10011010|10011010|10011010|10011010|10011010|10011010|10011010|10011010|10011010|10011010|10011010|10011010|10011010|10011010|10011010|10011010|10011010|10011010|10011010|10011010,4,8
10,1,baseline,B2,0.9546816349029541,0.5208206907133015,0.6523494601647655,16472.57421875,18500.0,0.04253042861819267,0.6100249886512756,0.060918357223272324,0.24120783805847168,2,24,5,11,,,24,24,0,00001111|01001011|01010011|01100011|01100011|10000111|10000111|10000111|10000111|10000111|00101110|00011110|00011110|01011010|01111000|11101000|10111000|10111000|10111000|10111000,11,6
10,2,baseline,B3,0.7690517902374268,0.582217231906363,0.5409116501931944,15874.369140625,16520.0,0.07838115841150284,0.528632640838623,0.12183671444654465,0.04020130634307861,4,4,3,3,,,4,4,0,00001111|00001111|00001111|10000111|10000111|10000111|10000111|10000111|10000111|10000111|01000111|01000111|01000111|01000111|01000111|01000111|01000111|01000111|01000111|01000111,2,1
10,3,baseline,B4,0.8810172080993652,0.49374110418522305,0.7057439797691653,15481.5390625,15820.0,0.04791591316461563,0.4675910770893097,0.36551013588905334,0.0,12,0,2,1,,,0,0,0,00001111|00001111|00001111|00001111|00001111|00001111|00001111|00001111|00001111|00001111|00001111|00001111|00001111|00001111|00001111|00001111|00001111|00001111|00001111|00001111,6,9
10,4,perturb,B1p0,0.7007940411567688,0.5690230771097899,0.5638342883675287,12324.615234375,11540.0,0.05152272433042526,0.34467950463294983,0.3045917749404907,0.0,10,0,2,1,B1,C,0,0,0,00111010|00111010|00111010|00111010|00111010|00111010|00111010|00111010|00111010|00111010|00111010|00111010|00111010|00111010|00111010|00111010|00111010|00111010|00111010|00111010,1,2
10,5,perturb,B1p1,0.9124158024787903,0.46692194789840485,0.7615931704030593,15000.0,15000.0,0.04401172697544098,0.44197559356689453,0.4264284670352936,0.0,14,0,1,1,B1,C,0,0,0,10010011|10010011|10010011|10010011|10010011|10010011|10010011|10010011|10010011|10010011|10010011|10010011|10010011|10010011|10010011|10010011|10010011|10010011|10010011|10010011,7,10
10,6,perturb,B2p0,0.945324718952179,0.5107300805656199,0.6719140464059383,16011.03515625,17700.0,0.04022161290049553,0.5725177526473999,0.09137753397226334,0.24120783805847168,3,24,4,10,B2,B,24,24,0,00001111|01001011|01010011|01100011|01100011|10000111|10000111|10000111|10000111|10000111|00101110|00011110|00011110|01011010|01011010|11101000|10111000|10111000|10111000|10111000,9,7
10,7,perturb,B2p1,0.9429758191108704,0.5221719707301066,0.6497582995117482,16472.57421875,18320.0,0.04644839093089104,0.5944011211395264,0.060918357223272324,0.24120783805847168,2,24,5,11,B2,B,24,24,0,00001111|01001011|01010011|01100011|10000111|10000111|10000111|10000111|10000111|10000111|00101110|00011110|00011110|01011010|01111000|11101000|10111000|10111000|10111000|10111000,8,5
10,8,perturb,B3p0,0.8071693181991577,0.5560217376591372,0.5869478889865637,15874.369140625,15920.0,0.07144460827112198,0.5127683877944946,0.18275506794452667,0.04020130634307861,6,4,3,3,B3,B,4,4,0,00001111|00001111|00001111|10000111|10000111|10000111|10000111|10000111|10000111|10000111|10000111|01000111|01000111|01000111|01000111|01000111|01000111|01000111|01000111|01000111,3,3
10,9,perturb,B3p1,0.8208991289138794,0.5534451906509987,0.5915925549506621,15874.369140625,16520.0,0.0718294084072113,0.5261133909225464,0.18275506794452667,0.04020130634307861,6,4,2,3,B3,B,4,4,0,00001111|00001111|10000111|10000111|10000111|10000111|10000111|10000111|10000111|10000111|01000111|01000111|01000111|01000111|01000111|01000111|01000111|01000111|01000111|01000111,5,4
10,10,random,R0.0,0.9905831813812256,0.44419543408606293,0.8114906465344252,16500.0,16500.0,0.04287752881646156,0.49081793427467346,0.45688769221305847,0.0,15,0,1,1,,,,0,,11100001|11100001|11100001|11100001|11100001|11100001|11100001|11100001|11100001|11100001|11100001|11100001|11100001|11100001|11100001|11100001|11100001|11100001|11100001|11100001,12,12
10,11,random,R0.0,0.9502182006835938,0.44787055717648877,0.8032510231907837,15058.4619140625,15040.0,0.04073633626103401,0.4221349358558655,0.4873468279838562,0.0,16,0,2,1,,,,0,,00111100|00111100|00111100|00111100|00111100|00111100|00111100|00111100|00111100|00111100|00111100|00111100|00111100|00111100|00111100|00111100|00111100|00111100|00111100|00111100,10,11
10,12,random,R0.1,1.0719590187072754,0.41250736790662523,0.885501211775099,17000.0,17000.0,0.030473703518509865,0.5340378880500793,0.4873468577861786,0.020100653171539307,16,2,0,2,,,,2,,01100011|01100011|01100011|01100011|01100011|01100011|01100011|01100011|01100011|01100011|01100011|01100011|01100011|01100011|11100001|11100001|11100001|11100001|11100001|11100001,14,13
10,13,random,R0.1,1.0552736520767212,0.4124223517461033,0.885707329117698,19500.0,20100.0,0.0504193976521492,0.548582911491394,0.39596930146217346,0.06030195951461792,13,6,3,4,,,,6,,01001101|01001101|01001110|01001110|01001110|01001110|01001110|01001110|01001110|01001110|00001111|00001111|00001111|00100111|00100111|00100111|00100111|00100111|00100111|00100111,13,14
10,14,random,R0.5,1.3698883056640625,0.3051799164525082,1.1868537862832216,24232.306640625,26820.0,0.04675854369997978,0.7157953381538391,0.42642849683761597,0.18090587854385376,14,18,3,10,,,,18,,00100111|00100111|00100111|01100101|01100101|01100101|01100101|01100101|01100101|11100001|11001001|11001001|11100001|10100011|10000111|10000111|10100110|11100010|11100010|11100001,16,16
10,15,random,R0.5,1.1857632398605347,0.3713285725415425,0.9906679680489501,23000.0,24320.0,0.05214758962392807,0.6481178998947144,0.3045917749404907,0.18090587854385376,10,18,3,10,,,,18,,00111010|00111001|00111001|00111001|00011011|00011011|00111010|01110010|01110100|01110100|01100101|01101100|01101100|01101100|01101100|01101010|01101010|00101011|00101011|00101011,15,15
11,0,baseline,B1,0.6926334500312805,0.6016549613778549,0.5080711518461604,12208.48046875,12120.0,0.029988223686814308,0.32759425044059753,0.3350509703159332,0.0,11,0,3,1,,,0,0,0,10011100|10011100|10011100|10011100|10011100|10011100|10011100|10011100|10011100|10011100|10011100|10011100|10011100|10011100|10011100|10011100|10011100|10011100|10011100|10011100,4,4
11,1,baseline,B2,1.0217710733413696,0.510481988413903,0.6723999242448978,17877.9765625,20200.0,0.040335480123758316,0.6190074682235718,0.060918357223272324,0.3015097975730896,2,30,4,13,,,30,30,0,00001111|00001111|00101101|00101101|00011101|00011101|10010101|11110000|11100100|10011100|10111000|10111000|01101100|11001100|01001110|01001110|11000110|11000110|11010100|11010100,14,13
11,2,baseline,B3,0.5138946175575256,0.687580225937498,0.3745767639766999,10966.3525390625,10900.0,0.04884321615099907,0.2926549017429352,0.15229588747024536,0.020100653171539307,5,2,3,2,,,2,2,0,00011101|00011101|00011101|00011101|00011101|00011101|00011101|00011101|00011101|10011100|10011100|10011100|10011100|10011100|10011100|10011100|10011100|10011100|10011100|10011100,1,1
11,3,baseline,B4,0.8488993644714355,0.5702456003428589,0.5616881331602325,15500.0,15500.0,0.0495910607278347,0.4947165548801422,0.3045917749404907,0.0,10,0,1,1,,,0,0,0,00001111|00001111|00001111|00001111|00001111|00001111|00001111|00001111|00001111|00001111|00001111|00001111|00001111|00001111|00001111|00001111|00001111|00001111|00001111|00001111,8,6
11,4,perturb,B1p0,0.7592024207115173,0.5686941664392537,0.5644124824338739,13966.3525390625,13900.0,0.039488621056079865,0.41512203216552734,0.3045917749404907,0.0,10,0,2,1,B1,C,0,0,0,10011010|10011010|10011010|10011010|10011010|10011010|10011010|10011010|10011010|10011010|10011010|10011010|10011010|10011010|10011010|10011010|10011010|10011010|10011010|10011010,6,7
11,5,perturb,B1p1,0.8496728539466858,0.5298910959869179,0.6350837728196934,14504.814453125,14820.0,0.02944299578666687,0.4242604970932007,0.39596930146217346,0.0,13,0,2,1,B1,C,0,0,0,11011000|11011000|11011000|11011000|11011000|11011000|11011000|11011000|11011000|11011000|11011000|11011000|11011000|11011000|11011000|11011000|11011000|11011000|11011000|11011000,9,11
11,6,perturb,B2p0,0.975371241569519,0.5308828904622155,0.6332138273327798,16877.9765625,18220.0,0.04073560610413551,0.572207510471344,0.060918357223272324,0.3015097975730896,2,30,4,12,B2,B,30,30,0,00001111|00001111|00101101|00101101|00011101|00011101|00011101|11110000|11100100|10011100|10111000|10111000|01101100|11001100|01001110|01001110|11000110|11000110|11010100|11010100,12,10
11,7,perturb,B2p1,0.96550053358078,0.5264443709670249,0.6416096111726147,17504.064453125,18800.0,0.04347753897309303,0.5796955823898315,0.060918357223272324,0.2814091444015503,2,28,2,12,B2,B,30,28,-2,00001111|00001111|00101101|00101101|00011101|00011101|10010101|11110000|11100100|10011100|10111000|10111000|10111000|11001100|01001110|01001110|11000110|11000110|11010100|11010100,11,12
11,8,perturb,B3p0,0.5393412709236145,0.6779324213052763,0.38870766960052183,10966.3525390625,10900.0,0.04383067786693573,0.2926549017429352,0.18275506794452667,0.020100653171539307,6,2,3,2,B3,B,2,2,0,00011101|00011101|00011101|00011101|00011101|00011101|00011101|00011101|10011100|10011100|10011100|10011100|10011100|10011100|10011100|10011100|10011100|10011100|10011100|10011100,2,2
11,9,perturb,B3p1,0.553891122341156,0.6762046524791231,0.3912595084020547,11504.814453125,11700.0,0.046534400433301926,0.30450108647346497,0.18275506794452667,0.020100653171539307,6,2,3,2,B3,B,2,2,0,00011101|00011101|00011101|00011101|00011101|00011101|00011101|00011101|00011101|00011101|10011100|10011100|10011100|10011100|10011100|10011100|10011100|10011100|10011100|10011100,3,3
11,10,random,R0.0,0.6957887411117554,0.5945930177644234,0.5198781112310765,12340.265625,11500.0,0.032332707196474075,0.3284050524234772,0.33505094051361084,0.0,11,0,3,1,,,,0,,00011110|00011110|00011110|00011110|00011110|00011110|00011110|00011110|00011110|00011110|00011110|00011110|00011110|00011110|00011110|00011110|00011110|00011110|00011110|00011110,5,5
11,11,random,R0.0,0.8307104706764221,0.5553710929439963,0.5881187527379875,14203.666015625,13920.0,0.037076614797115326,0.42812374234199524,0.36551010608673096,0.0,12,0,2,1,,,,0,,10111000|10111000|10111000|10111000|10111000|10111000|10111000|10111000|10111000|10111000|10111000|10111000|10111000|10111000|10111000|10111000|10111000|10111000|10111000|10111000,7,8
11,12,random,R0.1,1.0154047012329102,0.4797345143526434,0.7345224231923774,16500.0,16500.0,0.04083235189318657,0.5176845788955688,0.45688769221305847,0.0,15,0,1,1,,,,0,,11000011|11000011|11000011|11000011|11000011|11000011|11000011|11000011|11000011|11000011|11000011|11000011|11000011|11000011|11000011|11000011|11000011|11000011|11000011|11000011,13,14
11,13,random,R0.1,0.8935915231704712,0.5325750240723051,0.6300315010460306,15616.041015625,16000.0,0.05689695477485657,0.4815428853034973,0.33505094051361084,0.020100653171539307,11,2,0,2,,,,2,,11000101|11000101|11000101|11000101|10100101|10100101|10100101|10100101|10100101|10100101|10100101|10100101|10100101|10100101|10100101|10100101|10100101|10100101|10100101|10100101,10,9
11,14,random,R0.5,1.544328212738037,0.3185273826274926,1.1440468339527543,25723.6640625,27020.0,0.028812266886234283,0.817420244216919,0.4568876624107361,0.24120783805847168,15,24,0,13,,,,24,,00010111|10010101|10010011|10010101|10010101|10010101|10010101|00010111|01000111|01001110|11000110|01010110|01010011|01010011|01010011|01010011|10010011|10011001|10011001|11011000,16,16
11,15,random,R0.5,1.1908540725708008,0.4353856221874032,0.8315231528045532,21670.90234375,23120.0,0.05073536932468414,0.7155393958091736,0.2436734139919281,0.18090587854385376,8,18,4,10,,,,18,,01100110|00101110|00101110|00101110|00101110|00101110|00101110|00001111|00001111|10001110|10001110|10001110|01001110|11001010|11001010|11001010|11001001|01101001|11101000|11110000,15,15
12,0,baseline,B1,0.7691157460212708,0.5489937113352912,0.5996682923008881,13213.2568359375,13720.0,0.03928855434060097,0.39477628469467163,0.33505094051361084,0.0,11,0,2,1,,,0,0,0,00011011|00011011|00011011|00011011|00011011|00011011|00011011|00011011|00011011|00011011|00011011|00011011|00011011|00011011|00011011|00011011|00011011|00011011|00011011|00011011,8,6
12,1,baseline,B2,1.2223690748214722,0.4128780906796652,0.884602909547666,18662.109375,23720.0,0.034114811569452286,0.6650208830833435,0.060918357223272324,0.46231502294540405,2,46,7,15,,,46,46,0,00101011|11001010|00101110|10100110|11010010|01001011|01111000|00011110|00011110|00011110|01011100|01011100|10001101|01001101|01001101|00111010|10110010|10011010|10011010|10110010,15,13
12,2,baseline,B3,0.6440203189849854,0.6129270108817642,0.48950941884354526,13500.0,14000.0,0.07115480303764343,0.40046900510787964,0.15229588747024536,0.020100653171539307,5,2,3,2,,,2,2,0,11101000|11101000|11101000|11101000|11101000|11101000|11101000|11101000|11101000|11101000|11101000|11101000|01101100|01101100|01101100|01101100|01101100|01101100|01101100|01101100,3,3
12,3,baseline,B4,0.7190474271774292,0.5611805606722524,0.5777125702129071,12097.8720703125,12420.0,0.04139713570475578,0.3425993323326111,0.3350509703159332,0.0,11,0,1,1,,,0,0,0,00001111|00001111|00001111|00001111|00001111|00001111|00001111|00001111|00001111|00001111|00001111|00001111|00001111|00001111|00001111|00001111|00001111|00001111|00001111|00001111,5,5
12,4,perturb,B1p0,0.7547120451927185,0.542250791113668,0.6120266703298496,12587.169921875,12920.0,0.036662325263023376,0.3525395095348358,0.36551010608673096,0.0,12,0,1,1,B1,C,0,0,0,00011110|00011110|00011110|00011110|00011110|00011110|00011110|00011110|00011110|00011110|00011110|00011110|00011110|00011110|00011110|00011110|00011110|00011110|00011110|00011110,7,7
12,5,perturb,B1p1,1.0078774690628052,0.436793569155486,0.8282945772892026,15020.0,15320.0,0.019166791811585426,0.40998613834381104,0.5787243843078613,0.0,19,0,1,1,B1,C,0,0,0,00101011|00101011|00101011|00101011|00101011|00101011|00101011|00101011|00101011|00101011|00101011|00101011|00101011|00101011|00101011|00101011|00101011|00101011|00101011|00101011,10,10
12,6,perturb,B2p0,1.2179373502731323,0.3964737372336402,0.9251454765861117,18462.109375,23520.0,0.03625638410449028,0.6279883980751038,0.09137753397226334,0.46231502294540405,3,46,7,14,B2,B,46,46,0,00101011|11001010|00101110|10100110|11010010|01001011|01111000|00011110|00011110|00011110|01011100|01011100|10001101|01001101|01001101|01001101|10110010|10011010|10011010|10110010,14,15
12,7,perturb,B2p1,1.1771409511566162,0.43080415441266573,0.8421016902629621,18277.494140625,22600.0,0.037203334271907806,0.6569055318832397,0.060918357223272324,0.42211371660232544,2,42,6,14,B2,B,46,42,-4,00101011|11001010|00101110|10100110|11010010|01111000|01111000|00011110|00011110|00011110|01011100|01011100|10001101|01001101|01001101|00111010|10110010|10011010|10011010|10110010,12,11
12,8,perturb,B3p0,0.6438602209091187,0.6314861812673698,0.4596792198263116,13500.0,13700.0,0.07075467705726624,0.40070900321006775,0.15229588747024536,0.020100653171539307,5,2,3,2,B3,B,2,2,0,11101000|11101000|11101000|11101000|11101000|11101000|11101000|11101000|11101000|11101000|11101000|11101000|11101000|01101100|01101100|01101100|01101100|01101100|01101100|01101100,2,1
12,9,perturb,B3p1,0.6332508325576782,0.615929169158467,0.48462330719227326,13500.0,14000.0,0.070823535323143,0.39003077149391174,0.15229588747024536,0.020100653171539307,5,2,3,2,B3,B,2,2,0,11101000|11101000|11101000|11101000|11101000|11101000|11101000|11101000|11101000|11101000|11101000|01101100|01101100|01101100|01101100|01101100|01101100|01101100|01101100|01101100,1,2
12,10,random,R0.0,0.6961995363235474,0.5797457348557523,0.5451656597416005,11577.8720703125,11300.0,0.04380097612738609,0.31734761595726013,0.33505094051361084,0.0,11,0,1,1,,,,0,,01001101|01001101|01001101|01001101|01001101|01001101|01001101|01001101|01001101|01001101|01001101|01001101|01001101|01001101|01001101|01001101|01001101|01001101|01001101|01001101,4,4
12,11,random,R0.0,0.7403894066810608,0.5412266616740229,0.6139171199040662,11424.0263671875,11300.0,0.04073787480592728,0.3036821782588959,0.39596930146217346,0.0,13,0,0,1,,,,0,,01010101|01010101|01010101|01010101|01010101|01010101|01010101|01010101|01010101|01010101|01010101|01010101|01010101|01010101|01010101|01010101|01010101|01010101|01010101|01010101,6,8
12,12,random,R0.1,0.8678246140480042,0.5085723171741039,0.6761478569404492,12973.8466796875,14220.0,0.044550031423568726,0.4175631105899811,0.36551013588905334,0.04020130634307861,12,4,0,3,,,,4,,01010101|01010101|01010101|01010101|01010101|01010101|01010101|01010101|01010101|01010101|01010101|00110101|00110101|00110101|00110101|00110101|00110101|00110101|00101101|00101101,9,9
12,13,random,R0.1,1.1839852333068848,0.4011594313991673,0.9133963461547799,18615.384765625,18620.0,0.03073107823729515,0.5855045914649963,0.4873468279838562,0.08040261268615723,16,8,1,5,,,,8,,10001011|10001011|10011001|10001101|10001101|10001101|10001101|10001101|10001101|10001101|10001101|10001101|10001101|10001101|10001101|10011100|10011100|10011100|10011100|10010110,13,14
12,14,random,R0.5,1.1553866863250732,0.42140777021237597,0.8641543387398624,19213.2578125,21800.0,0.038688190281391144,0.6305844783782959,0.36551013588905334,0.12060391902923584,12,12,3,7,,,,12,,01011010|01011010|01011010|01011001|01011001|01011001|00011011|00011011|00011110|00011110|00011110|00011110|00011110|10011010|10011010|10011010|10011010|10001011|10001011|00001111,11,12
12,15,random,R0.5,1.3399696350097656,0.36739379795995575,1.0013209872364761,23020.0,25640.0,0.05109703168272972,0.7528151273727417,0.3350509703159332,0.20100653171539307,11,20,3,11,,,,20,,00100111|00110011|10110010|10100110|10100101|10000111|10100101|00101101|00101101|00101101|00101101|00101101|00101101|00101101|00101101|00101101|01001101|01001101|01100101|01001101,16,16
13,0,baseline,B1,0.6889919638633728,0.5423730509374836,0.6118012284400565,11373.9130859375,11200.0,0.024807561188936234,0.26821503043174744,0.39596930146217346,0.0,13,0,2,1,,,0,0,0,11011000|11011000|11011000|11011000|11011000|11011000|11011000|11011000|11011000|11011000|11011000|11011000|11011000|11011000|11011000|11011000|11011000|11011000|11011000|11011000,5,6
13,1,baseline,B2,1.306801199913025,0.42169175359813255,0.863480673559237,21970.51171875,23820.0,0.032650623470544815,0.800244152545929,0.15229588747024536,0.3216104507446289,5,32,3,15,,,32,32,0,00001111|01001011|01010101|01011001|11100001|11010001|11011000|11011000|10011100|11001100|10001101|10101001|10101001|11101000|11101000|10101100|11001100|11011000|11011000|11011000,14,12
13,2,baseline,B3,0.5246865153312683,0.6651567879313622,0.4077324947906172,10500.0,11500.0,0.04422378912568092,0.2776070237159729,0.18275506794452667,0.020100653171539307,6,2,3,2,,,2,2,0,11000101|11000101|11000101|11000101|11000101|11000101|11001100|11001100|11001100|11001100|11001100|11001100|11001100|11001100|11001100|11001100|11001100|11001100|11001100|11001100,1,1
13,3,baseline,B4,0.9920210838317871,0.442766014144633,0.8147138332508115,14520.0,14520.0,0.03646590933203697,0.4072900116443634,0.5482652187347412,0.0,18,0,0,1,,,0,0,0,00001111|00001111|00001111|00001111|00001111|00001111|00001111|00001111|00001111|00001111|00001111|00001111|00001111|00001111|00001111|00001111|00001111|00001111|00001111|00001111,11,10
13,4,perturb,B1p0,0.6560837626457214,0.5821471670338985,0.5410319988960797,11483.0771484375,12160.0,0.0324171781539917,0.2886156141757965,0.33505094051361084,0.0,11,0,2,1,B1,C,0,0,0,11101000|11101000|11101000|11101000|11101000|11101000|11101000|11101000|11101000|11101000|11101000|11101000|11101000|11101000|11101000|11101000|11101000|11101000|11101000|11101000,4,4
13,5,perturb,B1p1,0.9427482485771179,0.43673887978778636,0.8284197915679332,14461.5390625,14200.0,0.020327311009168625,0.374155730009079,0.5482652187347412,0.0,18,0,1,1,B1,C,0,0,0,11110000|11110000|11110000|11110000|11110000|11110000|11110000|11110000|11110000|11110000|11110000|11110000|11110000|11110000|11110000|11110000|11110000|11110000|11110000|11110000,10,11
13,6,perturb,B2p0,1.3519129753112793,0.402473644340415,0.9101256641670112,22508.97265625,24820.0,0.030341804027557373,0.8172056674957275,0.18275506794452667,0.3216104507446289,6,32,3,15,B2,B,32,32,0,00001111|01001011|01010101|01011001|11100001|11010001|11011000|11011000|10011100|11001100|10001101|10101001|10101001|10101001|11101000|10101100|11001100|11011000|11011000|11011000,15,14
13,7,perturb,B2p1,1.262598991394043,0.41240901600502544,0.8857396647964815,20970.51171875,23620.0,0.030780142173171043,0.7274531722068787,0.18275506794452667,0.3216104507446289,6,32,3,14,B2,B,32,32,0,00001111|01001011|01010101|01011001|11100001|11010001|11011000|11011000|10011100|11001100|10001101|10101001|10101001|11101000|11101000|10101100|10101100|11011000|11011000|11011000,13,13
13,8,perturb,B3p0,0.5533298850059509,0.6448309861660606,0.4387670334758893,10861.5390625,11500.0,0.0432233028113842,0.27679163217544556,0.21321424841880798,0.020100653171539307,7,2,3,2,B3,B,2,2,0,11000101|11000101|11000101|11000101|11000101|11000101|11000101|11001100|11001100|11001100|11001100|11001100|11001100|11001100|11001100|11001100|11001100|11001100|11001100|11001100,3,2
13,9,perturb,B3p1,0.5350620150566101,0.6406366587038876,0.445292817868553,10500.0,11840.0,0.042823176831007004,0.2589239180088043,0.21321424841880798,0.020100653171539307,7,2,3,2,B3,B,2,2,0,11000101|11000101|11000101|11000101|11000101|11001100|11001100|11001100|11001100|11001100|11001100|11001100|11001100|11001100|11001100|11001100|11001100|11001100|11001100|11001100,2,3
13,10,random,R0.0,0.863969087600708,0.5134529366764444,0.6665969058558069,14461.5390625,14200.0,0.044554874300956726,0.42344486713409424,0.39596933126449585,0.0,13,0,0,1,,,,0,,10110100|10110100|10110100|10110100|10110100|10110100|10110100|10110100|10110100|10110100|10110100|10110100|10110100|10110100|10110100|10110100|10110100|10110100|10110100|10110100,8,7
13,11,random,R0.0,0.8963269591331482,0.50820615817524,0.6768680905480036,15000.0,15000.0,0.0497237853705883,0.4506339132785797,0.39596930146217346,0.0,13,0,1,1,,,,0,,00101110|00101110|00101110|00101110|00101110|00101110|00101110|00101110|00101110|00101110|00101110|00101110|00101110|00101110|00101110|00101110|00101110|00101110|00101110|00101110,9,9
13,12,random,R0.1,0.8618292212486267,0.5124705400630898,0.6685120524255007,14500.0,14500.0,0.050301142036914825,0.446017861366272,0.36551013588905334,0.0,12,0,1,1,,,,0,,10010101|10010101|10010101|10010101|10010101|10010101|10010101|10010101|10010101|10010101|10010101|10010101|10010101|10010101|10010101|10010101|10010101|10010101|10010101|10010101,7,8
13,13,random,R0.1,0.7167418003082275,0.5702516093697884,0.5616775956036679,11958.13671875,11600.0,0.03768214210867882,0.31354954838752747,0.36551013588905334,0.0,12,0,1,1,,,,0,,10101100|10101100|10101100|10101100|10101100|10101100|10101100|10101100|10101100|10101100|10101100|10101100|10101100|10101100|10101100|10101100|10101100|10101100|10101100|10101100,6,5
13,14,random,R0.5,1.2231978178024292,0.3754029100934121,0.9797554028794552,21040.0,23700.0,0.03722725808620453,0.6395544409751892,0.36551013588905334,0.18090587854385376,12,18,0,10,,,,18,,10101001|10001011|10001011|11001010|11001010|11001010|11001010|11010010|11001010|11001010|11001010|11001100|11001001|01101001|01101001|01101010|01101010|11100010|11100010|11100010,12,15
13,15,random,R0.5,1.4024410247802734,0.35645320089726984,1.0315523215253926,23000.0,25000.0,0.04360615834593773,0.7411419153213501,0.4568876326084137,0.16080522537231445,15,16,0,9,,,,16,,10100110|10100011|00110011|00110110|00101110|00101110|01100110|01100110|01100110|01100110|01100110|00101110|01001110|01001110|01001110|01001110|01001110|01001110|00001111|00001111,16,16
14,0,baseline,B1,0.6662750244140625,0.6131696563684372,0.48911361727859204,11904.615234375,12320.0,0.028991390019655228,0.363150954246521,0.2741326093673706,0.0,9,0,1,1,,,0,0,0,11000011|11000011|11000011|11000011|11000011|11000011|11000011|11000011|11000011|11000011|11000011|11000011|11000011|11000011|11000011|11000011|11000011|11000011|11000011|11000011,6,6
14,1,baseline,B2,1.2258007526397705,0.43130830399922376,0.8409321220955907,18713.58984375,21260.0,0.027490075677633286,0.7457378506660461,0.030459178611636162,0.42211371660232544,1,42,4,15,,,42,42,0,10000111|10000111|10000111|10100011|11100001|11010001|11001001|11010001|11010001|11010001|01110001|10011100|01110010|01110010|11001010|01101010|11001010|10011010|00111010|01100101,14,14
14,2,baseline,B3,0.4113157093524933,0.6945868869141347,0.364438017465203,8304.962890625,10740.0,0.039854396134614944,0.22952398657798767,0.12183671444654465,0.020100653171539307,4,2,3,2,,,2,2,0,10010011|10010011|10010011|10010011|10010011|10010011|10010011|10010011|10010011|10010011|10010011|00110011|00110011|00110011|00110011|00110011|00110011|00110011|00110011|00110011,1,2
14,3,baseline,B4,0.6847686767578125,0.6131880005424405,0.4890837007629634,11180.869140625,10920.0,0.029616912826895714,0.3201008439064026,0.33505094051361084,0.0,11,0,0,1,,,0,0,0,00001111|00001111|00001111|00001111|00001111|00001111|00001111|00001111|00001111|00001111|00001111|00001111|00001111|00001111|00001111|00001111|00001111|00001111|00001111|00001111,7,5
14,4,perturb,B1p0,0.688179612159729,0.5780726948299955,0.5480556486160246,10259.3974609375,10240.0,0.015972692519426346,0.24577848613262177,0.4264284670352936,0.0,14,0,1,1,B1,C,0,0,0,01000111|01000111|01000111|01000111|01000111|01000111|01000111|01000111|01000111|01000111|01000111|01000111|01000111|01000111|01000111|01000111|01000111|01000111|01000111|01000111,8,9
14,5,perturb,B1p1,0.7066637277603149,0.5866211176806081,0.53337612294936,11884.615234375,11700.0,0.024271033704280853,0.34734171628952026,0.33505094051361084,0.0,11,0,1,1,B1,C,0,0,0,10000111|10000111|10000111|10000111|10000111|10000111|10000111|10000111|10000111|10000111|10000111|10000111|10000111|10000111|10000111|10000111|10000111|10000111|10000111|10000111,9,7
14,6,perturb,B2p0,1.2894322872161865,0.4216714364023488,0.8635288549264785,19328.9765625,20860.0,0.025566061958670616,0.7808340191841125,0.060918357223272324,0.42211371660232544,2,42,2,15,B2,B,42,42,0,10000111|10000111|10000111|10100011|11100001|11010001|11001001|11001001|11010001|11010001|01110001|10011100|01110010|01110010|11001010|01101010|11001010|10011010|00111010|01100101,16,15
14,7,perturb,B2p1,1.151735782623291,0.4495144804889124,0.7995872109310285,17252.72265625,20040.0,0.02518460527062416,0.6837205290794373,0.060918357223272324,0.3819124102592468,2,38,4,13,B2,B,42,38,-4,10000111|10000111|10000111|10100011|11100001|11010001|11001001|11010001|11010001|11010001|01110001|10011100|01110010|01110010|11001010|11001010|11001010|10011010|00111010|01100101,12,13
14,8,perturb,B3p0,0.43676239252090454,0.6912632678107882,0.3692345323901364,8304.962890625,9740.0,0.034841857850551605,0.22952398657798767,0.15229588747024536,0.020100653171539307,5,2,3,2,B3,B,2,2,0,10010011|10010011|10010011|10010011|10010011|10010011|10010011|10010011|10010011|10010011|10010011|10010011|00110011|00110011|00110011|00110011|00110011|00110011|00110011|00110011,2,3
14,9,perturb,B3p1,0.4710094928741455,0.6946737857201054,0.36431291667195986,8304.962890625,9740.0,0.034841857850551605,0.26377108693122864,0.15229588747024536,0.020100653171539307,5,2,3,2,B3,B,2,2,0,10010011|10010011|10010011|10010011|10010011|10010011|10010011|10010011|10010011|10010011|00110011|00110011|00110011|00110011|00110011|00110011|00110011|00110011|00110011|00110011,3,1
14,10,random,R0.0,0.6577485799789429,0.6326134398257979,0.45789572295878206,10980.869140625,10720.0,0.03293665871024132,0.32022008299827576,0.3045917749404907,0.0,10,0,1,1,,,,0,,01100011|01100011|01100011|01100011|01100011|01100011|01100011|01100011|01100011|01100011|01100011|01100011|01100011|01100011|01100011|01100011|01100011|01100011|01100011|01100011,4,4
14,11,random,R0.0,0.6620763540267944,0.5859607792688691,0.534502421220317,10789.23046875,11020.0,0.027416177093982697,0.2996092140674591,0.3350509703159332,0.0,11,0,1,1,,,,0,,11010100|11010100|11010100|11010100|11010100|11010100|11010100|11010100|11010100|11010100|11010100|11010100|11010100|11010100|11010100|11010100|11010100|11010100|11010100|11010100,5,8
14,12,random,R0.1,0.8353925943374634,0.5528537795093409,0.5926617256069635,14200.0,16220.0,0.045088641345500946,0.46622785925865173,0.2436734288930893,0.08040261268615723,8,8,1,5,,,,8,,01110100|01111000|01111000|01111000|01110001|01110100|01110100|01110100|01110100|01110100|01110100|01110100|01110100|00110110|00110110|00110110|00110110|00110110|00110110|00110110,11,11
14,13,random,R0.1,0.7189825773239136,0.577965691238493,0.5482407697903691,12904.615234375,13320.0,0.026720790192484856,0.3675692081451416,0.3045917749404907,0.020100653171539307,10,2,1,2,,,,2,,11000011|11000011|11000011|11000011|11000011|11000011|11000011|10010011|10010011|10010011|10010011|10010011|10010011|10010011|10010011|10010011|10010011|10010011|10010011|10010011,10,10
14,14,random,R0.5,1.1656612157821655,0.4750324081522278,0.7443722495859981,20460.869140625,22500.0,0.03854955732822418,0.7025323510169983,0.2436734288930893,0.18090587854385376,8,18,1,10,,,,18,,11001010|11001001|01001011|01001011|01011010|01001011|01100011|01110001|01110001|01110001|01110001|01110001|01110001|01100011|01100011|01100011|10100011|01100011|01100011|01100011,13,12
14,15,random,R0.5,1.2504136562347412,0.3710378324815314,0.9914512472299815,21020.0,26520.0,0.0368516705930233,0.6878630518913269,0.3045917749404907,0.22110718488693237,10,22,1,12,,,,22,,11100100|11100100|11100001|11100001|11010001|10010101|11000101|11000101|01001101|01001101|01001011|00011011|00111001|00111001|00111001|00111001|10111000|10110001|10010011|10010011,15,16
15,0,baseline,B1,1.121811032295227,0.378998813630151,0.9702222041680639,16655.384765625,17340.0,0.04596707224845886,0.4057421386241913,0.6701018810272217,0.0,22,0,2,1,,,0,0,0,10011100|10011100|10011100|10011100|10011100|10011100|10011100|10011100|10011100|10011100|10011100|10011100|10011100|10011100|10011100|10011100|10011100|10011100|10011100|10011100,7,10
15,1,baseline,B2,1.5675129890441895,0.316484793916866,1.1504800830485538,25610.640625,29200.0,0.049431733787059784,0.8504449725151062,0.4264284670352936,0.24120783805847168,14,24,8,13,,,24,24,0,00101011|00001111|00001111|00001111|00001111|01001101|10001101|00011101|10010101|10010101|10100101|10110001|10110001|00111001|00111001|01011001|11001001|11001001|11000101|11000011,15,13
15,2,baseline,B3,0.9812469482421875,0.5350052027656311,0.6254788073378438,18807.69140625,18700.0,0.10438340902328491,0.613089382648468,0.2436734288930893,0.020100653171539307,8,2,3,2,,,2,2,0,11100010|11100010|11100010|11100010|11100010|11100010|11100010|11100010|11100010|11100010|11100010|11100010|11100010|11100010|11100010|11100010|11000110|11000110|11000110|11000110,2,1
15,3,baseline,B4,1.0974879264831543,0.43128558418468343,0.8409847999892248,18000.0,18000.0,0.06813519448041916,0.5115466117858887,0.5178060531616211,0.0,17,0,2,1,,,0,0,0,00001111|00001111|00001111|00001111|00001111|00001111|00001111|00001111|00001111|00001111|00001111|00001111|00001111|00001111|00001111|00001111|00001111|00001111|00001111|00001111,6,6
15,4,perturb,B1p0,1.1272145509719849,0.4051139543162703,0.9035868827701931,17961.5390625,17700.0,0.06154341250658035,0.48694685101509094,0.5787243843078613,0.0,19,0,1,1,B1,C,0,0,0,11011000|11011000|11011000|11011000|11011000|11011000|11011000|11011000|11011000|11011000|11011000|11011000|11011000|11011000|11011000|11011000|11011000|11011000|11011000|11011000,9,7
15,5,perturb,B1p1,1.1254124641418457,0.3801480552971158,0.9671944829406215,16961.5390625,17300.0,0.04477150738239288,0.41053906083106995,0.6701018810272217,0.0,22,0,1,1,B1,C,0,0,0,01011100|01011100|01011100|01011100|01011100|01011100|01011100|01011100|01011100|01011100|01011100|01011100|01011100|01011100|01011100|01011100|01011100|01011100|01011100|01011100,8,9
15,6,perturb,B2p0,1.5581886768341064,0.30650329223738926,1.1825267822691408,25081.408203125,29420.0,0.04749036952853203,0.812602698802948,0.4568876326084137,0.24120783805847168,15,24,8,12,B2,B,24,24,0,00101011|00001111|00001111|00001111|00001111|01001101|10001101|00011101|10010101|10010101|10100101|10110001|10110001|00111001|00111001|00111001|11001001|11001001|11000101|11000011,14,15
15,7,perturb,B2p1,1.5268700122833252,0.31623927991785844,1.1512561370078778,24610.640625,28700.0,0.046353310346603394,0.8025220036506653,0.4568876624107361,0.22110718488693237,15,22,6,12,B2,B,24,22,-2,00101011|00001111|00001111|00001111|00001111|01001101|01001101|00011101|10010101|10010101|10100101|10110001|10110001|00111001|00111001|01011001|11001001|11001001|11000101|11000011,13,14
15,8,perturb,B3p0,0.9737638235092163,0.534760607080268,0.6259360956291209,18807.69140625,18700.0,0.10438340902328491,0.6056063175201416,0.2436734288930893,0.020100653171539307,8,2,3,2,B3,B,2,2,0,11100010|11100010|11100010|11100010|11100010|11100010|11100010|11100010|11100010|11100010|11100010|11100010|11100010|11100010|11100010|11000110|11000110|11000110|11000110|11000110,1,2
15,9,perturb,B3p1,1.0252283811569214,0.503352215866936,0.686465123577523,18807.69140625,18700.0,0.0966772586107254,0.6038586497306824,0.3045917749404907,0.020100653171539307,10,2,3,2,B3,B,2,2,0,11100010|11100010|11100010|11100010|11100010|11100010|11100010|11100010|11100010|11100010|11100010|11100010|11100010|11100010|11100010|11100010|11100010|11000110|11000110|11000110,4,3
15,10,random,R0.0,1.07255220413208,0.44316754232989375,0.8138073810460847,17520.0,17520.0,0.06921115517616272,0.4855350852012634,0.5178060531616211,0.0,17,0,2,1,,,,0,,11100100|11100100|11100100|11100100|11100100|11100100|11100100|11100100|11100100|11100100|11100100|11100100|11100100|11100100|11100100|11100100|11100100|11100100|11100100|11100100,5,5
15,11,random,R0.0,1.012587070465088,0.45510250970764365,0.7872325893457776,17346.15234375,18300.0,0.08084706962108612,0.47485238313674927,0.45688769221305847,0.0,15,0,3,1,,,,0,,11010001|11010001|11010001|11010001|11010001|11010001|11010001|11010001|11010001|11010001|11010001|11010001|11010001|11010001|11010001|11010001|11010001|11010001|11010001|11010001,3,4
15,12,random,R0.1,1.2646621465682983,0.32619345046642373,1.1202646672726264,20384.615234375,22600.0,0.04260414466261864,0.49165409803390503,0.6701018810272217,0.06030195951461792,22,6,2,4,,,,6,,00100111|00100111|00100111|00100111|00100111|00100111|00100111|00100111|00100111|00010111|00010111|10010101|10010101|10010101|10010101|10010101|11010100|11010100|11010100|11010100,11,12
15,13,random,R0.1,1.2197057008743286,0.38821906922554894,0.9461854872858582,19461.5390625,20000.0,0.06385853886604309,0.5777390599250793,0.5178059935569763,0.06030195951461792,17,6,0,4,,,,6,,00100111|00101110|00101110|00101110|00101110|00101110|00101110|00101110|00101110|00101110|00101110|00111100|00111100|00101110|00101110|00101110|00101110|00101110|00101110|00101110,10,8
15,14,random,R0.5,1.4224590063095093,0.3550357598606927,1.0355367625778975,22520.0,23120.0,0.07429628074169159,0.7298533916473389,0.5178059935569763,0.10050326585769653,17,10,2,6,,,,10,,11101000|11101000|11101000|11101000|11101000|11101000|11001100|11001010|11001010|11001010|11101000|11101000|11101000|11100100|11100100|11100100|11100100|11100100|11100100|01101100,12,11
15,15,random,R0.5,1.9098713397979736,0.2218475004644794,1.5057650680023913,29855.384765625,31800.0,0.04507552087306976,0.9029260873794556,0.7005611062049866,0.261308491230011,23,26,4,14,,,,26,,01101001|01001101|01001101|00101101|01001101|01010101|01010101|01000111|01000111|00100111|01100110|01100110|01010110|01010101|01110100|01110010|01110010|11110000|01110100|01110100,16,16
16,0,baseline,B1,0.7704148292541504,0.5300140430816578,0.634851776406506,12961.5390625,13020.0,0.03169834613800049,0.31228795647621155,0.42642849683761597,0.0,14,0,2,1,,,0,0,0,10100110|10100110|10100110|10100110|10100110|10100110|10100110|10100110|10100110|10100110|10100110|10100110|10100110|10100110|10100110|10100110|10100110|10100110|10100110|10100110,6,6
16,1,baseline,B2,1.343186616897583,0.4403346875700054,0.820220187651942,22023.30859375,24700.0,0.04194202274084091,0.8383132219314575,0.060918357223272324,0.40201306343078613,2,40,6,16,,,40,40,0,00001111|10000111|10110001|00111001|10111000|10111000|10110100|10110100|00110101|10110100|00110110|11000101|01100101|00101011|11100010|11001010|11100010|11100010|11100010|11001010,14,13
16,2,baseline,B3,0.6866971850395203,0.6059679627174499,0.5009281611132093,14503.30859375,14800.0,0.06494140625,0.4189000725746155,0.18275506794452667,0.020100653171539307,6,2,1,2,,,2,2,0,11101000|11101000|11101000|11101000|11101000|11101000|11101000|11101000|11101000|11101000|11101000|11100010|11100010|11100010|11100010|11100010|11100010|11100010|11100010|11100010,1,1
16,3,baseline,B4,0.9621148705482483,0.48296022748262774,0.7278209734765443,15115.384765625,14900.0,0.041448842734098434,0.43331921100616455,0.4873467981815338,0.0,16,0,0,1,,,0,0,0,00001111|00001111|00001111|00001111|00001111|00001111|00001111|00001111|00001111|00001111|00001111|00001111|00001111|00001111|00001111|00001111|00001111|00001111|00001111|00001111,9,8
16,4,perturb,B1p0,0.7219952940940857,0.5565869299881407,0.5859319120414711,12289.23046875,12440.0,0.044168226420879364,0.31231689453125,0.36551013588905334,0.0,12,0,3,1,B1,C,0,0,0,10110100|10110100|10110100|10110100|10110100|10110100|10110100|10110100|10110100|10110100|10110100|10110100|10110100|10110100|10110100|10110100|10110100|10110100|10110100|10110100,3,4
16,5,perturb,B1p1,0.7577559947967529,0.5326577389372782,0.6298762019076419,12111.9833984375,12120.0,0.03672098368406296,0.29460659623146057,0.42642849683761597,0.0,14,0,1,1,B1,C,0,0,0,10100101|10100101|10100101|10100101|10100101|10100101|10100101|10100101|10100101|10100101|10100101|10100101|10100101|10100101|10100101|10100101|10100101|10100101|10100101|10100101,4,5
16,6,perturb,B2p0,1.283586025238037,0.4594507385788973,0.777723549508192,21023.30859375,23100.0,0.04194202274084091,0.7988132238388062,0.060918357223272324,0.3819124102592468,2,38,5,15,B2,B,40,38,-2,00001111|10000111|10110001|00111001|10111000|10111000|10110100|10110100|00110101|00110110|00110110|11000101|01100101|00101011|11100010|11001010|11100010|11100010|11100010|11001010,12,11
16,7,perturb,B2p1,1.3385229110717773,0.44724614179639843,0.8046461831338184,21715.6171875,23300.0,0.04040281102061272,0.824830174446106,0.09137753397226334,0.3819124102592468,3,38,6,15,B2,B,40,38,-2,00001111|10000111|10110001|10111000|10111000|10111000|10110100|10110100|00110101|10110100|00110110|11000101|01100101|00101011|11100010|11001010|11100010|11100010|11100010|11001010,13,12
16,8,perturb,B3p0,0.757850170135498,0.5762641018466546,0.5511892132194629,14769.1376953125,14800.0,0.058389656245708466,0.4356863796710968,0.2436734288930893,0.020100653171539307,8,2,1,2,B3,B,2,2,0,11101000|11101000|11101000|11101000|11101000|11101000|11101000|11101000|11101000|11101000|11101000|11101000|11100010|11100010|11100010|11100010|11100010|11100010|11100010|11100010,5,3
16,9,perturb,B3p1,0.7168937921524048,0.6059522056474885,0.5009541645916125,14503.30859375,13800.0,0.05992886796593666,0.4236500859260559,0.21321424841880798,0.020100653171539307,7,2,1,2,B3,B,2,2,0,11101000|11101000|11101000|11101000|11101000|11101000|11101000|11101000|11101000|11101000|11100010|11100010|11100010|11100010|11100010|11100010|11100010|11100010|11100010|11100010,2,2
16,10,random,R0.0,0.9550181031227112,0.46530553842899114,0.7650610172816962,14827.6923828125,14720.0,0.03425813466310501,0.4029538929462433,0.5178059935569763,0.0,17,0,1,1,,,,0,,00101011|00101011|00101011|00101011|00101011|00101011|00101011|00101011|00101011|00101011|00101011|00101011|00101011|00101011|00101011|00101011|00101011|00101011|00101011|00101011,8,10
16,11,random,R0.0,0.9348608255386353,0.49851786241169926,0.6961158579018467,15500.0,15500.0,0.037085238844156265,0.4408879280090332,0.4568876624107361,0.0,15,0,0,1,,,,0,,11000110|11000110|11000110|11000110|11000110|11000110|11000110|11000110|11000110|11000110|11000110|11000110|11000110|11000110|11000110|11000110|11000110|11000110|11000110|11000110,7,7
16,12,random,R0.1,1.0588698387145996,0.42595534932993434,0.8534207519856115,18000.0,18100.0,0.04109468311071396,0.47986841201782227,0.5178059935569763,0.020100653171539307,17,2,1,2,,,,2,,01100110|01100110|01100110|01100110|01100110|01100110|01100110|01100110|01100110|01100110|01100110|01110100|01110100|01110100|01110100|01110100|01110100|01110100|01110100|01110100,10,14
16,13,random,R0.1,1.0645911693572998,0.4795005074730107,0.7350103263213299,18000.0,18000.0,0.06289437413215637,0.5856269001960754,0.39596930146217346,0.020100653171539307,13,2,2,2,,,,2,,01010011|01010011|01010011|01010011|01010011|01010011|01010011|01010011|01010011|01011001|01011001|01011001|01011001|01011001|01011001|01011001|01011001|01011001|01011001|01011001,11,9
16,14,random,R0.5,1.483459234237671,0.33806482916482195,1.0845175996280338,24000.0,24500.0,0.030669480562210083,0.733360767364502,0.5787243247032166,0.14070457220077515,19,14,0,8,,,,14,,11000110|01000111|01000111|01000111|01010110|11000110|01010110|01010110|01000111|11000110|11000110|10010110|10010110|10010110|10010110|10010110|10010110|10010110|10010110|10010110,16,15
16,15,random,R0.5,1.4376312494277954,0.3253336720792397,1.1229039400105252,24500.0,25200.0,0.039140015840530396,0.689420759677887,0.5482652187347412,0.16080522537231445,18,16,0,9,,,,16,,00011011|00011011|00011011|10001011|10001011|10001011|10001011|10001011|10001011|00101011|00101011|00101011|00001111|10001110|11000110|10010110|00011110|00011110|00101110|00101110,15,16
17,0,baseline,B1,0.8326119184494019,0.44976202669544746,0.7990366656631158,12953.6474609375,15020.0,0.02946339175105095,0.28534242510795593,0.5178059935569763,0.0,17,0,3,1,,,0,0,0,10111000|10111000|10111000|10111000|10111000|10111000|10111000|10111000|10111000|10111000|10111000|10111000|10111000|10111000|10111000|10111000|10111000|10111000|10111000|10111000,5,8
17,1,baseline,B2,1.4601714611053467,0.3461327387361227,1.060932939528969,22099.80078125,24960.0,0.03755177557468414,0.7970337271690369,0.2436734288930893,0.3819124102592468,8,38,5,15,,,38,38,0,10000111|10110001|00101101|00010111|00100111|10011001|10101001|10101001|10101001|10001101|00101101|01101001|00111001|00111001|00111001|10101001|01101001|11101000|11101000|11110000,14,12
17,2,baseline,B3,0.8273652791976929,0.5342465236270184,0.6268978918194585,17500.0,17500.0,0.09876785427331924,0.5361002683639526,0.15229588747024536,0.04020130634307861,5,4,1,3,,,4,4,0,01001110|01001110|01001110|01001110|01001110|01001110|01001110|01001110|01001110|01001110|11000110|11000110|11000110|11000110|11000110|11000110|11000110|11010010|11010010|11010010,2,2
17,3,baseline,B4,0.9334748983383179,0.46214393299803685,0.7718788931341366,14961.5390625,15020.0,0.05767551809549332,0.4189116954803467,0.4568876624107361,0.0,15,0,1,1,,,0,0,0,00001111|00001111|00001111|00001111|00001111|00001111|00001111|00001111|00001111|00001111|00001111|00001111|00001111|00001111|00001111|00001111|00001111|00001111|00001111|00001111,8,6
17,4,perturb,B1p0,1.1543127298355103,0.3703280816863767,0.9933659589760355,17538.4609375,17800.0,0.031554583460092545,0.48311537504196167,0.6396427154541016,0.0,21,0,1,1,B1,C,0,0,0,10110100|10110100|10110100|10110100|10110100|10110100|10110100|10110100|10110100|10110100|10110100|10110100|10110100|10110100|10110100|10110100|10110100|10110100|10110100|10110100,10,11
17,5,perturb,B1p1,0.8986060619354248,0.44970933582778666,0.7991538252969107,14772.1083984375,15500.0,0.04000430181622505,0.37125489115715027,0.4873467981815338,0.0,16,0,3,1,B1,C,0,0,0,10011001|10011001|10011001|10011001|10011001|10011001|10011001|10011001|10011001|10011001|10011001|10011001|10011001|10011001|10011001|10011001|10011001|10011001|10011001|10011001,6,9
17,6,perturb,B2p0,1.345831036567688,0.3800059530300335,0.9675683605159049,21099.80078125,23360.0,0.04256431758403778,0.7483413815498352,0.21321424841880798,0.3417111039161682,7,34,5,14,B2,B,38,34,-4,10000111|10110001|00101101|00010111|00100111|10101001|10101001|10101001|10101001|10001101|00101101|01101001|00111001|00111001|00111001|10101001|01101001|11101000|11101000|11110000,11,10
17,7,perturb,B2p1,1.4867041110992432,0.3262969214035023,1.1199475102925185,22838.587890625,26140.0,0.03639736771583557,0.794261634349823,0.2741326093673706,0.3819124102592468,9,38,5,15,B2,B,38,38,0,10000111|10110001|00101101|00010111|00100111|10011001|10101001|10101001|10101001|10001101|00101101|01101001|00111001|00111001|00111001|10101001|01101001|01101001|11101000|11110000,15,15
17,8,perturb,B3p0,0.8273653388023376,0.5342430422278753,0.6269044083063843,17500.0,17500.0,0.09876785427331924,0.5361002683639526,0.15229588747024536,0.04020130634307861,5,4,1,3,B3,B,4,4,0,01001110|01001110|01001110|01001110|01001110|01001110|01001110|01001110|01001110|01001110|11000110|11000110|11000110|11000110|11000110|11000110|11010010|11010010|11010010|11010010,4,3
17,9,perturb,B3p1,0.8273652791976929,0.5342865890857993,0.6268229003038508,17500.0,17500.0,0.09876785427331924,0.5361002683639526,0.15229588747024536,0.04020130634307861,5,4,1,3,B3,B,4,4,0,01001110|01001110|01001110|01001110|01001110|01001110|01001110|01001110|01001110|11000110|11000110|11000110|11000110|11000110|11000110|11000110|11000110|11010010|11010010|11010010,3,1
17,10,random,R0.0,0.9041663408279419,0.4766839212150541,0.740901646698178,15461.5390625,15200.0,0.04218443110585213,0.405094176530838,0.4568876624107361,0.0,15,0,2,1,,,,0,,00101011|00101011|00101011|00101011|00101011|00101011|00101011|00101011|00101011|00101011|00101011|00101011|00101011|00101011|00101011|00101011|00101011|00101011|00101011|00101011,7,5
17,11,random,R0.0,0.8207998871803284,0.4820205271459288,0.7297685783986697,13753.6474609375,14220.0,0.03764670714735985,0.32626548409461975,0.4568876624107361,0.0,15,0,3,1,,,,0,,10101001|10101001|10101001|10101001|10101001|10101001|10101001|10101001|10101001|10101001|10101001|10101001|10101001|10101001|10101001|10101001|10101001|10101001|10101001|10101001,1,4
17,12,random,R0.1,1.3523705005645752,0.32714626387812307,1.1173479179421366,19520.0,19520.0,0.03463554009795189,0.6074317097663879,0.6701019406318665,0.04020130634307861,22,4,1,3,,,,4,,11001100|11001100|11001100|11001100|01001101|01001101|01001101|01001101|01001101|01001101|01001101|01001101|01001101|01001101|01001101|01001101|01001101|01001110|01001110|01001110,12,14
17,13,random,R0.1,0.9576185941696167,0.45600457677139744,0.7852524327387388,15961.5380859375,16020.0,0.06188780069351196,0.44920167326927185,0.42642849683761597,0.020100653171539307,14,2,1,2,,,,2,,00011110|00011110|00011110|00011110|00011110|00001111|00001111|00001111|00001111|00001111|00001111|00001111|00001111|00001111|00001111|00001111|00001111|00001111|00001111|00001111,9,7
17,14,random,R0.5,1.6246123313903809,0.2561415868568987,1.3620249137316807,28500.0,29600.0,0.056662507355213165,0.82903653383255,0.5178060531616211,0.22110718488693237,17,22,1,12,,,,22,,00011110|01011100|01010110|11010100|10010110|01010110|01010011|01010011|01010011|11010010|11010010|11010010|11110000|11110000|01111000|01101010|01101001|01101001|01101001|01101001,16,16
17,15,random,R0.5,1.3600434064865112,0.33690402994271795,1.0879571668046688,22235.92578125,22820.0,0.0491730198264122,0.6724603176116943,0.5178059935569763,0.12060391902923584,17,12,1,7,,,,12,,11000110|10010110|10010110|10010110|10001110|10001011|10001011|10100011|10100011|10100011|10100011|10100011|10100110|10100110|10100110|10100110|10100110|10101100|10101100|10101100,13,13
18,0,baseline,B1,0.962825357913971,0.4960512703086404,0.7010759900415248,16472.8984375,15840.0,0.03470885381102562,0.44076967239379883,0.4873468577861786,0.0,16,0,3,1,,,0,0,0,11110000|11110000|11110000|11110000|11110000|11110000|11110000|11110000|11110000|11110000|11110000|11110000|11110000|11110000|11110000|11110000|11110000|11110000|11110000|11110000,3,6
18,1,baseline,B2,1.1320377588272095,0.5267414697713166,0.6410454205033511,18108.658203125,20300.0,0.0507899634540081,0.7182032465934753,0.12183671444654465,0.24120783805847168,4,24,8,9,,,24,24,0,00001111|01111000|01111000|01111000|01111000|01111000|01111000|11101000|11101000|01101100|01100110|01010110|01101100|01100110|01100110|01100110|10110010|10110010|10110010|10110010,10,1
18,2,baseline,B3,0.9604706168174744,0.5005050683462378,0.6921375537122255,21500.0,21500.0,0.1121116504073143,0.6254026293754578,0.18275506794452667,0.04020130634307861,6,4,1,3,,,4,4,0,00001111|00001111|00001111|00001111|00001111|00001111|10001101|10001101|10001101|10001101|10001101|10001101|10001101|10001101|10001101|10001101|01001101|01001101|01001101|01001101,2,5
18,3,baseline,B4,1.154646396636963,0.439371204248555,0.8224106554336306,19038.4609375,18700.0,0.06899558007717133,0.5983039140701294,0.4873468577861786,0.0,16,0,0,1,,,0,0,0,00001111|00001111|00001111|00001111|00001111|00001111|00001111|00001111|00001111|00001111|00001111|00001111|00001111|00001111|00001111|00001111|00001111|00001111|00001111|00001111,11,12
18,4,perturb,B1p0,1.129954218864441,0.4325219955656873,0.8381220971040891,18192.30859375,18000.0,0.031230706721544266,0.4895399212837219,0.6091835498809814,0.0,20,0,2,1,B1,C,0,0,0,10110100|10110100|10110100|10110100|10110100|10110100|10110100|10110100|10110100|10110100|10110100|10110100|10110100|10110100|10110100|10110100|10110100|10110100|10110100|10110100,8,13
18,5,perturb,B1p1,1.1224546432495117,0.4493517425943618,0.7999493068517551,18500.0,18500.0,0.03639592230319977,0.5377935171127319,0.5482652187347412,0.0,18,0,2,1,B1,C,0,0,0,01110001|01110001|01110001|01110001|01110001|01110001|01110001|01110001|01110001|01110001|01110001|01110001|01110001|01110001|01110001|01110001|01110001|01110001|01110001|01110001,7,10
18,6,perturb,B2p0,1.1691635847091675,0.5082629472293617,0.6767563526626534,18493.271484375,20500.0,0.04811166971921921,0.7275481820106506,0.15229588747024536,0.24120783805847168,5,24,7,9,B2,B,24,24,0,00001111|01111000|01111000|01111000|01111000|01111000|01111000|11101000|11101000|01101100|01100110|01010110|01101100|01100110|01100110|10110010|10110010|10110010|10110010|10110010,12,3
18,7,perturb,B2p1,1.1309561729431152,0.5126303838871888,0.668200192740937,17877.888671875,20100.0,0.04963555559515953,0.6878169178962708,0.15229588747024536,0.24120783805847168,5,24,8,8,B2,B,24,24,0,00001111|01111000|01111000|01111000|01111000|01111000|01111000|11101000|11101000|01101100|01101100|01010110|01101100|01100110|01100110|01100110|10110010|10110010|10110010|10110010,9,2
18,8,perturb,B3p0,0.9859172105789185,0.48829930917127623,0.7168267226784226,21500.0,21500.0,0.10709911584854126,0.6254026293754578,0.21321424841880798,0.04020130634307861,7,4,1,3,B3,B,4,4,0,00001111|00001111|00001111|00001111|00001111|00001111|10001101|10001101|10001101|10001101|10001101|10001101|10001101|10001101|10001101|01001101|01001101|01001101|01001101|01001101,5,8
18,9,perturb,B3p1,0.9859172701835632,0.49013156886948606,0.7130814160223483,21500.0,21500.0,0.10709910839796066,0.6254026293754578,0.21321424841880798,0.04020130634307861,7,4,1,3,B3,B,4,4,0,00001111|00001111|00001111|00001111|00001111|10001101|10001101|10001101|10001101|10001101|10001101|10001101|10001101|10001101|10001101|10001101|01001101|01001101|01001101|01001101,6,7
18,10,random,R0.0,0.8950125575065613,0.5058640529650168,0.6814873158225409,15160.8671875,15320.0,0.04049821197986603,0.3671673536300659,0.4873468279838562,0.0,16,0,3,1,,,,0,,01100110|01100110|01100110|01100110|01100110|01100110|01100110|01100110|01100110|01100110|01100110|01100110|01100110|01100110|01100110|01100110|01100110|01100110|01100110|01100110,1,4
18,11,random,R0.0,0.982826828956604,0.4849272906252571,0.7237563155197995,16807.69140625,16800.0,0.03355090320110321,0.4314698576927185,0.5178059935569763,0.0,17,0,3,1,,,,0,,01110100|01110100|01110100|01110100|01110100|01110100|01110100|01110100|01110100|01110100|01110100|01110100|01110100|01110100|01110100|01110100|01110100|01110100|01110100|01110100,4,9
18,12,random,R0.1,1.2546131610870361,0.41724920720597436,0.8740716164875953,19538.4609375,19500.0,0.06089451536536217,0.65581214427948,0.5178059935569763,0.020100653171539307,17,2,1,2,,,,2,,00001111|00001111|00001111|00001111|00001111|00001111|00001111|00001111|00001111|00001111|00001111|00001111|00001111|00001111|00001111|00011011|00011011|00011011|00011011|00011011,14,14
18,13,random,R0.1,1.2323728799819946,0.39211837781686143,0.9361915005530461,20692.30859375,20200.0,0.046395208686590195,0.5670517683029175,0.5787243843078613,0.04020130634307861,19,4,0,3,,,,4,,10001110|10011100|10011100|10011100|10011100|10011100|10011100|10011100|10011100|10011100|10011100|10011100|10011100|10011100|10011100|10011100|10001110|10001110|10001110|10001110,13,15
18,14,random,R0.5,1.8466663360595703,0.3222728354647072,1.1323567770987426,27000.0,27000.0,0.05652640014886856,1.0810694694519043,0.5482651591300964,0.16080522537231445,18,16,0,9,,,,16,,11001001|01001101|11001001|11001001|11001001|11001010|11001010|11001010|01001011|01001011|11000011|10001011|10001011|10001011|10011001|10011001|10011001|11001001|11001001|11001001,16,16
18,15,random,R0.5,1.3172333240509033,0.4395969944945626,0.8218968933855908,23234.3203125,24700.0,0.058254092931747437,0.7832234501838684,0.33505094051361084,0.14070457220077515,11,14,6,8,,,,14,,11000101|11000101|11000101|11000101|11000101|11000101|10100101|10100101|11100100|11100100|01110100|01011100|01011100|01101100|01101100|11101000|11101000|11101000|10101001|10101001,15,11
19,0,baseline,B1,0.8123070001602173,0.5303970485130939,0.6341294047694551,13386.154296875,12900.0,0.0440434105694294,0.3418351709842682,0.4264284670352936,0.0,14,0,1,1,,,0,0,0,01100110|01100110|01100110|01100110|01100110|01100110|01100110|01100110|01100110|01100110|01100110|01100110|01100110|01100110|01100110|01100110|01100110|01100110|01100110|01100110,1,4
19,1,baseline,B2,1.372094750404358,0.43143467412724884,0.840639172440519,21601.21484375,23220.0,0.03247559070587158,0.7840772867202759,0.2741326093673706,0.2814091444015503,9,28,3,13,,,28,28,0,10000111|00001111|00001111|01001110|00001111|00100111|00100111|00100111|00100111|10100110|11010010|11010010|10100110|01100110|11100100|11110000|01111000|01101010|01101010|01101010,14,13
19,2,baseline,B3,0.8980623483657837,0.5861392139584192,0.5341979511376287,17500.0,18000.0,0.07501520961523056,0.5897321701049805,0.21321424841880798,0.020100653171539307,7,2,1,2,,,2,2,0,10001101|10001101|10001101|10001101|10001101|10001101|10001101|10001101|10001110|10001110|10001110|10001110|10001110|10001110|10001110|10001110|10001110|10001110|10001110|10001110,4,2
19,3,baseline,B4,0.9237583875656128,0.5231827485626297,0.6478244523135208,15078.4609375,14740.0,0.061814211308956146,0.4355155825614929,0.42642849683761597,0.0,14,0,1,1,,,0,0,0,00001111|00001111|00001111|00001111|00001111|00001111|00001111|00001111|00001111|00001111|00001111|00001111|00001111|00001111|00001111|00001111|00001111|00001111|00001111|00001111,6,6
19,4,perturb,B1p0,0.818715512752533,0.5270743715994137,0.6404136178180965,14135.384765625,14840.0,0.053856633603572845,0.39934876561164856,0.36551013588905334,0.0,12,0,3,1,B1,C,0,0,0,11000110|11000110|11000110|11000110|11000110|11000110|11000110|11000110|11000110|11000110|11000110|11000110|11000110|11000110|11000110|11000110|11000110|11000110|11000110|11000110,2,5
19,5,perturb,B1p1,0.8757436275482178,0.48260356913108526,0.7285597301884553,13730.76953125,13900.0,0.031215853989124298,0.326721727848053,0.5178059935569763,0.0,17,0,1,1,B1,C,0,0,0,11100100|11100100|11100100|11100100|11100100|11100100|11100100|11100100|11100100|11100100|11100100|11100100|11100100|11100100|11100100|11100100|11100100|11100100|11100100|11100100,3,8
19,6,perturb,B2p0,1.3080941438674927,0.4446235577100265,0.8105272925534116,20601.21484375,22320.0,0.03287571668624878,0.7397773265838623,0.2741326093673706,0.261308491230011,9,26,3,12,B2,B,28,26,-2,10000111|00001111|00001111|01001110|00001111|00100111|00100111|00100111|00100111|10100110|11010010|11010010|10100110|11100100|11100100|11110000|01111000|01101010|01101010|01101010,12,9
19,7,perturb,B2p1,1.3652111291885376,0.4143520405001037,0.8810393271182925,22025.830078125,24200.0,0.03187523037195206,0.7473350763320923,0.3045917749404907,0.2814091444015503,10,28,3,13,B2,B,28,28,0,10000111|00001111|00001111|01001110|00001111|00100111|00100111|00100111|00100111|10100110|10100110|11010010|10100110|01100110|11100100|11110000|01111000|01101010|01101010|01101010,13,14
19,8,perturb,B3p0,0.9522821307182312,0.5551717371399265,0.5884777768130809,17500.0,18500.0,0.06846345961093903,0.5895853042602539,0.2741326093673706,0.020100653171539307,9,2,1,2,B3,B,2,2,0,10001101|10001101|10001101|10001101|10001101|10001101|10001101|10001101|10001101|10001110|10001110|10001110|10001110|10001110|10001110|10001110|10001110|10001110|10001110|10001110,7,3
19,9,perturb,B3p1,0.8982224464416504,0.5903574907095677,0.5270270091187366,17500.0,17500.0,0.07541533559560776,0.5894922018051147,0.21321424841880798,0.020100653171539307,7,2,1,2,B3,B,2,2,0,10001101|10001101|10001101|10001101|10001101|10001101|10001101|10001110|10001110|10001110|10001110|10001110|10001110|10001110|10001110|10001110|10001110|10001110|10001110|10001110,5,1
19,10,random,R0.0,1.0930469036102295,0.43235053776165955,0.8385185897655322,15924.615234375,15740.0,0.034116584807634354,0.41928765177726746,0.6396427154541016,0.0,21,0,0,1,,,,0,,10100011|10100011|10100011|10100011|10100011|10100011|10100011|10100011|10100011|10100011|10100011|10100011|10100011|10100011|10100011|10100011|10100011|10100011|10100011|10100011,11,12
19,11,random,R0.0,1.0517009496688843,0.49096443472880313,0.7113835881720012,17500.0,17500.0,0.05920302867889404,0.5356101393699646,0.4568876326084137,0.0,15,0,0,1,,,,0,,00011110|00011110|00011110|00011110|00011110|00011110|00011110|00011110|00011110|00011110|00011110|00011110|00011110|00011110|00011110|00011110|00011110|00011110|00011110|00011110,8,7
19,12,random,R0.1,1.0574918985366821,0.4347147661163123,0.8330651730427704,18827.69140625,20700.0,0.05306961387395859,0.4872327148914337,0.4568876624107361,0.06030195951461792,15,6,2,4,,,,6,,01111000|01111000|01111000|01111000|01111000|01101100|01101100|01101100|01101100|00101101|00101101|00101101|01100101|01100101|01100101|01100101|01100101|01100101|01100101|01100101,9,11
19,13,random,R0.1,1.0678679943084717,0.4394918751110079,0.8221360486921592,17020.0,18020.0,0.044648393988609314,0.49567142128944397,0.4873467981815338,0.04020130634307861,16,4,2,3,,,,4,,01000111|01000111|01000111|01000111|01000111|01000111|01000111|01000111|01010011|01011010|01011010|01011010|01011010|01011010|01011010|01011010|01011010|01011010|01011010|01011010,10,10
19,14,random,R0.5,1.529717206954956,0.33320466651663627,1.0989983636355511,26000.0,28900.0,0.06335274130105972,0.8389295935630798,0.4264284670352936,0.20100653171539307,14,20,2,11,,,,20,,00001111|00001111|10001110|10001110|11001010|11001010|11001010|11001010|11011000|11011000|11110000|11011000|11001001|01001101|00011101|00011101|01010101|10010101|10010101|10010101,15,15
19,15,random,R0.5,1.6077988147735596,0.3247895462482847,1.1245778564087365,27520.0,29020.0,0.05126573517918587,0.8480792045593262,0.4873468279838562,0.22110718488693237,16,22,1,12,,,,22,,11000110|10010110|10000111|10001101|10001101|10001101|11000101|11001100|11001100|11000101|01000111|01000111|01000111|01001101|00001111|00001111|01001101|01001101|01001110|01001110,16,16
20,0,baseline,B1,0.623791515827179,0.57960643888357,0.5454059594124129,9324.7490234375,9700.0,0.021781623363494873,0.206040620803833,0.39596930146217346,0.0,13,0,2,1,,,0,0,0,01101010|01101010|01101010|01101010|01101010|01101010|01101010|01101010|01101010|01101010|01101010|01101010|01101010|01101010|01101010|01101010|01101010|01101010|01101010|01101010,2,7
20,1,baseline,B2,1.3973034620285034,0.3844109673372989,0.9560430712386349,21760.201171875,28100.0,0.03191674128174782,0.8427697420120239,0.0,0.522616982460022,0,52,10,19,,,52,52,0,10001011|00101011|10101001|10101010|00001111|00101011|00101011|11001010|01111000|11101000|01101010|10100011|11100010|01101010|10101010|01011010|11110000|01011100|01101100|11010100,15,14
20,2,baseline,B3,0.6544846296310425,0.6229859747509015,0.47323127288645306,12500.0,12800.0,0.0555453896522522,0.3960834741592407,0.18275506794452667,0.020100653171539307,6,2,2,2,,,2,2,0,01011100|01011100|01011100|01011100|01011100|01011100|01011100|01011100|01011100|01011100|01011100|01011100|01001101|01001101|01001101|01001101|01001101|01001101|01001101|01001101,4,1
20,3,baseline,B4,0.7009973526000977,0.5596431778222916,0.5804558808001531,11000.0,11000.0,0.031893759965896606,0.3035934865474701,0.36551010608673096,0.0,12,0,1,1,,,0,0,0,00001111|00001111|00001111|00001111|00001111|00001111|00001111|00001111|00001111|00001111|00001111|00001111|00001111|00001111|00001111|00001111|00001111|00001111|00001111|00001111,8,8
20,4,perturb,B1p0,0.6017121076583862,0.613706979743288,0.48823769643473564,9989.296875,10800.0,0.03325328230857849,0.26386702060699463,0.3045917749404907,0.0,10,0,3,1,B1,C,0,0,0,00111010|00111010|00111010|00111010|00111010|00111010|00111010|00111010|00111010|00111010|00111010|00111010|00111010|00111010|00111010|00111010|00111010|00111010|00111010|00111010,1,2
20,5,perturb,B1p1,0.6347737312316895,0.5835380391365522,0.5386456380581052,10000.0,11000.0,0.0338330939412117,0.26588964462280273,0.33505094051361084,0.0,11,0,1,1,B1,C,0,0,0,01001110|01001110|01001110|01001110|01001110|01001110|01001110|01001110|01001110|01001110|01001110|01001110|01001110|01001110|01001110|01001110|01001110|01001110|01001110|01001110,3,6
20,6,perturb,B2p0,1.3107224702835083,0.4138635707423082,0.8822188987366067,20760.201171875,24700.0,0.035058800131082535,0.7932479977607727,0.0,0.48241567611694336,0,48,5,18,B2,B,52,48,-4,10001011|00101011|10101001|10101010|10101010|00101011|00101011|11001010|01111000|11101000|01101010|10100011|11100010|01101010|10101010|01011010|11110000|01011100|01101100|11010100,13,13
20,7,perturb,B2p1,1.3973034620285034,0.38438391554284396,0.9561134457821405,21760.201171875,28120.0,0.03191674128174782,0.8427697420120239,0.0,0.522616982460022,0,52,10,19,B2,B,52,52,0,10001011|00101011|10101001|10101010|00001111|00101011|11001010|11001010|01111000|11101000|01101010|10100011|11100010|01101010|10101010|01011010|11110000|01011100|01101100|11010100,16,15
20,8,perturb,B3p0,0.6943414211273193,0.6075525866331473,0.4983165451546482,12500.0,12800.0,0.050932977348566055,0.41009342670440674,0.21321424841880798,0.020100653171539307,7,2,2,2,B3,B,2,2,0,01011100|01011100|01011100|01011100|01011100|01011100|01011100|01011100|01011100|01011100|01011100|01011100|01011100|01001101|01001101|01001101|01001101|01001101|01001101|01001101,7,3
20,9,perturb,B3p1,0.6799312829971313,0.6048786382211888,0.5027274390552678,12500.0,12800.0,0.05053284764289856,0.3960834741592407,0.21321424841880798,0.020100653171539307,7,2,2,2,B3,B,2,2,0,01011100|01011100|01011100|01011100|01011100|01011100|01011100|01011100|01011100|01011100|01011100|01001101|01001101|01001101|01001101|01001101|01001101|01001101|01001101|01001101,6,4
20,10,random,R0.0,0.6739528775215149,0.587725549281065,0.5314951929699219,11020.0,11020.0,0.042649347335100174,0.3267117440700531,0.3045917749404907,0.0,10,0,1,1,,,,0,,00011101|00011101|00011101|00011101|00011101|00011101|00011101|00011101|00011101|00011101|00011101|00011101|00011101|00011101|00011101|00011101|00011101|00011101|00011101|00011101,5,5
20,11,random,R0.0,0.7899150848388672,0.5242818638440875,0.6457258311823936,12384.615234375,12200.0,0.025346891954541206,0.3381396234035492,0.4264284670352936,0.0,14,0,1,1,,,,0,,11011000|11011000|11011000|11011000|11011000|11011000|11011000|11011000|11011000|11011000|11011000|11011000|11011000|11011000|11011000|11011000|11011000|11011000|11011000|11011000,9,11
20,12,random,R0.1,0.8033115267753601,0.5502071264876482,0.5974604780352915,12807.6923828125,13500.0,0.03998671472072601,0.377714067697525,0.36551010608673096,0.020100653171539307,12,2,1,2,,,,2,,11100100|11100100|11100100|11100100|11100100|11100100|11100100|11100100|11100100|11100100|01110100|01110100|01110100|01110100|01110100|01110100|01110100|01110100|01110100|01110100,10,9
20,13,random,R0.1,0.9988043308258057,0.420790505835572,0.86562017999099,15827.6923828125,18300.0,0.023478757590055466,0.40757614374160767,0.4873468279838562,0.08040261268615723,16,8,1,5,,,,8,,10101100|10101100|10101100|10011100|10011100|10111000|10111000|10111000|10111000|10101100|10101100|10101100|10101100|10101100|10101100|10101100|10101100|00101110|00101110|00101110,12,12
20,14,random,R0.5,1.3301136493682861,0.3828496120375245,0.960113024777248,21904.615234375,24700.0,0.03321506828069687,0.7608411312103271,0.33505094051361084,0.20100653171539307,11,20,1,11,,,,20,,10011010|01011010|01011010|01011010|01011010|01011010|00011110|10010110|10010110|10010110|11010010|11010010|11011000|11011000|11011000|11110000|11010001|11001001|11001100|11100100,14,16
20,15,random,R0.5,0.9481825828552246,0.5293656215822699,0.6360759297520737,16961.5390625,19500.0,0.05405248701572418,0.5603119134902954,0.21321424841880798,0.12060391902923584,7,12,2,7,,,,12,,10100101|10110001|10110001|10100101|10100101|10100110|10100101|10100101|10100101|10100101|10100101|10100101|10100101|10100101|10100101|10100101|10110100|10110100|10110100|10100110,11,10
21,0,baseline,B1,0.7674739360809326,0.5295165961009176,0.635790771465062,13153.8466796875,14000.0,0.030232969671487808,0.34127163887023926,0.39596930146217346,0.0,13,0,3,1,,,0,0,0,11001001|11001001|11001001|11001001|11001001|11001001|11001001|11001001|11001001|11001001|11001001|11001001|11001001|11001001|11001001|11001001|11001001|11001001|11001001|11001001,2,5
21,1,baseline,B2,1.1046408414840698,0.44831139675664683,0.8022672059787085,18500.955078125,20920.0,0.03382982313632965,0.6267473697662354,0.18275506794452667,0.261308491230011,6,26,4,11,,,26,26,0,00001111|11000011|11000011|11000011|11000011|11000011|10000111|10101100|10101100|11101000|11101000|11101000|10101001|01101001|11001001|01101001|01011001|01011001|01011001|10101001,13,12
21,2,baseline,B3,0.8020726442337036,0.5893825676233073,0.5286797855948846,16500.0,17500.0,0.10001803189516068,0.5704758167266846,0.09137753397226334,0.04020130634307861,3,4,0,3,,,4,4,0,00111100|00111100|00111100|00111100|00111100|00111100|00111100|00111100|00111100|00111100|00111100|00110110|00110110|00110110|00110110|10110100|10110100|10110100|10110100|10110100,4,1
21,3,baseline,B4,0.9715317487716675,0.47456366428252134,0.7453594986309037,15884.615234375,15700.0,0.040694285184144974,0.47394973039627075,0.4568876624107361,0.0,15,0,1,1,,,0,0,0,00001111|00001111|00001111|00001111|00001111|00001111|00001111|00001111|00001111|00001111|00001111|00001111|00001111|00001111|00001111|00001111|00001111|00001111|00001111|00001111,9,11
21,4,perturb,B1p0,0.8549205660820007,0.523668740539805,0.6468959691100327,14505.158203125,14700.0,0.04059929400682449,0.4183519780635834,0.39596930146217346,0.0,13,0,2,1,B1,C,0,0,0,10011001|10011001|10011001|10011001|10011001|10011001|10011001|10011001|10011001|10011001|10011001|10011001|10011001|10011001|10011001|10011001|10011001|10011001|10011001|10011001,7,8
21,5,perturb,B1p1,0.7943891882896423,0.5282457418537474,0.6381936833727004,13912.3076171875,14220.0,0.045003488659858704,0.4143346846103668,0.33505094051361084,0.0,11,0,2,1,B1,C,0,0,0,11000011|11000011|11000011|11000011|11000011|11000011|11000011|11000011|11000011|11000011|11000011|11000011|11000011|11000011|11000011|11000011|11000011|11000011|11000011|11000011,3,6
21,6,perturb,B2p0,0.9810395836830139,0.4884198838520046,0.7165798253466161,16500.955078125,18720.0,0.03422994911670685,0.5429473519325256,0.18275506794452667,0.22110718488693237,6,22,4,9,B2,B,26,22,-4,00001111|11000011|11000011|11000011|11000011|11000011|10000111|10101100|10101100|11101000|11101000|11101000|10101001|01101001|01101001|01101001|01011001|01011001|01011001|10101001,10,9
21,7,perturb,B2p1,1.0738532543182373,0.4442114684417101,0.8114545496612394,17660.00390625,20840.0,0.032290611416101456,0.5871405005455017,0.21321424841880798,0.24120783805847168,7,24,4,10,B2,B,26,24,-2,00001111|11000011|11000011|11000011|11000011|11000011|10000111|10101100|10101100|11101000|11101000|11101000|10101001|01101001|11001001|11001001|01011001|01011001|01011001|10101001,12,13
21,8,perturb,B3p0,0.8546403646469116,0.5779671903964243,0.5482381759409247,16500.0,17000.0,0.09540561586618423,0.5971965789794922,0.12183671444654465,0.04020130634307861,4,4,0,3,B3,B,4,4,0,00111100|00111100|00111100|00111100|00111100|00111100|00111100|00111100|00111100|00111100|00111100|00110110|00110110|00110110|00110110|00110110|10110100|10110100|10110100|10110100,6,3
21,9,perturb,B3p1,0.8342822790145874,0.569740513176998,0.562574261847102,16500.0,17500.0,0.09500550478696823,0.5772387981414795,0.12183671444654465,0.04020130634307861,4,4,0,3,B3,B,4,4,0,00111100|00111100|00111100|00111100|00111100|00111100|00111100|00111100|00111100|00111100|00111100|00111100|00110110|00110110|00110110|10110100|10110100|10110100|10110100|10110100,5,4
21,10,random,R0.0,0.9305341839790344,0.5239892124212543,0.6462841818553489,16500.0,16500.0,0.06884241104125977,0.5570999979972839,0.3045917749404907,0.0,10,0,0,1,,,,0,,10010110|10010110|10010110|10010110|10010110|10010110|10010110|10010110|10010110|10010110|10010110|10010110|10010110|10010110|10010110|10010110|10010110|10010110|10010110|10010110,8,7
21,11,random,R0.0,0.6935366988182068,0.583455747171264,0.5387866704550041,12730.76953125,13300.0,0.04376513510942459,0.3451797366142273,0.3045917749404907,0.0,10,0,4,1,,,,0,,01101001|01101001|01101001|01101001|01101001|01101001|01101001|01101001|01101001|01101001|01101001|01101001|01101001|01101001|01101001|01101001|01101001|01101001|01101001|01101001,1,2
21,12,random,R0.1,1.003692626953125,0.4746935707697417,0.7450857972921423,17500.0,17500.0,0.06764168292284012,0.5504400134086609,0.36551013588905334,0.020100653171539307,12,2,1,2,,,,2,,00011110|00011110|00011110|00011110|00011110|00011110|10010110|10010110|10010110|10010110|10010110|10010110|10010110|10010110|10010110|10010110|10010110|10010110|10010110|10010110,11,10
21,13,random,R0.1,1.2037324905395508,0.38404081319688255,0.9570064476753117,19500.0,20500.0,0.05200371518731117,0.6040799617767334,0.4873468279838562,0.06030195951461792,16,6,0,4,,,,6,,00110011|00110011|00110011|00110011|00110011|00110011|00110011|00110011|00110011|00110011|00110011|00110011|00110011|00110011|00110110|00011110|00011110|00011110|01010110|01010110,14,14
21,14,random,R0.5,1.4924684762954712,0.3262132963790034,1.1202038281943005,27404.615234375,29500.0,0.06712600588798523,0.8795428276062012,0.3045917749404907,0.24120783805847168,10,24,0,13,,,,24,,01000111|00001111|00001111|00001111|01001101|01001101|01001011|01010011|01010011|00110011|00101011|00101011|00101011|00100111|10100110|11100100|11100100|11010100|11010010|10011010,16,16
21,15,random,R0.5,1.233940839767456,0.3831798331218574,0.959250861822874,21423.078125,24100.0,0.04193032532930374,0.6656951308250427,0.36551013588905334,0.16080522537231445,12,16,2,9,,,,16,,01110010|01110010|00110011|01100011|00101011|01101001|01101001|01101001|01101001|01101001|10101001|10101001|10101001|10101001|00111001|00111001|01110001|00110011|00110011|00110011,15,15
22,0,baseline,B1,0.6723262071609497,0.5613441388701977,0.5774211232644884,10766.4326171875,12540.0,0.038741614669561386,0.23761536180973053,0.3959692716598511,0.0,13,0,2,1,,,0,0,0,01010011|01010011|01010011|01010011|01010011|01010011|01010011|01010011|01010011|01010011|01010011|01010011|01010011|01010011|01010011|01010011|01010011|01010011|01010011|01010011,2,4
22,1,baseline,B2,1.5486618280410767,0.3749381517174617,0.9809941953674042,23480.279296875,27100.0,0.03516692668199539,0.8988839387893677,0.15229588747024536,0.46231502294540405,5,46,6,17,,,46,46,0,10000111|01000111|10000111|10110001|11001100|10101100|10111000|01110010|11010010|11001010|01110001|10100101|00100111|00100111|01100011|01100011|01100011|01010011|01011010|01010011,16,14
22,2,baseline,B3,0.6455984711647034,0.6126895432253148,0.4898969261085625,13384.615234375,13500.0,0.05979225039482117,0.3524913489818573,0.21321424841880798,0.020100653171539307,7,2,2,2,,,2,2,0,01001110|01001110|01001110|01001110|01001110|01001110|01001110|01001011|01001011|01001011|01001011|01001011|01001011|01001011|01001011|01001011|01001011|01001011|01001011|01001011,1,1
22,3,baseline,B4,0.9072322845458984,0.5050276945653286,0.6831420104870518,15500.0,15500.0,0.04730524122714996,0.46395766735076904,0.39596933126449585,0.0,13,0,1,1,,,0,0,0,00001111|00001111|00001111|00001111|00001111|00001111|00001111|00001111|00001111|00001111|00001111|00001111|00001111|00001111|00001111|00001111|00001111|00001111|00001111|00001111,7,6
22,4,perturb,B1p0,0.8587239384651184,0.513702212440182,0.6661115346461202,13567.4287109375,12500.0,0.035263363271951675,0.33611369132995605,0.4873468279838562,0.0,16,0,2,1,B1,C,0,0,0,00110011|00110011|00110011|00110011|00110011|00110011|00110011|00110011|00110011|00110011|00110011|00110011|00110011|00110011|00110011|00110011|00110011|00110011|00110011|00110011,5,5
22,5,perturb,B1p1,0.9063339233398438,0.48773542030839484,0.7179821916562934,14182.8134765625,13900.0,0.03414448723196983,0.3543834388256073,0.5178059935569763,0.0,17,0,2,1,B1,C,0,0,0,01100011|01100011|01100011|01100011|01100011|01100011|01100011|01100011|01100011|01100011|01100011|01100011|01100011|01100011|01100011|01100011|01100011|01100011|01100011|01100011,6,8
22,6,perturb,B2p0,1.425060749053955,0.4008748153669577,0.9141060815440218,21480.279296875,25100.0,0.03556705266237259,0.8150840401649475,0.15229588747024536,0.42211371660232544,5,42,6,15,B2,B,46,42,-4,10000111|10000111|10000111|10110001|11001100|10101100|10111000|01110010|11010010|11001010|01110001|10100101|00100111|00100111|01100011|01100011|01100011|01010011|01011010|01010011,13,11
22,7,perturb,B2p1,1.502261996269226,0.38232732952357035,0.9614781537211444,22480.279296875,26100.0,0.03556705266237259,0.8520840406417847,0.15229588747024536,0.46231502294540405,5,46,6,16,B2,B,46,46,0,10000111|01000111|10000111|10110001|11001100|10101100|10111000|01110010|11010010|11001010|01110001|10100101|00100111|00100111|01100011|01100011|01100011|01011010|01011010|01010011,15,13
22,8,perturb,B3p0,0.6876721978187561,0.59230185635755,0.5237388815532765,14000.0,14000.0,0.05786823481321335,0.3660297989845276,0.2436734288930893,0.020100653171539307,8,2,2,2,B3,B,2,2,0,01001110|01001110|01001110|01001110|01001110|01001110|01001110|01001110|01001011|01001011|01001011|01001011|01001011|01001011|01001011|01001011|01001011|01001011|01001011|01001011,3,3
22,9,perturb,B3p1,0.6902052164077759,0.6042331415946253,0.5037951595070287,13384.615234375,13200.0,0.055179841816425323,0.37125134468078613,0.2436734288930893,0.020100653171539307,8,2,2,2,B3,B,2,2,0,01001110|01001110|01001110|01001110|01001110|01001110|01001011|01001011|01001011|01001011|01001011|01001011|01001011|01001011|01001011|01001011|01001011|01001011|01001011|01001011,4,2
22,10,random,R0.0,0.9320881366729736,0.48889982611329513,0.715597665066868,15307.6923828125,15500.0,0.05412895604968071,0.4515307545661926,0.4264284670352936,0.0,14,0,2,1,,,,0,,11101000|11101000|11101000|11101000|11101000|11101000|11101000|11101000|11101000|11101000|11101000|11101000|11101000|11101000|11101000|11101000|11101000|11101000|11101000|11101000,9,7
22,11,random,R0.0,0.9093824625015259,0.48372320901851884,0.7262424180456409,14644.3515625,15300.0,0.04636520892381668,0.4061295688152313,0.4568876326084137,0.0,15,0,3,1,,,,0,,01101010|01101010|01101010|01101010|01101010|01101010|01101010|01101010|01101010|01101010|01101010|01101010|01101010|01101010|01101010|01101010|01101010|01101010|01101010|01101010,8,9
22,12,random,R0.1,1.1129761934280396,0.4385847817501313,0.8242021409324375,17615.384765625,18400.0,0.03041640855371952,0.5452694296836853,0.4568876326084137,0.08040261268615723,15,8,2,5,,,,8,,10010101|10010101|10100101|10100011|10100011|10100011|10100011|10100011|10010011|10010011|10010011|10010011|10010011|10010011|10010011|11010010|11010010|11010010|11010010|11010010,10,10
22,13,random,R0.1,1.1602815389633179,0.3839421686495684,0.9572633402111839,17807.69140625,18200.0,0.018913080915808678,0.4718829095363617,0.6091835498809814,0.06030195951461792,20,6,0,4,,,,6,,10010101|10010101|00011101|00011101|00011101|00011101|00011101|00011101|01011001|01011001|01011001|01011001|01011001|11010001|11010001|11010001|11010001|11010001|11010001|11010001,11,12
22,14,random,R0.5,1.43070387840271,0.36118205343824383,1.0183731446143256,24923.078125,26500.0,0.05045606940984726,0.8137311339378357,0.36551010608673096,0.20100653171539307,12,20,2,11,,,,20,,11110000|11110000|11110000|11100001|01101001|11001001|01001101|01101001|00101011|10100011|10100011|10100011|10100011|10000111|00010111|00010111|00010111|00110101|00110101|00110101,14,15
22,15,random,R0.5,1.417778730392456,0.3385967527141268,1.0829453996594889,23269.23046875,25620.0,0.048362135887145996,0.7212646007537842,0.4873468279838562,0.16080522537231445,16,16,3,9,,,,16,,00111010|00111010|00111010|00111010|00110011|00110011|00110011|01100011|01100101|01010101|01010101|01010101|01010101|01010101|01010101|10010101|11000101|11001001|11001001|11000101,12,16
23,0,baseline,B1,0.3305312693119049,0.7736215168046312,0.25667252136657365,6440.0,7040.0,0.027371078729629517,0.18132346868515015,0.12183671444654465,0.0,4,0,2,1,,,0,0,0,01110010|01110010|01110010|01110010|01110010|01110010|01110010|01110010|01110010|01110010|01110010|01110010|01110010|01110010|01110010|01110010|01110010|01110010|01110010|01110010,1,1
23,1,baseline,B2,0.7959802746772766,0.5599908332483177,0.5798348645863517,12587.826171875,15440.0,0.020017415285110474,0.4439939260482788,0.030459178611636162,0.3015097975730896,1,30,3,11,,,30,30,0,00001111|00111010|00111010|00111010|00111010|00111010|00111010|00111010|00111010|00001111|11000110|01100110|11000110|01011100|11010100|01111000|01110100|01110010|01110010|01110010,13,13
23,2,baseline,B3,0.606428861618042,0.7110850663514567,0.3409632130845851,12000.0,12000.0,0.048092108219861984,0.43650001287460327,0.12183671444654465,0.0,4,0,1,1,,,0,0,0,11000101|11000101|11000101|11000101|11000101|11000101|11000101|11000101|11000101|11000101|11000101|11000101|11000101|11000101|11000101|11000101|11000101|11000101|11000101|11000101,8,2
23,3,baseline,B4,0.612388551235199,0.6612280924204739,0.41365642691350585,10560.0,10560.0,0.03092336468398571,0.33779171109199524,0.2436734288930893,0.0,8,0,1,1,,,0,0,0,00001111|00001111|00001111|00001111|00001111|00001111|00001111|00001111|00001111|00001111|00001111|00001111|00001111|00001111|00001111|00001111|00001111|00001111|00001111|00001111,9,7
23,4,perturb,B1p0,0.49931585788726807,0.6799918567333914,0.3856744562757618,8740.0,9340.0,0.024299882352352142,0.26180171966552734,0.21321424841880798,0.0,7,0,1,1,B1,C,0,0,0,01010011|01010011|01010011|01010011|01010011|01010011|01010011|01010011|01010011|01010011|01010011|01010011|01010011|01010011|01010011|01010011|01010011|01010011|01010011|01010011,2,5
23,5,perturb,B1p1,0.5349823832511902,0.6954997118069522,0.3631246819868745,9413.9130859375,9240.0,0.028712058439850807,0.29305610060691833,0.21321424841880798,0.0,7,0,1,1,B1,C,0,0,0,11100010|11100010|11100010|11100010|11100010|11100010|11100010|11100010|11100010|11100010|11100010|11100010|11100010|11100010|11100010|11100010|11100010|11100010|11100010|11100010,4,3
23,6,perturb,B2p0,0.831404447555542,0.5480850611446131,0.6013247830128526,13387.826171875,16240.0,0.02402946539223194,0.47540608048439026,0.030459178611636162,0.3015097975730896,1,30,3,11,B2,B,30,30,0,00001111|00001111|00111010|00111010|00111010|00111010|00111010|00111010|00111010|00001111|11000110|01100110|11000110|01011100|11010100|01111000|01110100|01110010|01110010|01110010,14,14
23,7,perturb,B2p1,0.7345391511917114,0.5929575580453428,0.5226324541387941,12067.826171875,14440.0,0.02041754312813282,0.42235392332077026,0.030459178611636162,0.261308491230011,1,26,3,10,B2,B,30,26,-4,00001111|00111010|00111010|00111010|00111010|00111010|00111010|00111010|00111010|00001111|11000110|01100110|11000110|11010100|11010100|01111000|01110100|01110010|01110010|01110010,12,11
23,8,perturb,B3p0,0.5568223595619202,0.6581058682034971,0.418389466672572,9933.9130859375,10360.0,0.028712058439850807,0.3148960769176483,0.21321424841880798,0.0,7,0,1,1,B3,C,0,0,0,11010100|11010100|11010100|11010100|11010100|11010100|11010100|11010100|11010100|11010100|11010100|11010100|11010100|11010100|11010100|11010100|11010100|11010100|11010100|11010100,5,8
23,9,perturb,B3p1,0.6675925850868225,0.6629574825813506,0.41104441968919164,12000.0,12000.0,0.040278345346450806,0.4140999913215637,0.21321424841880798,0.0,7,0,1,1,B3,C,0,0,0,10100101|10100101|10100101|10100101|10100101|10100101|10100101|10100101|10100101|10100101|10100101|10100101|10100101|10100101|10100101|10100101|10100101|10100101|10100101|10100101,10,6
23,10,random,R0.0,0.7338277101516724,0.5649579184555702,0.5710040312191247,11520.0,11520.0,0.01882757991552353,0.3494899868965149,0.36551010608673096,0.0,12,0,0,1,,,,0,,10110001|10110001|10110001|10110001|10110001|10110001|10110001|10110001|10110001|10110001|10110001|10110001|10110001|10110001|10110001|10110001|10110001|10110001|10110001|10110001,11,12
23,11,random,R0.0,0.5265181660652161,0.6936945553165321,0.3657235373797455,9000.0,9000.0,0.03105386160314083,0.28224998712539673,0.21321424841880798,0.0,7,0,0,1,,,,0,,10101010|10101010|10101010|10101010|10101010|10101010|10101010|10101010|10101010|10101010|10101010|10101010|10101010|10101010|10101010|10101010|10101010|10101010|10101010|10101010,3,4
23,12,random,R0.1,0.5889355540275574,0.6187744736336445,0.48001441253414584,10240.0,10840.0,0.026441453024744987,0.29871997237205505,0.2436734288930893,0.020100653171539307,8,2,1,2,,,,2,,11010010|11010010|11010010|11010010|11010010|10011010|10011010|10011010|10011010|10011010|10011010|10011010|10011010|10011010|10011010|10011010|10011010|10011010|10011010|10011010,7,10
23,13,random,R0.1,0.5839002728462219,0.6531601058931733,0.4259329946236409,10520.0,11000.0,0.026170356199145317,0.334773451089859,0.18275506794452667,0.04020130634307861,6,4,1,3,,,,4,,00111010|01110010|01110010|01110010|01110010|01110010|01110010|01110010|01110010|01110010|01110010|01110010|01110010|01110010|01110010|01110010|01111000|01111000|01111000|01111000,6,9
23,14,random,R0.5,1.2367404699325562,0.4359885544586255,0.8301392872193573,20120.0,21600.0,0.02464071288704872,0.7168599367141724,0.2741326093673706,0.22110718488693237,9,22,1,12,,,,22,,10010101|10110001|11010001|11010001|11010001|11110000|11110000|11100010|11000110|11000110|01000111|01001101|01001101|01001101|01010101|01010101|00010111|00001111|00001111|10001011,16,16
23,15,random,R0.5,0.9967465996742249,0.4677677139451947,0.7597834440047744,16740.0,18760.0,0.0210287906229496,0.5407799482345581,0.2741326093673706,0.16080522537231445,9,16,0,9,,,,16,,10010011|10010011|10010011|10010011|10010101|11000101|10100101|10100101|10110001|00110101|00110101|00110101|00110101|01110001|01011001|01011001|01011001|01011001|01010011|01010011,15,15
24,0,baseline,B1,0.6381703019142151,0.5550481550282007,0.5887004031830604,11230.76953125,13220.0,0.05129284784197807,0.2518264651298523,0.33505094051361084,0.0,11,0,4,1,,,0,0,0,11010001|11010001|11010001|11010001|11010001|11010001|11010001|11010001|11010001|11010001|11010001|11010001|11010001|11010001|11010001|11010001|11010001|11010001|11010001|11010001,1,4
24,1,baseline,B2,1.542607307434082,0.3242798195202613,1.1261484954180423,23096.236328125,25120.0,0.038794148713350296,0.8081832528114319,0.21321424841880798,0.48241567611694336,7,48,6,15,,,48,48,0,00001111|01110001|11000101|01100101|11100001|10110100|10110100|11100100|11100100|11100100|11110000|11010010|11010010|11010010|01110010|10011100|00110110|01100110|10111000|00101110,15,14
24,2,baseline,B3,0.6588069796562195,0.6085397068752497,0.49669311498545765,13533.02734375,14020.0,0.0684494823217392,0.3875017464160919,0.18275506794452667,0.020100653171539307,6,2,4,2,,,2,2,0,11100001|11100001|11100001|11100001|11100001|11100001|11100001|11100001|11100001|11100001|11100001|11100001|11110000|11110000|11110000|11110000|11110000|11110000|11110000|11110000,2,2
24,3,baseline,B4,0.8854292035102844,0.5066638638197913,0.6799074857598483,14747.826171875,14500.0,0.07348749786615372,0.44643160700798035,0.36551013588905334,0.0,12,0,1,1,,,0,0,0,00001111|00001111|00001111|00001111|00001111|00001111|00001111|00001111|00001111|00001111|00001111|00001111|00001111|00001111|00001111|00001111|00001111|00001111|00001111|00001111,6,6
24,4,perturb,B1p0,0.9911039471626282,0.4224813728335554,0.8616099211247277,14673.8466796875,14720.0,0.03433797135949135,0.34758231043815613,0.6091834902763367,0.0,20,0,2,1,B1,C,0,0,0,11000011|11000011|11000011|11000011|11000011|11000011|11000011|11000011|11000011|11000011|11000011|11000011|11000011|11000011|11000011|11000011|11000011|11000011|11000011|11000011,9,11
24,5,perturb,B1p1,1.0247832536697388,0.42697614042288334,0.8510271445444845,15500.0,15500.0,0.03540525212883949,0.4106535315513611,0.5787243843078613,0.0,19,0,0,1,B1,C,0,0,0,10011001|10011001|10011001|10011001|10011001|10011001|10011001|10011001|10011001|10011001|10011001|10011001|10011001|10011001|10011001|10011001|10011001|10011001|10011001|10011001,10,9
24,6,perturb,B2p0,1.5296739339828491,0.32268818806250926,1.131068784057084,22818.7890625,24920.0,0.03740623965859413,0.7862790822982788,0.2436734139919281,0.46231502294540405,8,46,5,14,B2,B,48,46,-2,00001111|01110001|11000101|01100101|01100101|10110100|10110100|11100100|11100100|11100100|11110000|11010010|11010010|11010010|01110010|10011100|00110110|01100110|10111000|00101110,14,15
24,7,perturb,B2p1,1.4831666946411133,0.33438842516816697,1.0954520121022175,22096.236328125,24220.0,0.03919427469372749,0.76844322681427,0.21321424841880798,0.46231502294540405,7,46,6,14,B2,B,48,46,-2,00001111|01110001|11000101|11100001|11100001|10110100|10110100|11100100|11100100|11100100|11110000|11010010|11010010|11010010|01110010|10011100|00110110|01100110|10111000|00101110,13,13
24,8,perturb,B3p0,0.666688084602356,0.5949956463086407,0.5192011905916126,13533.02734375,13420.0,0.06614066660404205,0.3672325611114502,0.21321424841880798,0.020100653171539307,7,2,3,2,B3,B,2,2,0,11100001|11100001|11100001|11100001|11100001|11100001|11100001|11100001|11100001|11100001|11100001|11100001|11100001|11110000|11110000|11110000|11110000|11110000|11110000|11110000,4,3
24,9,perturb,B3p1,0.6588069796562195,0.615861262964622,0.4847335632750336,13533.02734375,13420.0,0.0684494823217392,0.3875017464160919,0.18275506794452667,0.020100653171539307,6,2,4,2,B3,B,2,2,0,11100001|11100001|11100001|11100001|11100001|11100001|11100001|11100001|11100001|11100001|11100001|11110000|11110000|11110000|11110000|11110000|11110000|11110000|11110000|11110000,3,1
24,10,random,R0.0,0.9865208864212036,0.4425731218601112,0.8151495810444636,15500.0,15500.0,0.04068688303232193,0.4280279874801636,0.5178060531616211,0.0,17,0,1,1,,,,0,,11001001|11001001|11001001|11001001|11001001|11001001|11001001|11001001|11001001|11001001|11001001|11001001|11001001|11001001|11001001|11001001|11001001|11001001|11001001|11001001,8,8
24,11,random,R0.0,0.9368519186973572,0.46089102511573093,0.7745936519648348,14020.0,14020.0,0.047154705971479416,0.37189117074012756,0.5178060531616211,0.0,17,0,1,1,,,,0,,00100111|00100111|00100111|00100111|00100111|00100111|00100111|00100111|00100111|00100111|00100111|00100111|00100111|00100111|00100111|00100111|00100111|00100111|00100111|00100111,7,7
24,12,random,R0.1,0.834727942943573,0.5145420795260541,0.6644779398297739,15255.580078125,16200.0,0.053988728672266006,0.4054868817329407,0.33505094051361084,0.04020130634307861,11,4,1,3,,,,4,,01110100|01110100|01110100|01110100|01100101|01100101|01100101|11100001|11100001|11100001|11100001|11100001|11100001|11100001|11100001|11100001|11100001|11100001|11100001|11100001,5,5
24,13,random,R0.1,1.1112349033355713,0.42404191150652265,0.8579229807425682,16873.9140625,17200.0,0.05250024423003197,0.5311864614486694,0.4873468279838562,0.04020130634307861,16,4,1,3,,,,4,,10101001|10101001|10101001|10101001|10101001|10101001|10101001|10101001|00101011|00101011|00101011|00101011|00101011|00101011|00101011|00101011|00101011|00101011|01001011|01001011,11,10
24,14,random,R0.5,1.243391990661621,0.35674491259305724,1.0307342831527804,20551.8359375,21920.0,0.03497413173317909,0.5298064947128296,0.5178060531616211,0.16080522537231445,17,16,4,9,,,,16,,11100001|11110000|11110000|11100001|11100001|11001001|10011001|10010101|10010101|10010101|10010101|11010001|11010001|11010001|11010001|11010001|11010001|10011001|10010011|10010011,12,12
24,15,random,R0.5,1.7048101425170898,0.2764362538254756,1.2857750313430405,23943.078125,25520.0,0.020642217248678207,0.813059389591217,0.6701018810272217,0.20100653171539307,22,20,1,11,,,,20,,11000101|11000101|11010001|11001001|11001100|11001100|11001100|10001110|10101100|11100100|11000101|11000101|10000111|00100111|00100111|00100111|10100101|10100101|10100101|10100101,16,16
26,0,baseline,B1,0.7921186685562134,0.5414183571803974,0.6135629955049522,14196.123046875,14120.0,0.035046834498643875,0.3611025810241699,0.39596930146217346,0.0,13,0,4,1,,,0,0,0,11100010|11100010|11100010|11100010|11100010|11100010|11100010|11100010|11100010|11100010|11100010|11100010|11100010|11100010|11100010|11100010|11100010|11100010|11100010|11100010,4,7
26,1,baseline,B2,0.8774846196174622,0.5776367640793488,0.5488100437072139,15816.5380859375,16540.0,0.038871392607688904,0.5255120992660522,0.15229588747024536,0.16080522537231445,5,16,4,8,,,16,16,0,11000011|10100011|10100011|10100011|10100011|11000011|11000011|10001011|10010011|00101011|00101011|00101011|01101010|01101010|01110010|01110010|01110010|01110010|01110010|01110010,7,5
26,2,baseline,B3,0.7242134809494019,0.6191586833081605,0.4793936848564066,14483.8154296875,13900.0,0.05231703445315361,0.4081224501132965,0.2436734288930893,0.020100653171539307,8,2,3,2,,,2,2,0,10100011|10100011|10100011|10100011|10100011|10100011|10100011|10100011|10100011|10100011|10100011|10100011|10100110|10100110|10100110|10100110|10100110|10100110|10100110|10100110,1,1
26,3,baseline,B4,1.0896133184432983,0.4331837792119678,0.8365932086653806,17000.0,17000.0,0.040655747056007385,0.5006923079490662,0.5482652187347412,0.0,18,0,1,1,,,0,0,0,00001111|00001111|00001111|00001111|00001111|00001111|00001111|00001111|00001111|00001111|00001111|00001111|00001111|00001111|00001111|00001111|00001111|00001111|00001111|00001111,12,12
26,4,perturb,B1p0,0.951397180557251,0.5025205536364861,0.6881187371262251,16500.0,16500.0,0.04042179882526398,0.48454686999320984,0.4264284670352936,0.0,14,0,1,1,B1,C,0,0,0,10100110|10100110|10100110|10100110|10100110|10100110|10100110|10100110|10100110|10100110|10100110|10100110|10100110|10100110|10100110|10100110|10100110|10100110|10100110|10100110,9,8
26,5,perturb,B1p1,0.8953713178634644,0.48324796890951716,0.7272253638833526,14580.73828125,14220.0,0.034902673214673996,0.37312179803848267,0.4873468279838562,0.0,16,0,2,1,B1,C,0,0,0,11101000|11101000|11101000|11101000|11101000|11101000|11101000|11101000|11101000|11101000|11101000|11101000|11101000|11101000|11101000|11101000|11101000|11101000|11101000|11101000,8,10
26,6,perturb,B2p0,0.8431196808815002,0.5565012726309473,0.586085821421089,15816.5380859375,16560.0,0.03696270287036896,0.4625966250896454,0.18275506794452667,0.16080522537231445,6,16,3,8,B2,B,16,16,0,11000011|10100011|10100011|10100011|10100011|11000011|11000011|10001011|10010011|10010011|00101011|00101011|01101010|01101010|01110010|01110010|01110010|01110010|01110010|01110010,5,6
26,7,perturb,B2p1,0.8730847835540771,0.5807233343387403,0.5434808242898059,15816.5380859375,16540.0,0.0392715185880661,0.52071213722229,0.15229588747024536,0.16080522537231445,5,16,4,8,B2,B,16,16,0,11000011|10100011|10100011|10100011|10100011|10100011|11000011|10001011|10010011|00101011|00101011|00101011|01101010|01101010|01110010|01110010|01110010|01110010|01110010|01110010,6,4
26,8,perturb,B3p0,0.7720991969108582,0.5812808270435337,0.5425212877130965,14483.8154296875,14100.0,0.04538048431277275,0.4020262658596039,0.3045917749404907,0.020100653171539307,10,2,3,2,B3,B,2,2,0,10100011|10100011|10100011|10100011|10100011|10100011|10100011|10100011|10100011|10100011|10100011|10100110|10100110|10100110|10100110|10100110|10100110|10100110|10100110|10100110,3,3
26,9,perturb,B3p1,0.7392873764038086,0.5893167120367018,0.5287915284080186,14483.8154296875,14400.0,0.050777826458215714,0.39427629113197327,0.2741326093673706,0.020100653171539307,9,2,3,2,B3,B,2,2,0,10100011|10100011|10100011|10100011|10100011|10100011|10100011|10100011|10100011|10100011|10100011|10100011|10100011|10100110|10100110|10100110|10100110|10100110|10100110|10100110,2,2
26,10,random,R0.0,1.0015674829483032,0.4925692306223123,0.7081202584575038,17000.0,17000.0,0.0745355635881424,0.5615217089653015,0.36551013588905334,0.0,12,0,1,1,,,,0,,01010101|01010101|01010101|01010101|01010101|01010101|01010101|01010101|01010101|01010101|01010101|01010101|01010101|01010101|01010101|01010101|01010101|01010101|01010101|01010101,11,9
26,11,random,R0.0,0.995393693447113,0.4370696413659728,0.8276627341898537,15730.76953125,15500.0,0.03044898808002472,0.41667938232421875,0.5482652187347412,0.0,18,0,1,1,,,,0,,11110000|11110000|11110000|11110000|11110000|11110000|11110000|11110000|11110000|11110000|11110000|11110000|11110000|11110000|11110000|11110000|11110000|11110000|11110000|11110000,10,11
26,12,random,R0.1,1.2864861488342285,0.3979536917663094,0.9214196328131149,21520.0,23320.0,0.06719779968261719,0.7532750964164734,0.36551013588905334,0.10050326585769653,12,10,2,6,,,,10,,01100101|01100101|01100101|01100101|11000101|11000101|11000101|11000101|11000101|11000101|11000101|11000101|11000101|11100100|10100101|00110101|10010101|10010101|10010101|10010101,15,14
26,13,random,R0.1,1.1669354438781738,0.39826000643891013,0.9206502044840037,21500.0,22520.0,0.039241086691617966,0.5703033208847046,0.4568876624107361,0.10050326585769653,15,10,1,6,,,,10,,00111001|00111001|00111001|00111001|00111001|00111001|00111001|00111001|00111001|00111001|10101001|10101001|10111000|10111000|10101010|10101010|10101010|10101010|01101010|00111010,13,13
26,14,random,R0.5,1.2898808717727661,0.3622368536313118,1.01545698931272,23946.892578125,25820.0,0.056225478649139404,0.6464216113090515,0.4264284670352936,0.16080522537231445,14,16,2,9,,,,16,,01101100|01101100|01101100|01101100|00101101|01101001|10101001|10001011|10001011|10001101|10001101|10001101|10001101|10001101|00001111|00001111|10000111|10000111|10000111|10010011,16,16
26,15,random,R0.5,1.2142382860183716,0.3783667932169424,0.9718912014243564,21653.84765625,21920.0,0.031140027567744255,0.5446882843971252,0.5178059935569763,0.12060391902923584,17,12,2,7,,,,12,,00111010|00111010|01111000|10111000|10111000|10111000|10111000|10111000|10111000|10111000|10111000|10111000|11101000|11100001|11100001|11100001|11000011|11000011|11100010|11100010,14,15
28,0,baseline,B1,0.45118916034698486,0.6753144418935109,0.3925768567370632,7048.21533203125,7340.0,0.024599647149443626,0.1524568796157837,0.2741326093673706,0.0,9,0,2,1,,,0,0,0,10010011|10010011|10010011|10010011|10010011|10010011|10010011|10010011|10010011|10010011|10010011|10010011|10010011|10010011|10010011|10010011|10010011|10010011|10010011|10010011,3,4
28,1,baseline,B2,0.9828360080718994,0.5155592998865443,0.6625029484134594,16083.6005859375,19380.0,0.026411179453134537,0.6043550372123718,0.030459178611636162,0.3216104507446289,1,32,5,13,,,32,32,0,00001111|10100110|10100110|10100110|10110100|10010110|10110100|00011110|00011110|10001110|01011010|01011010|11010010|11010010|01010011|01010011|10010011|11010001|10100011|10100011,14,12
28,2,baseline,B3,0.42700719833374023,0.7295503685787814,0.31532686805835974,10000.0,11380.0,0.05560032278299332,0.2903878390789032,0.060918357223272324,0.020100653171539307,2,2,1,2,,,2,2,0,01011001|01011001|01011001|01011001|01011001|01011001|01011001|01011001|01011001|01011001|01011001|01011001|11010001|11010001|11010001|11010001|11010001|11010001|11010001|11010001,1,1
28,3,baseline,B4,0.7129291296005249,0.5829302319542105,0.5396877705402549,12500.0,12800.0,0.04114218056201935,0.39765438437461853,0.2741326093673706,0.0,9,0,1,1,,,0,0,0,00001111|00001111|00001111|00001111|00001111|00001111|00001111|00001111|00001111|00001111|00001111|00001111|00001111|00001111|00001111|00001111|00001111|00001111|00001111|00001111,8,8
28,4,perturb,B1p0,0.5160667300224304,0.6752300153241864,0.3927018827130439,9423.599609375,9300.0,0.03134050965309143,0.271511971950531,0.21321424841880798,0.0,7,0,1,1,B1,C,0,0,0,00010111|00010111|00010111|00010111|00010111|00010111|00010111|00010111|00010111|00010111|00010111|00010111|00010111|00010111|00010111|00010111|00010111|00010111|00010111|00010111,5,5
28,5,perturb,B1p1,0.5687101483345032,0.6176077943505811,0.4819016599649034,8520.0,8520.0,0.025684576481580734,0.2079746127128601,0.33505094051361084,0.0,11,0,1,1,B1,C,0,0,0,11000011|11000011|11000011|11000011|11000011|11000011|11000011|11000011|11000011|11000011|11000011|11000011|11000011|11000011|11000011|11000011|11000011|11000011|11000011|11000011,6,6
28,6,perturb,B2p0,0.9829961061477661,0.5157579604259734,0.662117692489737,16083.6005859375,19380.0,0.026811309158802032,0.6041150689125061,0.030459178611636162,0.3216104507446289,1,32,5,13,B2,B,32,32,0,00001111|10100110|10100110|10100110|10110100|10010110|10110100|00011110|00011110|10001110|01011010|01011010|11010010|11010010|11010010|01010011|10010011|11010001|10100011|10100011,15,11
28,7,perturb,B2p1,0.9755268096923828,0.5096442357418783,0.6740423736605033,15775.908203125,19180.0,0.02487196773290634,0.5882265567779541,0.060918357223272324,0.3015097975730896,2,30,5,12,B2,B,32,30,-2,00001111|10100110|10100110|10100110|10010110|10010110|10110100|00011110|00011110|10001110|01011010|01011010|11010010|11010010|01010011|01010011|10010011|11010001|10100011|10100011,13,14
28,8,perturb,B3p0,0.45436733961105347,0.7067954576803738,0.3470139651554725,10320.0,11360.0,0.054445914924144745,0.2884432375431061,0.09137753397226334,0.020100653171539307,3,2,1,2,B3,B,2,2,0,01011001|01011001|01011001|01011001|01011001|01011001|01011001|01011001|01011001|01011001|01011001|01011001|01011001|11010001|11010001|11010001|11010001|11010001|11010001|11010001,4,3
28,9,perturb,B3p1,0.4481217563152313,0.7074153360036508,0.34613732305127765,10000.0,11820.0,0.05454897880554199,0.2820945680141449,0.09137753397226334,0.020100653171539307,3,2,1,2,B3,B,2,2,0,01011001|01011001|01011001|01011001|01011001|01011001|01011001|01011001|01011001|01011001|01011001|11010001|11010001|11010001|11010001|11010001|11010001|11010001|11010001|11010001,2,2
28,10,random,R0.0,0.7053627967834473,0.5904486628892234,0.526872585499654,12500.0,12500.0,0.04764273390173912,0.41404664516448975,0.2436734288930893,0.0,8,0,0,1,,,,0,,01001011|01001011|01001011|01001011|01001011|01001011|01001011|01001011|01001011|01001011|01001011|01001011|01001011|01001011|01001011|01001011|01001011|01001011|01001011|01001011,7,7
28,11,random,R0.0,0.7740307450294495,0.5668926520166286,0.5675853194281939,12500.0,12500.0,0.03541678935289383,0.3731038570404053,0.36551013588905334,0.0,12,0,1,1,,,,0,,10001101|10001101|10001101|10001101|10001101|10001101|10001101|10001101|10001101|10001101|10001101|10001101|10001101|10001101|10001101|10001101|10001101|10001101|10001101|10001101,9,9
28,12,random,R0.1,0.968051016330719,0.5123465257274726,0.6687540748124461,13904.615234375,15420.0,0.022706281393766403,0.5195325613021851,0.36551010608673096,0.06030195951461792,12,6,2,4,,,,6,,00110101|00110101|00110101|00110101|00110101|00110101|00110101|00110101|00110101|00110101|00110101|00110101|00110011|00110011|00110011|00110011|00110011|00110101|00110101|00100111,12,13
28,13,random,R0.1,0.8253864049911499,0.5379052466409304,0.6200728558168221,13000.0,13000.0,0.027880221605300903,0.38143616914749146,0.39596933126449585,0.020100653171539307,13,2,1,2,,,,2,,11001001|10011001|10011001|10011001|10011001|10011001|10011001|10011001|10011001|10011001|10011001|10011001|10011001|10011001|10011001|10011001|10011001|10011001|10011001|10011001,10,10
28,14,random,R0.5,1.206285834312439,0.39162617328631305,0.9374475337709226,21000.0,27000.0,0.04217887297272682,0.6481499075889587,0.33505094051361084,0.18090587854385376,11,18,1,10,,,,18,,01110100|01110100|00111100|00101101|01101100|01101100|00111100|00011101|00111100|00111100|00101110|00101110|00101110|00101110|00101110|00101110|00101110|00011110|10001110|10001110,16,16
28,15,random,R0.5,0.9249626994132996,0.48121686140284115,0.7314372551737297,17520.0,21420.0,0.04718392714858055,0.5135014057159424,0.2436734288930893,0.12060391902923584,8,12,2,7,,,,12,,00111001|00111001|00111001|00111100|00111100|10110100|10110100|10110100|10100110|10100110|10100110|10100110|10100110|10001110|10001110|10001110|10001110|10101010|10101010|00101011,11,15
29,0,baseline,B1,0.8284313082695007,0.5287301136341265,0.6372771594771528,14932.3076171875,14720.0,0.04759421944618225,0.41532692313194275,0.36551010608673096,0.0,12,0,2,1,,,0,0,0,10010101|10010101|10010101|10010101|10010101|10010101|10010101|10010101|10010101|10010101|10010101|10010101|10010101|10010101|10010101|10010101|10010101|10010101|10010101|10010101,1,5
29,1,baseline,B2,1.4131865501403809,0.3853105086583609,0.9537057537578706,23732.109375,28640.0,0.04324985295534134,0.8759297132492065,0.15229588747024536,0.3417111039161682,5,34,9,16,,,34,34,0,00001111|10000111|10000111|10100101|10110001|10010101|10110100|10110100|01110100|00111001|00110101|01010101|01010101|10010101|11000101|11000101|11001001|01101001|00001111|10001011,15,15
29,2,baseline,B3,0.8321026563644409,0.6057865221527492,0.5012276286511009,17500.0,17500.0,0.08900070190429688,0.5707053542137146,0.15229588747024536,0.020100653171539307,5,2,3,2,,,2,2,0,01011100|01011100|01011100|01011100|01011100|01011100|01011100|01011100|01011100|01011100|01011100|01011100|01011100|01011100|01110100|01110100|01110100|01110100|01110100|01110100,2,1
29,3,baseline,B4,0.9411394000053406,0.4684066297831995,0.7584184932528518,14619.80078125,14740.0,0.04598768427968025,0.40780484676361084,0.4873468279838562,0.0,16,0,1,1,,,0,0,0,00001111|00001111|00001111|00001111|00001111|00001111|00001111|00001111|00001111|00001111|00001111|00001111|00001111|00001111|00001111|00001111|00001111|00001111|00001111|00001111,8,8
29,4,perturb,B1p0,0.8787769079208374,0.5273809409212725,0.6398321435216394,16020.0,16140.0,0.05895131453871727,0.4847745895385742,0.33505094051361084,0.0,11,0,3,1,B1,C,0,0,0,00011101|00011101|00011101|00011101|00011101|00011101|00011101|00011101|00011101|00011101|00011101|00011101|00011101|00011101|00011101|00011101|00011101|00011101|00011101|00011101,6,6
29,5,perturb,B1p1,0.8599400520324707,0.5060135326669565,0.6811918656511968,14619.80078125,14440.0,0.04623173549771309,0.41773900389671326,0.39596930146217346,0.0,13,0,0,1,B1,C,0,0,0,10000111|10000111|10000111|10000111|10000111|10000111|10000111|10000111|10000111|10000111|10000111|10000111|10000111|10000111|10000111|10000111|10000111|10000111|10000111|10000111,4,7
29,6,perturb,B2p0,1.3491859436035156,0.397828598578432,0.9217340232950986,22732.109375,27640.0,0.043649978935718536,0.8316296935081482,0.15229588747024536,0.3216104507446289,5,32,9,15,B2,B,34,32,-2,00001111|10000111|10000111|10100101|10110001|10010101|10110100|10110100|01110100|00111001|00110101|01010101|01010101|01010101|11000101|11000101|11001001|01101001|00001111|10001011,13,13
29,7,perturb,B2p1,1.403407335281372,0.3871707217537542,0.9488895417440832,23424.416015625,28420.0,0.041710641235113144,0.8573312163352966,0.18275506794452667,0.3216104507446289,6,32,9,15,B2,B,34,32,-2,00001111|10000111|10000111|10100101|10110001|10110100|10110100|10110100|01110100|00111001|00110101|01010101|01010101|10010101|11000101|11000101|11001001|01101001|00001111|10001011,14,14
29,8,perturb,B3p0,0.8661611676216125,0.5770253990222074,0.5498689943402373,17500.0,17500.0,0.0816793441772461,0.5511668920516968,0.21321424841880798,0.020100653171539307,7,2,3,2,B3,B,2,2,0,01011100|01011100|01011100|01011100|01011100|01011100|01011100|01011100|01011100|01011100|01011100|01011100|01011100|01110100|01110100|01110100|01110100|01110100|01110100|01110100,5,2
29,9,perturb,B3p1,0.8933175206184387,0.5653903921485159,0.5702388268834504,17500.0,17500.0,0.08206414431333542,0.577938437461853,0.21321424841880798,0.020100653171539307,7,2,3,2,B3,B,2,2,0,01011100|01011100|01011100|01011100|01011100|01011100|01011100|01011100|01011100|01011100|01011100|01011100|01011100|01011100|01011100|01110100|01110100|01110100|01110100|01110100,7,3
29,10,random,R0.0,1.061570405960083,0.426050494306259,0.8531974085016887,16020.0,16020.0,0.02717624418437481,0.42521053552627563,0.6091835498809814,0.0,20,0,0,1,,,,0,,01010011|01010011|01010011|01010011|01010011|01010011|01010011|01010011|01010011|01010011|01010011|01010011|01010011|01010011|01010011|01010011|01010011|01010011|01010011|01010011,9,11
29,11,random,R0.0,1.1071077585220337,0.4409336964146154,0.8188607631049029,17020.0,17020.0,0.048202529549598694,0.510640025138855,0.5482651591300964,0.0,18,0,0,1,,,,0,,10011010|10011010|10011010|10011010|10011010|10011010|10011010|10011010|10011010|10011010|10011010|10011010|10011010|10011010|10011010|10011010|10011010|10011010|10011010|10011010,11,9
29,12,random,R0.1,0.8479454517364502,0.5376433286432598,0.6205598965862803,14019.80078125,15500.0,0.05234137922525406,0.4404524862766266,0.3350509703159332,0.020100653171539307,11,2,1,2,,,,2,,11000011|11000011|11000011|11000011|11000011|11000011|11000011|11000011|11000011|11000011|11000011|11000011|11000011|11000011|11000011|11001010|11001010|11001010|11001010|11001010,3,4
29,13,random,R0.1,1.0753414630889893,0.43610283443825987,0.8298772046400692,17520.0,17520.0,0.039138659834861755,0.4982961416244507,0.5178060531616211,0.020100653171539307,17,2,2,2,,,,2,,10010110|10010110|10010110|10010110|10010110|10010110|10010110|10010110|10010110|10010110|10010110|10010110|10010110|10010110|10010110|10010110|10010110|10010110|00010111|00010111,10,10
29,14,random,R0.5,1.2186241149902344,0.41147580491047564,0.8880050578950374,20760.0,24000.0,0.06057349219918251,0.7127540707588196,0.3045917749404907,0.14070457220077515,10,14,0,8,,,,14,,10100101|11000101|11000101|11000101|11000101|11001001|11001001|10001101|10001101|10101001|10100101|10001101|10001101|10001101|10001101|10001101|00011101|00011101|00011101|00011101,12,12
29,15,random,R0.5,1.4602620601654053,0.3324814053865676,1.1011713440994344,24020.0,25520.0,0.0384705550968647,0.712721049785614,0.5482651591300964,0.16080522537231445,18,16,0,9,,,,16,,11010010|11010010|11100010|11100010|11100010|11000110|11000110|10001110|10001110|10001110|11001100|11011000|11011000|11010100|10110100|10110100|10100110|10100110|10100110|10100110,16,16
30,0,baseline,B1,0.8387974500656128,0.5192387155949344,0.6553915485854425,13681.5380859375,14020.0,0.018425200134515762,0.39394378662109375,0.4264284670352936,0.0,14,0,1,1,,,0,0,0,10001011|10001011|10001011|10001011|10001011|10001011|10001011|10001011|10001011|10001011|10001011|10001011|10001011|10001011|10001011|10001011|10001011|10001011|10001011|10001011,7,8
30,1,baseline,B2,1.354643702507019,0.4175754922669547,0.8732899312360677,21312.9765625,22960.0,0.0281935203820467,0.8227010369300842,0.12183671444654465,0.3819124102592468,4,38,3,16,,,38,38,0,10010011|10100011|11100001|11100001|10011001|11001001|11000101|01010011|01010011|11010001|00011011|10011010|00011011|10011010|10101010|10101010|11001010|00001111|00001111|00011011,15,14
30,2,baseline,B3,0.6391358375549316,0.6431043948542394,0.4414482120064221,13000.0,13000.0,0.05618402361869812,0.41055530309677124,0.15229588747024536,0.020100653171539307,5,2,3,2,,,2,2,0,01001110|01001110|01001110|01001110|01001110|01001110|01001110|01001110|01010110|01010110|01010110|01010110|01010110|01010110|01010110|01010110|01010110|01010110|01010110|01010110,1,1
30,3,baseline,B4,0.7229780554771423,0.5844009432288761,0.5371679850944445,11866.1533203125,11940.0,0.027762511745095253,0.3297053575515747,0.36551010608673096,0.0,12,0,2,1,,,0,0,0,00001111|00001111|00001111|00001111|00001111|00001111|00001111|00001111|00001111|00001111|00001111|00001111|00001111|00001111|00001111|00001111|00001111|00001111|00001111|00001111,5,5
30,4,perturb,B1p0,0.7895370721817017,0.5457038964803747,0.6056787644812397,13520.0,13840.0,0.03425818309187889,0.42022794485092163,0.33505091071128845,0.0,11,0,1,1,B1,C,0,0,0,10101010|10101010|10101010|10101010|10101010|10101010|10101010|10101010|10101010|10101010|10101010|10101010|10101010|10101010|10101010|10101010|10101010|10101010|10101010|10101010,6,7
30,5,perturb,B1p1,0.9176383018493652,0.4896783906300036,0.7140064490196221,14404.615234375,14220.0,0.01763993129134178,0.41265156865119934,0.4873468279838562,0.0,16,0,1,1,B1,C,0,0,0,01001011|01001011|01001011|01001011|01001011|01001011|01001011|01001011|01001011|01001011|01001011|01001011|01001011|01001011|01001011|01001011|01001011|01001011|01001011|01001011,11,10
30,6,perturb,B2p0,1.231042504310608,0.4485623074134279,0.8017076831336069,19312.9765625,20960.0,0.028593648225069046,0.7389010787010193,0.12183671444654465,0.3417111039161682,4,34,3,14,B2,B,38,34,-4,10010011|10100011|11100001|11100001|10011001|11001001|11000101|01010011|01010011|11010001|00011011|10011010|10011010|10011010|10101010|10101010|11001010|00001111|00001111|00011011,12,12
30,7,perturb,B2p1,1.3385093212127686,0.4248156633310793,0.8560999374858692,20742.2734375,21940.0,0.028593648225069046,0.8061664700508118,0.12183671444654465,0.3819124102592468,4,38,3,15,B2,B,38,38,0,10010011|10100011|11100001|11100001|10011001|10011001|11000101|01010011|01010011|11010001|00011011|10011010|00011011|10011010|10101010|10101010|11001010|00001111|00001111|00011011,14,13
30,8,perturb,B3p0,0.6693325042724609,0.6310356222729328,0.46039296435302157,13000.0,13000.0,0.05117148905992508,0.4153052866458893,0.18275506794452667,0.020100653171539307,6,2,3,2,B3,B,2,2,0,01001110|01001110|01001110|01001110|01001110|01001110|01001110|01010110|01010110|01010110|01010110|01010110|01010110|01010110|01010110|01010110|01010110|01010110|01010110|01010110,3,2
30,9,perturb,B3p1,0.6574404239654541,0.6186650262180718,0.4801913058947847,13076.9228515625,13600.0,0.05464481562376022,0.3999399244785309,0.18275506794452667,0.020100653171539307,6,2,3,2,B3,B,2,2,0,01001110|01001110|01001110|01001110|01001110|01001110|01001110|01001110|01001110|01010110|01010110|01010110|01010110|01010110|01010110|01010110|01010110|01010110|01010110|01010110,2,3
30,10,random,R0.0,0.882847785949707,0.49125048506915203,0.7108011283810324,14393.9130859375,14820.0,0.028481455519795418,0.4279378354549408,0.4264284670352936,0.0,14,0,1,1,,,,0,,11001001|11001001|11001001|11001001|11001001|11001001|11001001|11001001|11001001|11001001|11001001|11001001|11001001|11001001|11001001|11001001|11001001|11001001|11001001|11001001,10,9
30,11,random,R0.0,0.8541045188903809,0.5485719907611246,0.6004367576312362,14520.0,14520.0,0.03235437721014023,0.4562399983406067,0.36551010608673096,0.0,12,0,2,1,,,,0,,00101011|00101011|00101011|00101011|00101011|00101011|00101011|00101011|00101011|00101011|00101011|00101011|00101011|00101011|00101011|00101011|00101011|00101011|00101011|00101011,8,6
30,12,random,R0.1,0.7019292116165161,0.593502676295473,0.5217135555989031,12615.384765625,12400.0,0.04111054167151451,0.3866861164569855,0.2741326093673706,0.0,9,0,1,1,,,,0,,01001110|01001110|01001110|01001110|01001110|01001110|01001110|01001110|01001110|01001110|01001110|01001110|01001110|01001110|01001110|01001110|01001110|01001110|01001110|01001110,4,4
30,13,random,R0.1,0.8581631779670715,0.4896373209366977,0.7140903232857958,13461.5390625,13520.0,0.027578135952353477,0.3736973702907562,0.4568876326084137,0.0,15,0,1,1,,,,0,,11000101|11000101|11000101|11000101|11000101|11000101|11000101|11000101|11000101|11000101|11000101|11000101|11000101|11000101|11000101|11000101|11000101|11000101|11000101|11000101,9,11
30,14,random,R0.5,1.3036381006240845,0.35864334504472195,1.0254268521521224,22270.76953125,25440.0,0.03969426825642586,0.7479869723320007,0.33505094051361084,0.18090587854385376,11,18,2,10,,,,18,,11011000|11011000|11011000|11001100|11001100|11001100|11001100|11001100|11001001|11001001|10001011|10011010|10101010|01101010|01011010|01011010|01110010|01110010|01010110|01010110,13,16
30,15,random,R0.5,1.4524608850479126,0.3697809116156797,0.9948445794909584,24681.5390625,27320.0,0.03847501054406166,0.8273684978485107,0.36551010608673096,0.22110718488693237,12,22,2,12,,,,22,,00011110|01011010|01011010|01110010|00110110|00110110|00011110|00011110|00011110|00011110|00101110|00001111|10001011|10000111|10000111|10001101|11001001|11000011|11000011|11000011,16,15
31,0,baseline,B1,0.8959779739379883,0.5208476389393368,0.6522977196533681,13994.8271484375,14500.0,0.0356154590845108,0.3425564765930176,0.5178060531616211,0.0,17,0,3,1,,,0,0,0,10011100|10011100|10011100|10011100|10011100|10011100|10011100|10011100|10011100|10011100|10011100|10011100|10011100|10011100|10011100|10011100|10011100|10011100|10011100|10011100,5,5
31,1,baseline,B2,1.446634292602539,0.39703631425740465,0.9237275307971057,22676.890625,27500.0,0.045057203620672226,0.7967084646224976,0.18275506794452667,0.42211371660232544,6,42,8,16,,,42,42,0,00100111|00011101|00011101|10010101|00110101|00110101|10110100|00011110|01011100|00110110|00011110|00011110|01011100|10001110|11100010|11000110|11100100|10101100|11011000|11011000,12,13
31,2,baseline,B3,0.7936681509017944,0.5956007537147341,0.5181847127017372,16500.0,17500.0,0.08765961229801178,0.45259296894073486,0.21321424841880798,0.04020130634307861,7,4,3,3,,,4,4,0,11101000|11101000|11101000|11101000|11101000|11101000|11101000|11101000|10101010|10101010|10101010|10101010|10001110|10001110|10001110|10001110|10001110|10001110|10001110|10001110,1,1
31,3,baseline,B4,1.0264495611190796,0.45622688492937247,0.7847650385373561,15384.615234375,16000.0,0.03758293390274048,0.41014230251312256,0.5787243247032166,0.0,19,0,2,1,,,0,0,0,00001111|00001111|00001111|00001111|00001111|00001111|00001111|00001111|00001111|00001111|00001111|00001111|00001111|00001111|00001111|00001111|00001111|00001111|00001111|00001111,6,7
31,4,perturb,B1p0,0.8277824521064758,0.5282887535501897,0.6381122630373434,13585.138671875,13100.0,0.041375577449798584,0.32951924204826355,0.4568876624107361,0.0,15,0,2,1,B1,C,0,0,0,01011100|01011100|01011100|01011100|01011100|01011100|01011100|01011100|01011100|01011100|01011100|01011100|01011100|01011100|01011100|01011100|01011100|01011100|01011100|01011100,3,4
31,5,perturb,B1p1,1.0948063135147095,0.44646621105795176,0.8063915566512584,17000.0,17300.0,0.03792952001094818,0.4781525135040283,0.5787243247032166,0.0,19,0,2,1,B1,C,0,0,0,10011001|10011001|10011001|10011001|10011001|10011001|10011001|10011001|10011001|10011001|10011001|10011001|10011001|10011001|10011001|10011001|10011001|10011001|10011001|10011001,8,8
31,6,perturb,B2p0,1.4512231349945068,0.40143634690450924,0.9127062963842332,22369.19921875,25900.0,0.043902795761823654,0.7920931577682495,0.21321424841880798,0.40201306343078613,7,40,7,15,B2,B,42,40,-2,00100111|00011101|00011101|00011101|00110101|00110101|10110100|00011110|01011100|00110110|00011110|00011110|01011100|10001110|11100010|11000110|11100100|10101100|11011000|11011000,13,12
31,7,perturb,B2p1,1.5170930624008179,0.3886233501367895,0.945144655998427,23369.19921875,27320.0,0.04351799562573433,0.8382470011711121,0.21321424841880798,0.42211371660232544,7,42,8,16,B2,B,42,42,0,00100111|00011101|00011101|10010101|10010101|00110101|10110100|00011110|01011100|00110110|00011110|00011110|01011100|10001110|11100010|11000110|11100100|10101100|11011000|11011000,14,14
31,8,perturb,B3p0,0.838114857673645,0.5838011048668917,0.5381949280204197,16500.0,16500.0,0.08264707773923874,0.4715929627418518,0.2436734288930893,0.04020130634307861,8,4,3,3,B3,B,4,4,0,11101000|11101000|11101000|11101000|11101000|11101000|11101000|11101000|11101000|10101010|10101010|10101010|10001110|10001110|10001110|10001110|10001110|10001110|10001110|10001110,4,2
31,9,perturb,B3p1,0.8191148042678833,0.5810892813914804,0.5428508654481004,16500.0,17500.0,0.08264707773923874,0.45259296894073486,0.2436734288930893,0.04020130634307861,8,4,3,3,B3,B,4,4,0,11101000|11101000|11101000|11101000|11101000|11101000|11101000|10101010|10101010|10101010|10101010|10101010|10001110|10001110|10001110|10001110|10001110|10001110|10001110|10001110,2,3
31,10,random,R0.0,1.1277356147766113,0.43566389417399976,0.8308842178396945,17000.0,17000.0,0.04047122225165367,0.47808074951171875,0.6091835498809814,0.0,20,0,1,1,,,,0,,11000101|11000101|11000101|11000101|11000101|11000101|11000101|11000101|11000101|11000101|11000101|11000101|11000101|11000101|11000101|11000101|11000101|11000101|11000101|11000101,9,9
31,11,random,R0.0,1.0394082069396973,0.4829914562524803,0.7277563144042754,17000.0,18300.0,0.06049881875514984,0.5220217704772949,0.4568876326084137,0.0,15,0,1,1,,,,0,,10001011|10001011|10001011|10001011|10001011|10001011|10001011|10001011|10001011|10001011|10001011|10001011|10001011|10001011|10001011|10001011|10001011|10001011|10001011|10001011,7,6
31,12,random,R0.1,1.244918704032898,0.4059308448350204,0.9015724668073725,20000.0,20300.0,0.04717689007520676,0.5891745686531067,0.5482652187347412,0.06030195951461792,18,6,1,4,,,,6,,11001100|11001100|11000101|11000101|11000101|11000101|11000101|11000101|11000101|11000101|11000101|11000101|11000101|10100101|10100101|10100101|10100101|10100101|10101001|10101001,11,11
31,13,random,R0.1,1.2061543464660645,0.42858744382065705,0.8472604921705377,19000.0,21300.0,0.05328541249036789,0.5948617458343506,0.5178059935569763,0.04020130634307861,17,4,1,3,,,,4,,10001101|10001101|10001101|10001101|10001101|10001110|10001110|10001011|10001011|10001011|10001011|10001011|10001011|10001011|10001011|10001011|10001011|10001011|10001011|10001011,10,10
31,14,random,R0.5,1.5811047554016113,0.3230278799008198,1.1300166440020332,24692.306640625,28900.0,0.03786300867795944,0.804328441619873,0.5178059935569763,0.22110718488693237,17,22,4,12,,,,22,,01001011|00011011|00011011|01011001|01011001|01011001|11011000|11010100|11010100|10010110|10010110|01010110|01011010|01011010|01001110|01001101|01001101|01011001|00011101|00011101,16,16
31,15,random,R0.5,1.541192650794983,0.37169079809495453,0.9896929582539905,24461.5390625,25300.0,0.05142311751842499,0.8519759178161621,0.4568876624107361,0.18090587854385376,15,18,1,10,,,,18,,01011001|01011001|11011000|01011001|01011001|01010101|01110001|01011001|01011001|01011001|01011001|11001001|11000011|11000011|11000011|11000011|11000110|11000110|11000110|01000111,15,15
32,0,baseline,B1,0.783270001411438,0.522622104205759,0.6488966301851278,12838.4609375,13000.0,0.0507333017885685,0.33656734228134155,0.39596930146217346,0.0,13,0,3,1,,,0,0,0,11011000|11011000|11011000|11011000|11011000|11011000|11011000|11011000|11011000|11011000|11011000|11011000|11011000|11011000|11011000|11011000|11011000|11011000|11011000|11011000,5,5
32,1,baseline,B2,1.4123643636703491,0.3827073217004,0.9604847550365985,21941.669921875,25960.0,0.05064111575484276,0.8080306053161621,0.09137753397226334,0.46231502294540405,3,46,9,16,,,46,46,0,00001111|00010111|00010111|11010010|01010011|10010011|10101100|11001100|00101110|00101110|01010110|01110001|11011000|11011000|11011000|10010011|10110010|10100110|01100110|11100100,15,13
32,2,baseline,B3,0.6506192684173584,0.6372181766426885,0.4506431755485007,13838.4609375,14000.0,0.07603209465742111,0.402190625667572,0.15229588747024536,0.020100653171539307,5,2,3,2,,,2,2,0,11010010|11010010|11010010|11010010|11010010|11010010|11010010|11010001|11010001|11010001|11010001|11010001|11010001|11010001|11010001|11010001|11010001|11010001|11010001|11010001,1,1
32,3,baseline,B4,0.8880628943443298,0.4682554911472208,0.7587412107705417,13520.0,14020.0,0.047367170453071594,0.35334885120391846,0.4873468279838562,0.0,16,0,1,1,,,0,0,0,00001111|00001111|00001111|00001111|00001111|00001111|00001111|00001111|00001111|00001111|00001111|00001111|00001111|00001111|00001111|00001111|00001111|00001111|00001111|00001111,8,8
32,4,perturb,B1p0,0.7742167115211487,0.5231823150930551,0.6478252808380761,12548.361328125,12100.0,0.05020589008927345,0.32804152369499207,0.39596930146217346,0.0,13,0,1,1,B1,C,0,0,0,01011010|01011010|01011010|01011010|01011010|01011010|01011010|01011010|01011010|01011010|01011010|01011010|01011010|01011010|01011010|01011010|01011010|01011010|01011010|01011010,4,4
32,5,perturb,B1p1,0.9378485679626465,0.444315807225496,0.8112196918529923,13953.845703125,14300.0,0.03486732766032219,0.3547160029411316,0.5482651591300964,0.0,18,0,2,1,B1,C,0,0,0,10011010|10011010|10011010|10011010|10011010|10011010|10011010|10011010|10011010|10011010|10011010|10011010|10011010|10011010|10011010|10011010|10011010|10011010|10011010|10011010,9,10
32,6,perturb,B2p0,1.387921690940857,0.39475444480652,0.9294913661085861,21741.669921875,23780.0,0.049640629440546036,0.7943305969238281,0.12183671444654465,0.42211371660232544,4,42,6,15,B2,B,46,42,-4,00001111|00010111|00010111|01010011|01010011|10010011|10101100|11001100|00101110|00101110|01010110|01110001|11011000|11011000|11011000|10010011|10110010|10100110|01100110|11100100,13,12
32,7,perturb,B2p1,1.3738223314285278,0.3823310962080929,0.9614683017809948,20941.669921875,25140.0,0.049640629440546036,0.7601305246353149,0.12183671444654465,0.44221436977386475,4,44,8,15,B2,B,46,44,-2,00001111|00010111|00010111|11010010|01010011|10010011|10101100|11001100|00101110|00101110|01010110|01110001|11011000|11011000|11011000|10010011|10110010|10100110|11100100|11100100,12,14
32,8,perturb,B3p0,0.7105079889297485,0.6215187311652652,0.475589229844718,13838.4609375,14000.0,0.07101956009864807,0.4366326928138733,0.18275506794452667,0.020100653171539307,6,2,3,2,B3,B,2,2,0,11010010|11010010|11010010|11010010|11010010|11010010|11010010|11010010|11010001|11010001|11010001|11010001|11010001|11010001|11010001|11010001|11010001|11010001|11010001|11010001,3,3
32,9,perturb,B3p1,0.676226019859314,0.621821227079157,0.47510264382638195,13838.4609375,14200.0,0.07141967862844467,0.4019506275653839,0.18275506794452667,0.020100653171539307,6,2,3,2,B3,B,2,2,0,11010010|11010010|11010010|11010010|11010010|11010010|11010001|11010001|11010001|11010001|11010001|11010001|11010001|11010001|11010001|11010001|11010001|11010001|11010001|11010001,2,2
32,10,random,R0.0,0.8526543974876404,0.49898707796463787,0.6951750794283712,13961.5390625,14300.0,0.05602530390024185,0.4006596803665161,0.39596930146217346,0.0,13,0,1,1,,,,0,,10001110|10001110|10001110|10001110|10001110|10001110|10001110|10001110|10001110|10001110|10001110|10001110|10001110|10001110|10001110|10001110|10001110|10001110|10001110|10001110,7,6
32,11,random,R0.0,0.8466657400131226,0.48628442578177156,0.7209615880326546,13373.9130859375,13200.0,0.0481879785656929,0.34159013628959656,0.4568876624107361,0.0,15,0,1,1,,,,0,,01101001|01101001|01101001|01101001|01101001|01101001|01101001|01101001|01101001|01101001|01101001|01101001|01101001|01101001|01101001|01101001|01101001|01101001|01101001|01101001,6,7
32,12,random,R0.1,1.0554566383361816,0.4164568726635095,0.8759723697629909,14981.5390625,15800.0,0.03420151025056839,0.42243003845214844,0.5787243247032166,0.020100653171539307,19,2,1,2,,,,2,,10101010|10101010|10101010|10101010|10101010|10101010|10101010|10101010|10101010|10101010|10101010|10101010|10101010|10101010|10101010|10101010|10101010|01101010|01101010|01101010,11,11
32,13,random,R0.1,0.9865908026695251,0.4454433170277957,0.8086852746717784,15873.9130859375,16800.0,0.048191532492637634,0.4315681457519531,0.42642849683761597,0.08040261268615723,14,8,3,5,,,,8,,00110011|00111010|00111010|00111010|01101010|01101010|01101010|01101010|01101010|01101010|01101010|00111010|01110010|01110010|01110010|01110010|01110010|01110010|01110010|01110010,10,9
32,14,random,R0.5,1.3979989290237427,0.31028516706144704,1.1702635105993004,21893.9140625,24520.0,0.03477175161242485,0.6035968065261841,0.5787243843078613,0.18090587854385376,19,18,1,10,,,,18,,10000111|10000111|01000111|01000111|01000111|01000111|01000111|01100011|01100011|00110011|00110011|00111001|00111001|00111001|10110001|11010001|11011000|11011000|11010100|10011100,14,15
32,15,random,R0.5,1.6346455812454224,0.283194394278359,1.2616217115733144,26961.5390625,30000.0,0.04562719911336899,0.840363085269928,0.4873468279838562,0.261308491230011,16,26,3,14,,,,26,,10011100|10001110|10001110|00011110|00111100|00110110|00110110|00110110|00100111|01100110|10100110|10110010|10100011|11100010|11100010|11001010|11100010|01101010|01101010|01101010,16,16
34,0,baseline,B1,0.7127600312232971,0.6222644833817772,0.4743900621808423,13020.0,13020.0,0.03303666412830353,0.37513166666030884,0.3045917749404907,0.0,10,0,1,1,,,0,0,0,11100100|11100100|11100100|11100100|11100100|11100100|11100100|11100100|11100100|11100100|11100100|11100100|11100100|11100100|11100100|11100100|11100100|11100100|11100100|11100100,4,4
34,1,baseline,B2,1.0166085958480835,0.5368823544580026,0.6219762876962273,17383.560546875,21120.0,0.036005619913339615,0.6486340165138245,0.030459178611636162,0.3015097975730896,1,30,8,13,,,30,30,0,00010111|01000111|01110100|01101100|01101100|01101100|01010110|10011100|10001101|11001100|11001100|01101100|00101110|10100110|10100110|10110100|10110100|10110100|10110100|01110100,11,7
34,2,baseline,B3,0.609644889831543,0.681567705872705,0.3833596844710879,14559.7421875,15240.0,0.06898358464241028,0.41944098472595215,0.060918357223272324,0.06030195951461792,2,6,2,4,,,6,6,0,10100011|10100011|10100011|10100011|10101001|10101001|10101001|10101001|10101001|10110001|10110001|10110001|10110001|10110001|10110100|10110100|10110100|10110100|10110100|10110100,1,1
34,3,baseline,B4,0.879928708076477,0.5133662914710324,0.6667656701392222,15384.615234375,15200.0,0.04328811541199684,0.47113052010536194,0.36551013588905334,0.0,12,0,2,1,,,0,0,0,00001111|00001111|00001111|00001111|00001111|00001111|00001111|00001111|00001111|00001111|00001111|00001111|00001111|00001111|00001111|00001111|00001111|00001111|00001111|00001111,7,10
34,4,perturb,B1p0,0.9137389659881592,0.5042397516915709,0.6847034262183626,14458.13671875,14100.0,0.0260914396494627,0.4003007411956787,0.4873468279838562,0.0,16,0,1,1,B1,C,0,0,0,11000101|11000101|11000101|11000101|11000101|11000101|11000101|11000101|11000101|11000101|11000101|11000101|11000101|11000101|11000101|11000101|11000101|11000101|11000101|11000101,8,12
34,5,perturb,B1p1,0.848908543586731,0.5434369576636462,0.6098415724077719,14040.0,14340.0,0.026992417871952057,0.3954876661300659,0.42642849683761597,0.0,14,0,1,1,B1,C,0,0,0,01110100|01110100|01110100|01110100|01110100|01110100|01110100|01110100|01110100|01110100|01110100|01110100|01110100|01110100|01110100|01110100|01110100|01110100|01110100|01110100,5,6
34,6,perturb,B2p0,0.9386006593704224,0.5585461634396619,0.5824180077747227,16383.5615234375,18140.0,0.03540525957942009,0.5809686183929443,0.060918357223272324,0.261308491230011,2,26,4,12,B2,B,30,26,-4,00010111|01000111|01110100|01101100|01101100|01101100|01101100|10011100|10001101|11001100|11001100|01101100|00101110|10100110|10100110|10110100|10110100|10110100|10110100|01110100,9,5
34,7,perturb,B2p1,1.0166199207305908,0.5339596244795016,0.6274350524694395,16998.9453125,20520.0,0.034081608057022095,0.6402109265327454,0.060918357223272324,0.2814091444015503,2,28,7,12,B2,B,30,28,-2,00010111|01000111|01110100|01101100|01101100|01101100|01010110|10011100|11001100|11001100|11001100|01101100|00101110|10100110|10100110|10110100|10110100|10110100|10110100|01110100,12,8
34,8,perturb,B3p0,0.6350914835929871,0.6713293177238677,0.3984954759330233,14559.7421875,15240.0,0.06397104263305664,0.41944098472595215,0.09137753397226334,0.06030195951461792,3,6,2,4,B3,B,6,6,0,10100011|10100011|10100011|10101001|10101001|10101001|10101001|10101001|10101001|10110001|10110001|10110001|10110001|10110001|10110100|10110100|10110100|10110100|10110100|10110100,3,2
34,9,perturb,B3p1,0.6295261979103088,0.6608539215308276,0.41422245972491695,14559.7421875,15500.0,0.06705956906080246,0.41078710556030273,0.09137753397226334,0.06030195951461792,3,6,1,4,B3,B,6,6,0,10100011|10100011|10100011|10100011|10101001|10101001|10101001|10101001|10110001|10110001|10110001|10110001|10110001|10110001|10110100|10110100|10110100|10110100|10110100|10110100,2,3
34,10,random,R0.0,0.8613628149032593,0.5234996011239239,0.6472190106127643,14500.0,14500.0,0.02448229491710663,0.41045206785202026,0.4264284670352936,0.0,14,0,2,1,,,,0,,10100101|10100101|10100101|10100101|10100101|10100101|10100101|10100101|10100101|10100101|10100101|10100101|10100101|10100101|10100101|10100101|10100101|10100101|10100101|10100101,6,9
34,11,random,R0.0,0.9513236284255981,0.5113997634158878,0.6706036787456354,16000.0,16000.0,0.046420782804489136,0.5089333057403564,0.39596930146217346,0.0,13,0,1,1,,,,0,,01110010|01110010|01110010|01110010|01110010|01110010|01110010|01110010|01110010|01110010|01110010|01110010|01110010|01110010|01110010|01110010|01110010|01110010|01110010|01110010,10,11
34,12,random,R0.1,1.1339235305786133,0.42996088675400884,0.8440610354689237,19200.0,20000.0,0.04950316250324249,0.5976899862289429,0.4264284670352936,0.06030195951461792,14,6,0,4,,,,6,,01011010|01011010|01011010|01011010|11010010|11010010|11010010|11010010|11010010|11010010|11010010|01010110|01010110|01010110|01010110|01000111|01000111|01000111|01000111|01000111,14,14
34,13,random,R0.1,1.1174031496047974,0.4353239463048129,0.8316648208990023,16450.76953125,17220.0,0.022875843569636345,0.5365199446678162,0.5178060531616211,0.04020130634307861,17,4,2,3,,,,4,,00110101|00110101|00110101|00110101|00110101|00110101|00110101|00110101|00110101|00110101|00110101|00110101|00110110|00110110|00110110|00110011|00110011|00110011|00110011|00110011,13,13
34,14,random,R0.5,1.240035057067871,0.38163725074290117,0.9632847269214702,21261.0,23000.0,0.02660600282251835,0.5853775143623352,0.4873468279838562,0.14070457220077515,16,14,2,8,,,,14,,00101110|00101110|00101110|01100110|01100110|01100110|01100110|11100100|10100110|10100110|10100110|10100110|10100110|10101010|10101010|10001110|00001111|10001110|10001110|10001110,15,15
34,15,random,R0.5,1.476469874382019,0.3273457610537337,1.1167382934572245,24230.76953125,25500.0,0.03577388450503349,0.7925438284873962,0.4873468279838562,0.16080522537231445,16,16,0,9,,,,16,,00011011|00011101|00011101|00011011|00011011|10011010|10101010|00111010|00111010|00101110|00111010|00111010|00111010|00111010|00111010|00110011|00110011|00110011|00110011|00110011,16,16
36,0,baseline,B1,0.708358645439148,0.5673890364796451,0.56671007917749,11406.1533203125,11560.0,0.032993923872709274,0.30985456705093384,0.36551010608673096,0.0,12,0,3,1,,,0,0,0,11010010|11010010|11010010|11010010|11010010|11010010|11010010|11010010|11010010|11010010|11010010|11010010|11010010|11010010|11010010|11010010|11010010|11010010|11010010|11010010,4,6
36,1,baseline,B2,1.0469691753387451,0.4911264585855525,0.7110536312213314,16922.474609375,20420.0,0.03407755866646767,0.6206206679344177,0.030459178611636162,0.3618117570877075,1,36,6,13,,,36,36,0,10000111|00011011|01011010|01011010|01001011|01101001|11100001|11100001|11100001|00111001|11001100|11000011|10001110|10001110|00011110|10010110|10010110|10010110|10010110|10110010,12,11
36,2,baseline,B3,0.701054036617279,0.6407377257733854,0.4451350699520476,14096.9228515625,14020.0,0.054295990616083145,0.45426076650619507,0.15229588747024536,0.04020130634307861,5,4,4,3,,,4,4,0,11010001|11010001|11010001|11010001|11010001|10010101|10010101|10010101|10010101|10010101|10010101|10010101|10010101|10010101|10010101|10010110|10010110|10010110|10010110|10010110,2,1
36,3,baseline,B4,0.745290219783783,0.557537041202662,0.5842263362358852,12258.5283203125,11900.0,0.03881935402750969,0.34096068143844604,0.36551013588905334,0.0,12,0,1,1,,,0,0,0,00001111|00001111|00001111|00001111|00001111|00001111|00001111|00001111|00001111|00001111|00001111|00001111|00001111|00001111|00001111|00001111|00001111|00001111|00001111|00001111,7,7
36,4,perturb,B1p0,0.7831966876983643,0.5265238073361831,0.6414587303180064,13000.869140625,13540.0,0.03879078850150108,0.3788958191871643,0.36551013588905334,0.0,12,0,1,1,B1,C,0,0,0,11001010|11001010|11001010|11001010|11001010|11001010|11001010|11001010|11001010|11001010|11001010|11001010|11001010|11001010|11001010|11001010|11001010|11001010|11001010|11001010,9,9
36,5,perturb,B1p1,0.7403590083122253,0.546598650229577,0.6040404748846011,12192.3076171875,11900.0,0.03591808304190636,0.33893078565597534,0.36551013588905334,0.0,12,0,1,1,B1,C,0,0,0,01011010|01011010|01011010|01011010|01011010|01011010|01011010|01011010|01011010|01011010|01011010|01011010|01011010|01011010|01011010|01011010|01011010|01011010|01011010|01011010,6,8
36,6,perturb,B2p0,1.0558996200561523,0.48109834669867746,0.7316835667850711,16442.474609375,19740.0,0.03332327678799629,0.5998461246490479,0.060918357223272324,0.3618117570877075,2,36,6,12,B2,B,36,36,0,10000111|10000111|01011010|01011010|01001011|01101001|11100001|11100001|11100001|00111001|11001100|11000011|10001110|10001110|00011110|10010110|10010110|10010110|10010110|10110010,13,12
36,7,perturb,B2p1,1.0604279041290283,0.4718894919348544,0.7510104480653109,16922.474609375,20440.0,0.033077068626880646,0.6046207547187805,0.060918357223272324,0.3618117570877075,2,36,6,13,B2,B,36,36,0,10000111|00011011|01011010|01011010|01001011|01101001|01101001|11100001|11100001|00111001|11001100|11000011|10001110|10001110|00011110|10010110|10010110|10010110|10010110|10110010,14,14
36,8,perturb,B3p0,0.7341006994247437,0.6193775334388627,0.47904028359123446,14096.9228515625,14020.0,0.049283452332019806,0.4618607759475708,0.18275506794452667,0.04020130634307861,6,4,4,3,B3,B,4,4,0,11010001|11010001|11010001|11010001|11010001|11010001|10010101|10010101|10010101|10010101|10010101|10010101|10010101|10010101|10010101|10010110|10010110|10010110|10010110|10010110,5,3
36,9,perturb,B3p1,0.689432680606842,0.6264260110527762,0.467724610498486,14096.9228515625,14720.0,0.05329550430178642,0.41318076848983765,0.18275506794452667,0.04020130634307861,6,4,3,3,B3,B,4,4,0,11010001|11010001|11010001|11010001|10010101|10010101|10010101|10010101|10010101|10010101|10010101|10010101|10010101|10010101|10010101|10010110|10010110|10010110|10010110|10010110,1,2
36,10,random,R0.0,0.7046188116073608,0.570720822288247,0.5608551165815804,11500.0,11700.0,0.04728654399514198,0.32228127121925354,0.3350509703159332,0.0,11,0,2,1,,,,0,,00101011|00101011|00101011|00101011|00101011|00101011|00101011|00101011|00101011|00101011|00101011|00101011|00101011|00101011|00101011|00101011|00101011|00101011|00101011|00101011,3,4
36,11,random,R0.0,0.7722072005271912,0.5677035214048066,0.5661559658921481,13000.0,13000.0,0.04368841275572777,0.39346787333488464,0.3350509703159332,0.0,11,0,1,1,,,,0,,01110001|01110001|01110001|01110001|01110001|01110001|01110001|01110001|01110001|01110001|01110001|01110001|01110001|01110001|01110001|01110001|01110001|01110001|01110001|01110001,8,5
36,12,random,R0.1,0.9231810569763184,0.47944403299012583,0.7351281109909686,14060.0,14060.0,0.03397352248430252,0.41221922636032104,0.4568876326084137,0.020100653171539307,15,2,1,2,,,,2,,10011010|10011010|10011010|10011010|10011010|10011010|10011010|10011010|10011010|10011010|10011010|10011010|10011010|11011000|11011000|11011000|11011000|11011000|11011000|11011000,11,13
36,13,random,R0.1,0.8306238651275635,0.5014117873311632,0.6903275846966912,13873.9130859375,15500.0,0.03881935402750969,0.3860929608345032,0.36551013588905334,0.04020130634307861,12,4,2,3,,,,4,,00101110|00011110|00011110|00011110|00011110|00011110|00011110|00011110|00011110|00001111|00001111|00001111|00001111|00001111|00001111|00001111|00001111|00001111|00001111|00001111,10,10
36,14,random,R0.5,1.161318063735962,0.43230729425199255,0.8386186143257732,22027.08984375,24500.0,0.05785142630338669,0.7501640319824219,0.15229588747024536,0.20100653171539307,5,20,3,11,,,,20,,11000110|11000110|01010110|01010110|01010110|11010100|11010100|11100100|01101100|01101100|11101000|10101010|10101010|10100110|10100110|00101110|00101101|00101101|00001111|00001111,16,16
36,15,random,R0.5,1.0989820957183838,0.44480446577279326,0.8101204961393451,21500.0,22800.0,0.052179496735334396,0.6624246835708618,0.2436734288930893,0.14070457220077515,8,14,3,8,,,,14,,11000101|11000101|11000101|11000101|11000101|11000101|11010100|11010100|01010101|01010101|01010101|01010011|01010011|01010011|00011011|10001011|10001110|00011110|00011110|00011110,15,15
37,0,baseline,B1,0.7939940690994263,0.5661403906727508,0.5689131914779398,13084.615234375,12900.0,0.02493431232869625,0.3730904459953308,0.39596930146217346,0.0,13,0,1,1,,,0,0,0,01100011|01100011|01100011|01100011|01100011|01100011|01100011|01100011|01100011|01100011|01100011|01100011|01100011|01100011|01100011|01100011|01100011|01100011|01100011|01100011,8,10
37,1,baseline,B2,0.9294330477714539,0.5699352404904925,0.5622325377825814,15563.880859375,17760.0,0.030520884320139885,0.5565845966339111,0.060918357223272324,0.2814091444015503,2,28,4,12,,,28,28,0,01001011|10100011|10100011|11000011|00010111|11000110|11000110|11000110|11000110|01001110|01001110|00101110|00111100|00111100|00111100|01111000|11110000|10110010|10100011|10100011,12,9
37,2,baseline,B3,0.6340572237968445,0.6845351221002894,0.37901532497788126,14904.615234375,15320.0,0.06749509274959564,0.4349833130836487,0.09137753397226334,0.04020130634307861,3,4,2,3,,,4,4,0,00101011|00101011|00101011|00101011|00101011|00101011|00011011|00011011|00011011|00011011|00011011|00011011|00011011|00011101|00011101|00011101|00011101|00011101|00011101|00011101,2,1
37,3,baseline,B4,0.7580174207687378,0.5735935917535371,0.5558341617369279,13020.0,13020.0,0.03645002841949463,0.38651642203330994,0.33505094051361084,0.0,11,0,1,1,,,0,0,0,00001111|00001111|00001111|00001111|00001111|00001111|00001111|00001111|00001111|00001111|00001111|00001111|00001111|00001111|00001111|00001111|00001111|00001111|00001111|00001111,6,7
37,4,perturb,B1p0,0.7566864490509033,0.6081029049729332,0.49741115973718714,13335.384765625,13120.0,0.03997192159295082,0.4121227264404297,0.3045917749404907,0.0,10,0,1,1,B1,C,0,0,0,11100001|11100001|11100001|11100001|11100001|11100001|11100001|11100001|11100001|11100001|11100001|11100001|11100001|11100001|11100001|11100001|11100001|11100001|11100001|11100001,5,6
37,5,perturb,B1p1,0.5661007165908813,0.6733147745931894,0.3955423401202108,10316.923828125,10980.0,0.04711773991584778,0.3057687282562256,0.21321424841880798,0.0,7,0,3,1,B1,C,0,0,0,11000011|11000011|11000011|11000011|11000011|11000011|11000011|11000011|11000011|11000011|11000011|11000011|11000011|11000011|11000011|11000011|11000011|11000011|11000011|11000011,1,2
37,6,perturb,B2p0,0.9596804976463318,0.5459450206764079,0.6052370030391405,16189.9677734375,18560.0,0.029366474598646164,0.5575273036956787,0.09137753397226334,0.2814091444015503,3,28,4,12,B2,B,28,28,0,01001011|10100011|10100011|11000011|00010111|11000110|11000110|11000110|11000110|01001110|01001110|00101110|00111100|00111100|00111100|01111000|11110000|10110010|10110010|10100011,13,13
37,7,perturb,B2p1,0.9108032584190369,0.5537740819793578,0.5909984696666316,15189.9677734375,17380.0,0.02865040861070156,0.5093661546707153,0.09137753397226334,0.2814091444015503,3,28,4,11,B2,B,28,28,0,01001011|10100011|10100011|11000011|00010111|11000110|11000110|11000110|11000110|01001110|01001110|00101110|00111100|00111100|00111100|00111100|11110000|10110010|10100011|10100011,11,12
37,8,perturb,B3p0,0.68778395652771,0.6659977809499306,0.4064689403543099,14904.615234375,15320.0,0.0628826841711998,0.4628632962703705,0.12183671444654465,0.04020130634307861,4,4,2,3,B3,B,4,4,0,00101011|00101011|00101011|00101011|00101011|00101011|00101011|00011011|00011011|00011011|00011011|00011011|00011011|00011101|00011101|00011101|00011101|00011101|00011101|00011101,4,3
37,9,perturb,B3p1,0.6761308908462524,0.6600540857461809,0.41543349921895395,15520.0,15520.0,0.06557107716798782,0.44852179288864136,0.12183671444654465,0.04020130634307861,4,4,1,3,B3,B,4,4,0,00101011|00101011|00101011|00101011|00101011|00101011|00011011|00011011|00011011|00011011|00011011|00011011|00011011|00011011|00011101|00011101|00011101|00011101|00011101|00011101,3,4
37,10,random,R0.0,0.773655116558075,0.6104448320355287,0.49356735473072905,13520.0,13520.0,0.04376615956425667,0.4252971112728119,0.3045917749404907,0.0,10,0,1,1,,,,0,,00011110|00011110|00011110|00011110|00011110|00011110|00011110|00011110|00011110|00011110|00011110|00011110|00011110|00011110|00011110|00011110|00011110|00011110|00011110|00011110,7,5
37,11,random,R0.0,0.8443310856819153,0.5703479330854844,0.5615086954553868,14981.5390625,14720.0,0.05285196006298065,0.4868873357772827,0.3045917749404907,0.0,10,0,0,1,,,,0,,11001100|11001100|11001100|11001100|11001100|11001100|11001100|11001100|11001100|11001100|11001100|11001100|11001100|11001100|11001100|11001100|11001100|11001100|11001100|11001100,9,8
37,12,random,R0.1,1.0794551372528076,0.48160453109402734,0.7306319766139537,17020.0,18820.0,0.03348439931869507,0.5695987939834595,0.3959692716598511,0.08040261268615723,13,8,1,5,,,,8,,01001011|01001011|01001011|01001011|01001011|01001011|01001011|01001011|01001011|01001011|00011011|00011011|01011010|01011010|11010010|11011000|11011000|11011000|11011000|11011000,14,14
37,13,random,R0.1,0.8830779790878296,0.5572886284034311,0.5846719894175707,14501.5390625,14240.0,0.039440084248781204,0.44766849279403687,0.39596930146217346,0.0,13,0,0,1,,,,0,,11001010|11001010|11001010|11001010|11001010|11001010|11001010|11001010|11001010|11001010|11001010|11001010|11001010|11001010|11001010|11001010|11001010|11001010|11001010|11001010,10,11
37,14,random,R0.5,1.4116464853286743,0.37389002093679424,0.9837935864785404,22884.615234375,26000.0,0.037113599479198456,0.7976577281951904,0.39596930146217346,0.18090587854385376,13,18,1,10,,,,18,,01100110|01100110|01100110|00100111|01100011|01100011|01100011|01100011|01110001|01110001|11100001|01110001|01110001|11010001|01010011|01010011|01001011|11001010|11001010|11001010,16,16
37,15,random,R0.5,1.3297960758209229,0.4523120086897542,0.7933830525749701,22283.685546875,24200.0,0.036491408944129944,0.8181656002998352,0.2741326093673706,0.20100653171539307,9,20,2,11,,,,20,,00101110|00101110|00101101|01100101|00110101|00110011|01100011|01100011|01100011|01100011|10100011|00110011|00110011|00111001|00111001|00110011|00110110|00110110|00110110|00110110,15,15
38,0,baseline,B1,0.7066918015480042,0.5693104710503651,0.5633293503427363,11513.865234375,11160.0,0.029399830847978592,0.28132256865501404,0.39596933126449585,0.0,13,0,2,1,,,0,0,0,00110011|00110011|00110011|00110011|00110011|00110011|00110011|00110011|00110011|00110011|00110011|00110011|00110011|00110011|00110011|00110011|00110011|00110011|00110011|00110011,2,5
38,1,baseline,B2,1.2560524940490723,0.43727558214392037,0.827191659890553,19425.224609375,24260.0,0.03556566685438156,0.7471969127655029,0.09137753397226334,0.3819124102592468,3,38,9,14,,,38,38,0,10000111|00110101|00110101|00010111|01010101|01010101|00110101|00101011|00101011|00101011|00100111|00111010|10100110|10110100|01011100|01011100|11001010|01001011|11001010|11001010,15,12
38,2,baseline,B3,0.73921138048172,0.628739829836847,0.46403773290879435,16520.0,16520.0,0.08665131032466888,0.5514404773712158,0.060918357223272324,0.04020130634307861,2,4,3,3,,,4,4,0,11101000|11101000|11101000|11101000|11101000|11101000|01101010|01101010|01101010|01101010|11100010|11100010|11100010|11100010|11100010|11100010|11100010|11100010|11100010|11100010,3,1
38,3,baseline,B4,0.7612517476081848,0.5307018969614254,0.633554814703149,11854.193359375,11920.0,0.023966725915670395,0.2803972661495209,0.4568876624107361,0.0,15,0,2,1,,,0,0,0,00001111|00001111|00001111|00001111|00001111|00001111|00001111|00001111|00001111|00001111|00001111|00001111|00001111|00001111|00001111|00001111|00001111|00001111|00001111|00001111,5,8
38,4,perturb,B1p0,0.7785584330558777,0.5431629608262417,0.6103458920539442,12815.7314453125,12920.0,0.03481776639819145,0.3477713465690613,0.39596933126449585,0.0,13,0,1,1,B1,C,0,0,0,00111010|00111010|00111010|00111010|00111010|00111010|00111010|00111010|00111010|00111010|00111010|00111010|00111010|00111010|00111010|00111010|00111010|00111010|00111010|00111010,7,6
38,5,perturb,B1p1,0.9851955771446228,0.4762504645908245,0.7418113770229106,15540.0,15540.0,0.03569868579506874,0.4621500074863434,0.4873468279838562,0.0,16,0,0,1,B1,C,0,0,0,10110010|10110010|10110010|10110010|10110010|10110010|10110010|10110010|10110010|10110010|10110010|10110010|10110010|10110010|10110010|10110010|10110010|10110010|10110010|10110010,10,10
38,6,perturb,B2p0,1.251652717590332,0.435995152461619,0.8301241539022063,19425.224609375,24440.0,0.03596579283475876,0.742396891117096,0.09137753397226334,0.3819124102592468,3,38,9,14,B2,B,38,38,0,10000111|00110101|00010111|00010111|01010101|01010101|00110101|00101011|00101011|00101011|00100111|00111010|10100110|10110100|01011100|01011100|11001010|01001011|11001010|11001010,14,13
38,7,perturb,B2p1,1.2256654500961304,0.4626650910063893,0.7707518321950828,19206.416015625,22680.0,0.034871216863393784,0.7473470568656921,0.12183671444654465,0.3216104507446289,4,32,7,13,B2,B,38,32,-6,10000111|00110101|00110101|00010111|01010101|01010101|00110101|00101011|00101011|00101011|00100111|10100110|10100110|10110100|01011100|01011100|11001010|01001011|11001010|11001010,13,11
38,8,perturb,B3p0,0.761124849319458,0.6090841436189983,0.4957988539543356,16520.0,16820.0,0.08432716876268387,0.5452188849449158,0.09137753397226334,0.04020130634307861,3,4,3,3,B3,B,4,4,0,11101000|11101000|11101000|11101000|11101000|11101000|11101000|01101010|01101010|01101010|11100010|11100010|11100010|11100010|11100010|11100010|11100010|11100010|11100010|11100010,4,3
38,9,perturb,B3p1,0.7617078423500061,0.5999750234846952,0.5108672521579481,16520.0,17020.0,0.08434249460697174,0.5457865595817566,0.09137753397226334,0.04020130634307861,3,4,2,3,B3,B,4,4,0,11101000|11101000|11101000|11101000|11101000|11101000|01101010|01101010|01101010|11100010|11100010|11100010|11100010|11100010|11100010|11100010|11100010|11100010|11100010|11100010,6,4
38,10,random,R0.0,0.8566503524780273,0.5363129290334284,0.6230374654460165,14064.962890625,14200.0,0.03344510868191719,0.3967767357826233,0.42642849683761597,0.0,14,0,2,1,,,,0,,00101101|00101101|00101101|00101101|00101101|00101101|00101101|00101101|00101101|00101101|00101101|00101101|00101101|00101101|00101101|00101101|00101101|00101101|00101101|00101101,8,7
38,11,random,R0.0,0.7055495977401733,0.61321572972767,0.48903848044187365,12532.3271484375,13040.0,0.04312911257147789,0.35782870650291443,0.3045917749404907,0.0,10,0,2,1,,,,0,,00110101|00110101|00110101|00110101|00110101|00110101|00110101|00110101|00110101|00110101|00110101|00110101|00110101|00110101|00110101|00110101|00110101|00110101|00110101|00110101,1,2
38,12,random,R0.1,0.8885549306869507,0.4947686057263245,0.7036650888875634,16270.76953125,16240.0,0.05296909064054489,0.42987436056137085,0.36551013588905334,0.04020130634307861,12,4,0,3,,,,4,,10001110|10001110|10001110|11001100|11001100|11001100|11001100|11001100|11001100|11001100|11001100|11001100|01001110|01001110|01001110|01001110|01001110|01001110|01001110|01001110,9,9
38,13,random,R0.1,1.0756661891937256,0.43369384218123264,0.835416426578638,17789.23046875,18500.0,0.036502014845609665,0.4915153384208679,0.4873468279838562,0.06030195951461792,16,6,1,4,,,,6,,01011100|01011100|01011100|01011100|01011100|01010101|01010101|01010101|01010101|01010101|01010101|01010101|01010101|01010101|01010101|01010101|01100101|01100101|00110101|00110101,11,14
38,14,random,R0.5,1.3653136491775513,0.3530926897604379,1.04102467929117,22463.076171875,24040.0,0.03769010677933693,0.7099307179450989,0.4568876326084137,0.16080522537231445,15,16,0,9,,,,16,,10011010|10011010|10010110|10011010|10011010|01011010|01011010|01011010|01010110|01010110|01010110|01010101|01010101|01010101|01110001|01110001|01100011|01110010|01110010|01110010,16,16
38,15,random,R0.5,1.2073235511779785,0.4071625678850632,0.898542743597316,21228.0390625,24240.0,0.04286612570285797,0.6893184185028076,0.2741326093673706,0.20100653171539307,9,20,6,11,,,,20,,00011110|00011110|10010110|10010110|11000110|01001110|01001110|01000111|01100011|01000111|01000111|00001111|00001111|00001111|00001111|10001110|10001110|11001010|11001010|01011010,12,15
39,0,baseline,B1,0.7830009460449219,0.5313385303240321,0.6323559273114735,12316.7919921875,12040.0,0.024501942098140717,0.3320704996585846,0.42642849683761597,0.0,14,0,0,1,,,0,0,0,11100010|11100010|11100010|11100010|11100010|11100010|11100010|11100010|11100010|11100010|11100010|11100010|11100010|11100010|11100010|11100010|11100010|11100010|11100010|11100010,5,10
39,1,baseline,B2,0.936235785484314,0.5388490750054087,0.6183197565494574,15845.3388671875,17340.0,0.032361362129449844,0.5615469217300415,0.060918357223272324,0.2814091444015503,2,28,3,11,,,28,28,0,01000111|11100010|11100010|11100010|11100010|11001100|11001100|11001100|11001100|01011001|01111000|10011100|10011100|10110100|10110010|10110010|01110010|01110010|01100011|11100010,11,8
39,2,baseline,B3,0.7342162132263184,0.6403606686988019,0.4457237165183037,15213.7138671875,15940.0,0.06479556113481522,0.5073826313018799,0.12183671444654465,0.04020130634307861,4,4,2,3,,,4,4,0,10000111|10000111|10000111|10000111|10000111|10000111|10000111|10000111|10000111|10000111|10000111|10100110|10100110|10100110|10101100|10101100|10101100|10101100|10101100|10101100,2,1
39,3,baseline,B4,0.9828571677207947,0.49684953478876065,0.699468045626506,16540.0,16540.0,0.03657292202115059,0.5198557376861572,0.42642849683761597,0.0,14,0,1,1,,,0,0,0,00001111|00001111|00001111|00001111|00001111|00001111|00001111|00001111|00001111|00001111|00001111|00001111|00001111|00001111|00001111|00001111|00001111|00001111|00001111|00001111,13,13
39,4,perturb,B1p0,0.7087041139602661,0.5949977258996967,0.5191976954611277,12413.71484375,12660.0,0.038264475762844086,0.3658478856086731,0.3045917749404907,0.0,10,0,3,1,B1,C,0,0,0,10100110|10100110|10100110|10100110|10100110|10100110|10100110|10100110|10100110|10100110|10100110|10100110|10100110|10100110|10100110|10100110|10100110|10100110|10100110|10100110,1,4
39,5,perturb,B1p1,0.9288655519485474,0.5021708662626938,0.6888148461622671,15124.6826171875,14920.0,0.027676181867718697,0.4443017542362213,0.4568876624107361,0.0,15,0,0,1,B1,C,0,0,0,11010010|11010010|11010010|11010010|11010010|11010010|11010010|11010010|11010010|11010010|11010010|11010010|11010010|11010010|11010010|11010010|11010010|11010010|11010010|11010010,10,12
39,6,perturb,B2p0,0.8942357897758484,0.549834621189345,0.5981377347181912,14845.3388671875,16340.0,0.032361362129449844,0.5195469856262207,0.060918357223272324,0.2814091444015503,2,28,3,10,B2,B,28,28,0,01000111|11100010|11100010|11100010|11100010|11001100|11001100|11001100|11001100|01011001|01111000|10011100|10011100|10110010|10110010|10110010|01110010|01110010|01100011|11100010,9,7
39,7,perturb,B2p1,0.8762691020965576,0.5528003794566667,0.5927583201022361,14845.3388671875,17540.0,0.03276148810982704,0.5212807655334473,0.060918357223272324,0.261308491230011,2,26,5,10,B2,B,28,26,-2,01000111|11100010|11100010|11100010|11100010|11001100|11001100|11001100|11001100|01111000|01111000|10011100|10011100|10110100|10110010|10110010|01110010|01110010|01100011|11100010,8,6
39,8,perturb,B3p0,0.7847837805747986,0.6167149291711906,0.4833483891194561,15906.0224609375,16440.0,0.06285621970891953,0.5294303894042969,0.15229588747024536,0.04020130634307861,5,4,2,3,B3,B,4,4,0,10000111|10000111|10000111|10000111|10000111|10000111|10000111|10000111|10000111|10000111|10000111|10000111|10100110|10100110|10101100|10101100|10101100|10101100|10101100|10101100,6,3
39,9,perturb,B3p1,0.7596628665924072,0.6319083201941589,0.45901095834185773,15213.7138671875,15460.0,0.05978301912546158,0.5073826313018799,0.15229588747024536,0.04020130634307861,5,4,2,3,B3,B,4,4,0,10000111|10000111|10000111|10000111|10000111|10000111|10000111|10000111|10000111|10000111|10000111|10100110|10100110|10100110|10100110|10101100|10101100|10101100|10101100|10101100,4,2
39,10,random,R0.0,0.7466357946395874,0.5734700179498282,0.5560496228554598,12636.791015625,12960.0,0.03967814892530441,0.3719066381454468,0.3350509703159332,0.0,11,0,1,1,,,,0,,10100011|10100011|10100011|10100011|10100011|10100011|10100011|10100011|10100011|10100011|10100011|10100011|10100011|10100011|10100011|10100011|10100011|10100011|10100011|10100011,3,5
39,11,random,R0.0,0.8671007752418518,0.5357130847850957,0.6241565508099945,14513.9130859375,14740.0,0.03482533246278763,0.43630605936050415,0.39596930146217346,0.0,13,0,1,1,,,,0,,00110110|00110110|00110110|00110110|00110110|00110110|00110110|00110110|00110110|00110110|00110110|00110110|00110110|00110110|00110110|00110110|00110110|00110110|00110110|00110110,7,9
39,12,random,R0.1,1.001011610031128,0.5211893682555279,0.651641832528281,16722.12890625,16700.0,0.03829978406429291,0.5771010518074036,0.36551013588905334,0.020100653171539307,12,2,0,2,,,,2,,01001110|01001110|01001110|01001110|01001110|01001110|01001110|01001110|01001011|01001011|01001011|01001011|01001011|01001011|01001011|01001011|01001011|01001011|01001011|01001011,14,11
39,13,random,R0.1,0.9382749199867249,0.49188387966114894,0.7095126072950965,16143.7333984375,18520.0,0.03808806464076042,0.5048339366912842,0.33505094051361084,0.06030195951461792,11,6,2,4,,,,6,,11100100|11100100|01110100|01110100|01110100|01110100|01110100|01110100|01110100|01110100|01110100|01110100|11110000|01111000|01111000|01111000|01111000|01111000|01111000|01111000,12,14
39,14,random,R0.5,1.3655134439468384,0.39720035173767715,0.9233144612685178,20124.681640625,20420.0,0.022340137511491776,0.7248640656471252,0.5178059935569763,0.10050326585769653,17,10,0,6,,,,10,,01010101|11010100|01010110|01010110|01010110|01010110|01010110|00110110|00110110|00110110|10110010|11110000|11110000|11110000|11110000|11110000|11110000|11110000|11110000|11110000,15,15
39,15,random,R0.5,1.4987177848815918,0.37383092590101297,0.983951653565344,24000.0,25900.0,0.0356585793197155,0.8654668927192688,0.45688769221305847,0.14070457220077515,15,14,2,8,,,,14,,11011000|11011000|01011010|01011010|01011010|01011010|10011010|10011010|10101010|01101010|01101010|01101010|01101010|01101010|01111000|01111000|01111000|01011010|00011110|00011110,16,16
40,0,baseline,B1,0.7562530040740967,0.5359542150861362,0.6237065411752157,12085.8046875,12260.0,0.023693084716796875,0.2756722867488861,0.4568876624107361,0.0,15,0,3,1,,,0,0,0,01101001|01101001|01101001|01101001|01101001|01101001|01101001|01101001|01101001|01101001|01101001|01101001|01101001|01101001|01101001|01101001|01101001|01101001|01101001|01101001,5,7
40,1,baseline,B2,1.2865315675735474,0.4401605412879997,0.8206157520538123,21671.521484375,24020.0,0.037521447986364365,0.7653616070747375,0.12183671444654465,0.3618117570877075,4,36,5,15,,,36,36,0,00100111|01000111|11100100|00101101|01101001|11001001|11001001|11001001|01001101|11000101|10100101|00110101|01000111|01110100|11110000|01111000|01111000|00111001|00111001|00111001,14,13
40,2,baseline,B3,0.6350024342536926,0.6809619767046354,0.384248808892698,13989.23046875,15420.0,0.07360483705997467,0.44991937279701233,0.09137753397226334,0.020100653171539307,3,2,3,2,,,2,2,0,00110011|00110011|00110011|00110011|00110011|00110011|00110011|00110011|00110011|00110011|00110011|00110011|00110011|00111001|00111001|00111001|00111001|00111001|00111001|00111001,1,1
40,3,baseline,B4,0.9766271114349365,0.4707740631137465,0.7533769962058826,15500.0,15500.0,0.025067534297704697,0.4337536096572876,0.5178060531616211,0.0,17,0,1,1,,,0,0,0,00001111|00001111|00001111|00001111|00001111|00001111|00001111|00001111|00001111|00001111|00001111|00001111|00001111|00001111|00001111|00001111|00001111|00001111|00001111|00001111,9,9
40,4,perturb,B1p0,0.7718332409858704,0.556483396748432,0.5861179438447102,13161.1904296875,13040.0,0.03294854983687401,0.342915415763855,0.39596933126449585,0.0,13,0,2,1,B1,C,0,0,0,01101100|01101100|01101100|01101100|01101100|01101100|01101100|01101100|01101100|01101100|01101100|01101100|01101100|01101100|01101100|01101100|01101100|01101100|01101100|01101100,6,5
40,5,perturb,B1p1,0.7174990773200989,0.5642392220401113,0.5722769648579559,12066.904296875,12820.0,0.04178623855113983,0.3102026879787445,0.36551010608673096,0.0,12,0,3,1,B1,C,0,0,0,11001001|11001001|11001001|11001001|11001001|11001001|11001001|11001001|11001001|11001001|11001001|11001001|11001001|11001001|11001001|11001001|11001001|11001001|11001001|11001001,4,4
40,6,perturb,B2p0,1.248755693435669,0.4466985390277042,0.8058713212188368,20671.521484375,22720.0,0.03565096855163574,0.7190977334976196,0.15229588747024536,0.3417111039161682,5,34,5,14,B2,B,36,34,-2,00100111|01000111|11100100|01101001|01101001|11001001|11001001|11001001|01001101|11000101|10100101|00110101|01000111|01110100|11110000|01111000|01111000|00111001|00111001|00111001,12,12
40,7,perturb,B2p1,1.2846882343292236,0.43069983171793447,0.8423438776397374,21209.982421875,23920.0,0.03561275452375412,0.7349677681922913,0.15229588747024536,0.3618117570877075,5,36,6,14,B2,B,36,36,0,00100111|01000111|11100100|00101101|01101001|11001001|11001001|11001001|01001101|11000101|10100101|00110101|01000111|01000111|11110000|01111000|01111000|00111001|00111001|00111001,13,14
40,8,perturb,B3p0,0.674998939037323,0.661682393478974,0.4129696063293454,14527.6923828125,15720.0,0.07129602134227753,0.4617655873298645,0.12183671444654465,0.020100653171539307,4,2,3,2,B3,B,2,2,0,00110011|00110011|00110011|00110011|00110011|00110011|00110011|00110011|00110011|00110011|00110011|00110011|00110011|00110011|00111001|00111001|00111001|00111001|00111001|00111001,3,2
40,9,perturb,B3p1,0.6560611128807068,0.6497693542608056,0.431137818661682,13989.23046875,15420.0,0.07260435074567795,0.4415194094181061,0.12183671444654465,0.020100653171539307,4,2,3,2,B3,B,2,2,0,00110011|00110011|00110011|00110011|00110011|00110011|00110011|00110011|00110011|00110011|00110011|00110011|00111001|00111001|00111001|00111001|00111001|00111001|00111001|00111001,2,3
40,10,random,R0.0,0.8921926021575928,0.5059407398699253,0.6813357314347254,15423.076171875,16300.0,0.03218089044094086,0.43358322978019714,0.4264284670352936,0.0,14,0,2,1,,,,0,,00011101|00011101|00011101|00011101|00011101|00011101|00011101|00011101|00011101|00011101|00011101|00011101|00011101|00011101|00011101|00011101|00011101|00011101|00011101|00011101,8,8
40,11,random,R0.0,0.8686714172363281,0.5376744681846187,0.6205019796775125,14961.5380859375,14700.0,0.04616647958755493,0.45699480175971985,0.36551013588905334,0.0,12,0,1,1,,,,0,,00011011|00011011|00011011|00011011|00011011|00011011|00011011|00011011|00011011|00011011|00011011|00011011|00011011|00011011|00011011|00011011|00011011|00011011|00011011|00011011,7,6
40,12,random,R0.1,1.0824353694915771,0.4480832431756725,0.8027762531678312,18020.0,19500.0,0.02751694805920124,0.49691107869148254,0.5178059935569763,0.04020130634307861,17,4,2,3,,,,4,,01010110|01010110|01000111|01000111|01000111|01000111|01000111|01000111|01000111|01000111|01000111|01000111|01000111|00100111|00100111|00100111|00100111|00100111|00100111|00100111,11,11
40,13,random,R0.1,1.0635319948196411,0.45043223128661203,0.7975476432458929,18961.5390625,19000.0,0.046143047511577606,0.530658483505249,0.42642849683761597,0.06030195951461792,14,6,2,4,,,,6,,10010101|10010101|10010101|10010101|10010101|10010101|10010101|10010101|10011100|10011100|10011100|10011100|10011100|10011100|10011100|10011100|10011100|10011100|11010100|10110100,10,10
40,14,random,R0.5,1.4754070043563843,0.3378039921366589,1.085289456630138,24001.5390625,25420.0,0.020890574902296066,0.6948861479759216,0.5787243843078613,0.18090587854385376,19,18,0,10,,,,18,,10101010|10101010|10101001|10110001|11010001|11010001|11010001|10010011|10010101|10010101|10010101|10010101|10010101|10010101|10110100|10110100|10110100|10110001|00111001|01110001,15,15
40,15,random,R0.5,1.7179174423217773,0.2844227256548659,1.2572936768795608,28918.33203125,31600.0,0.019663581624627113,0.8381204009056091,0.5787243247032166,0.2814091444015503,19,28,2,15,,,,28,,01101001|11001001|01001011|01001011|00001111|10001101|10101100|10111000|11110000|11101000|11101000|01101001|01101010|01110010|01110100|01110100|01110100|10110100|10100101|10100101,16,16
42,0,baseline,B1,0.979783296585083,0.4374556327421836,0.8267799892019073,14847.6923828125,15940.0,0.02048969827592373,0.380569189786911,0.5787243843078613,0.0,19,0,3,1,,,0,0,0,11101000|11101000|11101000|11101000|11101000|11101000|11101000|11101000|11101000|11101000|11101000|11101000|11101000|11101000|11101000|11101000|11101000|11101000|11101000|11101000,8,9
42,1,baseline,B2,1.3763099908828735,0.37260066688069243,0.9872480310129967,21493.193359375,24040.0,0.0344415083527565,0.7668423652648926,0.21321424841880798,0.3618117570877075,7,36,5,14,,,36,36,0,01100011|11000011|11000011|11000011|11001001|10101001|11101000|10111000|10111000|11101000|11101000|11010001|01110001|10001101|11001100|00110110|00111010|00111100|00111100|00111100,14,13
42,2,baseline,B3,0.7281494736671448,0.5793280526193518,0.5458863770229225,15592.845703125,16500.0,0.07854077965021133,0.45711156725883484,0.15229588747024536,0.04020130634307861,5,4,2,3,,,4,4,0,00110011|00110011|00110011|00110011|00110011|00110011|00110011|00110011|00110011|00110011|00110011|00110011|00110011|00110011|00110011|00110110|00110110|00110110|00110101|00110101,1,1
42,3,baseline,B4,1.0346908569335938,0.4126796532449953,0.885083645001853,15200.0,15200.0,0.042483795434236526,0.41348257660865784,0.5787243843078613,0.0,19,0,0,1,,,0,0,0,00001111|00001111|00001111|00001111|00001111|00001111|00001111|00001111|00001111|00001111|00001111|00001111|00001111|00001111|00001111|00001111|00001111|00001111|00001111|00001111,11,11
42,4,perturb,B1p0,1.0112931728363037,0.44700577275704156,0.8051837700066758,15520.0,15520.0,0.03231028839945793,0.4307176470756531,0.5482651591300964,0.0,18,0,1,1,B1,C,0,0,0,01101001|01101001|01101001|01101001|01101001|01101001|01101001|01101001|01101001|01101001|01101001|01101001|01101001|01101001|01101001|01101001|01101001|01101001|01101001|01101001,10,7
42,5,perturb,B1p1,0.8973665237426758,0.479356452321289,0.7353107989858584,13635.384765625,13420.0,0.030900463461875916,0.3486599922180176,0.5178059935569763,0.0,17,0,1,1,B1,C,0,0,0,01111000|01111000|01111000|01111000|01111000|01111000|01111000|01111000|01111000|01111000|01111000|01111000|01111000|01111000|01111000|01111000|01111000|01111000|01111000|01111000,5,6
42,6,perturb,B2p0,1.335152506828308,0.37194891335224967,0.9889987638378305,20493.193359375,23540.0,0.03217090666294098,0.7175970673561096,0.2436734288930893,0.3417111039161682,8,34,5,13,B2,B,36,34,-2,01100011|11000011|11000011|11000011|11001001|10101001|11101000|10111000|10111000|11101000|11101000|11010001|01110001|10001101|11001100|00111010|00111010|00111100|00111100|00111100,13,14
42,7,perturb,B2p1,1.3246052265167236,0.37263210840988514,0.987163650587836,20493.193359375,23640.0,0.033338405191898346,0.7058823108673096,0.2436734288930893,0.3417111039161682,8,34,5,13,B2,B,36,34,-2,01100011|11000011|11000011|11000011|11001001|11101000|11101000|10111000|10111000|11101000|11101000|11010001|01110001|10001101|11001100|00110110|00111010|00111100|00111100|00111100,12,12
42,8,perturb,B3p0,0.7721401453018188,0.5508555121276474,0.5962827326605838,16285.1533203125,17500.0,0.07660143822431564,0.4725823700428009,0.18275506794452667,0.04020130634307861,6,4,2,3,B3,B,4,4,0,00110011|00110011|00110011|00110011|00110011|00110011|00110011|00110011|00110011|00110011|00110011|00110011|00110011|00110011|00110011|00110011|00110110|00110110|00110101|00110101,2,3
42,9,perturb,B3p1,0.7725961804389954,0.565308057210585,0.5703844624207117,15592.845703125,16500.0,0.0735282376408577,0.4761115610599518,0.18275506794452667,0.04020130634307861,6,4,2,3,B3,B,4,4,0,00110011|00110011|00110011|00110011|00110011|00110011|00110011|00110011|00110011|00110011|00110011|00110011|00110011|00110011|00110110|00110110|00110110|00110110|00110101|00110101,3,2
42,10,random,R0.0,0.7965562343597412,0.5200054556962493,0.6539159757381453,13000.0,13000.0,0.05063232406973839,0.34995463490486145,0.3959692716598511,0.0,13,0,1,1,,,,0,,01011100|01011100|01011100|01011100|01011100|01011100|01011100|01011100|01011100|01011100|01011100|01011100|01011100|01011100|01011100|01011100|01011100|01011100|01011100|01011100,4,4
42,11,random,R0.0,0.9457360506057739,0.4435277125455152,0.8129949931744914,14076.9228515625,14240.0,0.022599095478653908,0.34441259503364563,0.5787243843078613,0.0,19,0,1,1,,,,0,,11011000|11011000|11011000|11011000|11011000|11011000|11011000|11011000|11011000|11011000|11011000|11011000|11011000|11011000|11011000|11011000|11011000|11011000|11011000|11011000,6,8
42,12,random,R0.1,0.9481807947158813,0.5007487330347142,0.6916508345747787,15769.23046875,16200.0,0.04847599193453789,0.4836348295211792,0.39596930146217346,0.020100653171539307,13,2,3,2,,,,2,,00110011|00110011|00110011|00110011|00111010|00111010|00111010|00111010|00111010|00111010|00111010|00111010|00111010|00111010|00111010|00111010|00111010|00111010|00111010|00111010,7,5
42,13,random,R0.1,0.9981228113174438,0.4346491547281959,0.8332161141772433,15327.6923828125,15220.0,0.04847220703959465,0.4318445920944214,0.5178059935569763,0.0,17,0,1,1,,,,0,,01100110|01100110|01100110|01100110|01100110|01100110|01100110|01100110|01100110|01100110|01100110|01100110|01100110|01100110|01100110|01100110|01100110|01100110|01100110|01100110,9,10
42,14,random,R0.5,1.4131813049316406,0.3558196903304652,1.0333311642741687,23000.0,23520.0,0.05221015214920044,0.7633787989616394,0.4568876326084137,0.14070457220077515,15,14,0,8,,,,14,,10100110|10100110|10010110|00110110|00110110|10110010|10110010|10110010|11010010|11010010|11010010|01010011|01010011|01010011|01000111|01001011|01001011|01001011|01001011|01001011,15,15
42,15,random,R0.5,1.8062794208526611,0.23895810478045365,1.4314670362220145,29027.69140625,32340.0,0.028939761221408844,0.9275647401809692,0.5482651591300964,0.3015097975730896,18,30,1,16,,,,30,,00100111|01000111|01100011|11000011|11100001|11001001|11001001|11011000|11010001|11110000|11100001|11100001|01110001|00110101|01110100|01101100|11101000|11101000|11101000|01111000,16,16
43,0,baseline,B1,0.7552905678749084,0.5286661556700637,0.6373981320320926,11973.7138671875,11620.0,0.03128933161497116,0.2975727617740631,0.4264284670352936,0.0,14,0,0,1,,,0,0,0,00011110|00011110|00011110|00011110|00011110|00011110|00011110|00011110|00011110|00011110|00011110|00011110|00011110|00011110|00011110|00011110|00011110|00011110|00011110|00011110,5,6
43,1,baseline,B2,1.518271803855896,0.3855072046470689,0.9531953970559369,24523.388671875,27800.0,0.034287940710783005,0.888857364654541,0.21321424841880798,0.3819124102592468,7,38,5,17,,,38,38,0,00001111|00010111|10010110|01010110|01010110|10011010|01011100|00111100|10101010|00101110|01100110|01100110|00110110|00011110|10011010|00111010|10011010|00011011|00011011|00101011,15,13
43,2,baseline,B3,0.7198959589004517,0.5891654863339784,0.529048173275056,14174.3583984375,15320.0,0.07520835101604462,0.4418318569660187,0.18275506794452667,0.020100653171539307,6,2,4,2,,,2,2,0,10100011|10100011|10100011|10100011|10100011|10001011|10001011|10001011|10001011|10001011|10001011|10001011|10001011|10001011|10001011|10001011|10001011|10001011|10001011|10001011,1,1
43,3,baseline,B4,0.8989349603652954,0.48709532989067916,0.7192954257937594,14500.0,14800.0,0.038126952946186066,0.40392035245895386,0.4568876326084137,0.0,15,0,2,1,,,0,0,0,00001111|00001111|00001111|00001111|00001111|00001111|00001111|00001111|00001111|00001111|00001111|00001111|00001111|00001111|00001111|00001111|00001111|00001111|00001111|00001111,8,10
43,4,perturb,B1p0,0.7445433735847473,0.525067923336155,0.6442276469759445,11847.6923828125,11740.0,0.0356932058930397,0.28242161870002747,0.4264284670352936,0.0,14,0,1,1,B1,C,0,0,0,10010110|10010110|10010110|10010110|10010110|10010110|10010110|10010110|10010110|10010110|10010110|10010110|10010110|10010110|10010110|10010110|10010110|10010110|10010110|10010110,3,7
43,5,perturb,B1p1,0.8046623468399048,0.5448604944548262,0.6072254905630784,13827.6923828125,13720.0,0.03568729758262634,0.373005747795105,0.39596933126449585,0.0,13,0,1,1,B1,C,0,0,0,00110110|00110110|00110110|00110110|00110110|00110110|00110110|00110110|00110110|00110110|00110110|00110110|00110110|00110110|00110110|00110110|00110110|00110110|00110110|00110110,6,4
43,6,perturb,B2p0,1.46211838722229,0.3936883519753695,0.9321956675118543,23732.818359375,25700.0,0.03829998895525932,0.848792552947998,0.21321424841880798,0.3618117570877075,7,36,2,16,B2,B,38,36,-2,00001111|00010111|10010110|01010110|01010110|10011010|10011010|00111100|10101010|00101110|01100110|01100110|00110110|00011110|10011010|00111010|10011010|00011011|00011011|00101011,13,12
43,7,perturb,B2p1,1.4724823236465454,0.38456278120944326,0.9556482232365967,24215.697265625,27100.0,0.03274872899055481,0.8342484831809998,0.2436734288930893,0.3618117570877075,8,36,5,16,B2,B,38,36,-2,00001111|00010111|10010110|01010110|01010110|10011010|01011100|00111100|10101010|00101110|01100110|01100110|00110110|00011110|00011110|00111010|10011010|00011011|00011011|00101011,14,14
43,8,perturb,B3p0,0.7548425793647766,0.5828456332510425,0.5398329077074263,14174.3583984375,14320.0,0.07019580900669098,0.45133185386657715,0.21321424841880798,0.020100653171539307,7,2,4,2,B3,B,2,2,0,10100011|10100011|10100011|10100011|10001011|10001011|10001011|10001011|10001011|10001011|10001011|10001011|10001011|10001011|10001011|10001011|10001011|10001011|10001011|10001011,4,2
43,9,perturb,B3p1,0.7359629273414612,0.5639810672804868,0.5727345966991371,14174.3583984375,16320.0,0.07333787530660629,0.429310142993927,0.21321424841880798,0.020100653171539307,7,2,4,2,B3,B,2,2,0,10100011|10100011|10100011|10100011|10100011|10100011|10001011|10001011|10001011|10001011|10001011|10001011|10001011|10001011|10001011|10001011|10001011|10001011|10001011|10001011,2,3
43,10,random,R0.0,0.9155882596969604,0.45568253407149945,0.7859589091371926,13866.666015625,14800.0,0.03649768605828285,0.3612845540046692,0.5178059935569763,0.0,17,0,1,1,,,,0,,00101011|00101011|00101011|00101011|00101011|00101011|00101011|00101011|00101011|00101011|00101011|00101011|00101011|00101011|00101011|00101011|00101011|00101011|00101011|00101011,11,11
43,11,random,R0.0,0.84114670753479,0.5209409648359387,0.6521185549043714,14289.7431640625,14500.0,0.06644963473081589,0.43964606523513794,0.33505094051361084,0.0,11,0,1,1,,,,0,,10011001|10011001|10011001|10011001|10011001|10011001|10011001|10011001|10011001|10011001|10011001|10011001|10011001|10011001|10011001|10011001|10011001|10011001|10011001|10011001,7,8
43,12,random,R0.1,0.9139836430549622,0.5287661384585887,0.637209027179937,16807.69140625,16700.0,0.06263303011655807,0.537016749382019,0.2741326093673706,0.04020130634307861,9,4,2,3,,,,4,,11100100|11100100|01110100|01110100|01110100|01110100|01110100|01110100|01110100|01110100|01110100|01110100|01110100|01110100|01110100|01110100|01110100|01110100|01110100|01111000,10,5
43,13,random,R0.1,0.9094442129135132,0.4921040388233947,0.7090651238213997,15500.0,16100.0,0.05309482663869858,0.47073864936828613,0.36551013588905334,0.020100653171539307,12,2,1,2,,,,2,,00011101|00011101|00011101|00011101|00011101|00011101|00011101|00011101|00011101|00011101|00011101|00011101|00011101|00011101|00011101|00011101|00011101|00011101|10001101|10001101,9,9
43,14,random,R0.5,1.5866512060165405,0.2934658030106758,1.2259941609463558,26482.05078125,29820.0,0.04820410534739494,0.8403515815734863,0.45688769221305847,0.24120783805847168,15,24,2,13,,,,24,,01101100|01101100|10101100|10101100|10001101|01001101|11001001|10011001|10011001|01011001|00011101|00110101|10100101|10110001|10110001|10110010|10110001|10110001|10110001|10110001,16,16
43,15,random,R0.5,1.284024715423584,0.34261300883659684,1.0711537228947317,22578.97265625,27100.0,0.043769851326942444,0.6536376476287842,0.36551010608673096,0.22110718488693237,12,22,2,12,,,,22,,01011100|01011100|01011100|01101100|01101100|01101100|01101100|01101100|01101001|11100001|11100100|11000110|11100100|11100100|10100110|10000111|10001011|10001011|11000011|10010011,12,15
44,0,baseline,B1,0.9219536781311035,0.4443645512425426,0.8111099920793201,14581.3388671875,14740.0,0.0399697870016098,0.364177942276001,0.5178060531616211,0.0,17,0,3,1,,,0,0,0,10110010|10110010|10110010|10110010|10110010|10110010|10110010|10110010|10110010|10110010|10110010|10110010|10110010|10110010|10110010|10110010|10110010|10110010|10110010|10110010,4,7
44,1,baseline,B2,1.7621047496795654,0.29004245726052125,1.2377279623710629,26856.724609375,30700.0,0.03950420767068863,1.0464550256729126,0.2741326093673706,0.40201306343078613,9,40,10,17,,,40,40,0,00001111|00010111|01001011|01001011|00101011|10001011|00101011|01101001|00111001|00110011|10111000|10110100|11100010|11100010|11110000|01110100|01110100|11010100|10110100|11001100,16,16
44,2,baseline,B3,0.9937310814857483,0.5087832445451931,0.6757331988168822,19000.0,19000.0,0.09857933223247528,0.6417361497879028,0.21321424841880798,0.04020130634307861,7,4,1,3,,,4,4,0,01011100|01011100|01011100|01011100|01011100|01011100|01011001|01011001|01011001|01011001|01011001|01011001|01011001|01011001|01011001|00011011|00011011|00011011|00011011|00011011,6,1
44,3,baseline,B4,1.073809266090393,0.41391294709585075,0.8820995999825659,17000.0,17000.0,0.04942868649959564,0.476115345954895,0.5482651591300964,0.0,18,0,1,1,,,0,0,0,00001111|00001111|00001111|00001111|00001111|00001111|00001111|00001111|00001111|00001111|00001111|00001111|00001111|00001111|00001111|00001111|00001111|00001111|00001111|00001111,9,9
44,4,perturb,B1p0,0.9907008409500122,0.4217229185835126,0.86340677163075,15904.615234375,17020.0,0.04192798212170601,0.43096691370010376,0.5178060531616211,0.0,17,0,1,1,B1,C,0,0,0,10111000|10111000|10111000|10111000|10111000|10111000|10111000|10111000|10111000|10111000|10111000|10111000|10111000|10111000|10111000|10111000|10111000|10111000|10111000|10111000,5,8
44,5,perturb,B1p1,0.9028668999671936,0.47328207771111264,0.7480637094441678,15138.2626953125,14620.0,0.04769126698374748,0.39828792214393616,0.4568876624107361,0.0,15,0,3,1,B1,C,0,0,0,00110011|00110011|00110011|00110011|00110011|00110011|00110011|00110011|00110011|00110011|00110011|00110011|00110011|00110011|00110011|00110011|00110011|00110011|00110011|00110011,3,6
44,6,perturb,B2p0,1.6946581602096558,0.30212145192272966,1.1969261837668619,25856.724609375,29700.0,0.04451674595475197,1.0044549703598022,0.2436734288930893,0.40201306343078613,8,40,9,16,B2,B,40,40,0,00001111|00010111|01001011|01001011|00101011|10001011|01101001|01101001|00111001|00110011|10111000|10110100|11100010|11100010|11110000|01110100|01110100|11010100|10110100|11001100,13,15
44,7,perturb,B2p1,1.7025041580200195,0.3045147188830979,1.189035855124896,25856.724609375,29100.0,0.03950420767068863,1.0069550275802612,0.2741326093673706,0.3819124102592468,9,38,9,16,B2,B,40,38,-2,00001111|00010111|01001011|01001011|00101011|10001011|00101011|01101001|00111001|00110011|10110100|10110100|11100010|11100010|11110000|01110100|01110100|11010100|10110100|11001100,15,13
44,8,perturb,B3p0,1.0620877742767334,0.4958397877806354,0.7015024129424771,19000.0,19000.0,0.09396691620349884,0.6842461228370667,0.2436734288930893,0.04020130634307861,8,4,1,3,B3,B,4,4,0,01011100|01011100|01011100|01011100|01011100|01011100|01011100|01011001|01011001|01011001|01011001|01011001|01011001|01011001|01011001|00011011|00011011|00011011|00011011|00011011,8,3
44,9,perturb,B3p1,1.0191776752471924,0.4911815084103945,0.7109415486021341,19000.0,19000.0,0.09356679022312164,0.6417360901832581,0.2436734288930893,0.04020130634307861,8,4,1,3,B3,B,4,4,0,01011100|01011100|01011100|01011100|01011100|01011001|01011001|01011001|01011001|01011001|01011001|01011001|01011001|01011001|01011001|00011011|00011011|00011011|00011011|00011011,7,4
44,10,random,R0.0,0.8998847007751465,0.4802743313891331,0.7333978146103245,15212.3076171875,16320.0,0.06712926924228668,0.43678614497184753,0.39596930146217346,0.0,13,0,2,1,,,,0,,00011110|00011110|00011110|00011110|00011110|00011110|00011110|00011110|00011110|00011110|00011110|00011110|00011110|00011110|00011110|00011110|00011110|00011110|00011110|00011110,2,5
44,11,random,R0.0,0.7922835946083069,0.5008012086075375,0.6915460458454513,14156.724609375,15500.0,0.057721562683582306,0.3690517842769623,0.36551010608673096,0.0,12,0,2,1,,,,0,,10100110|10100110|10100110|10100110|10100110|10100110|10100110|10100110|10100110|10100110|10100110|10100110|10100110|10100110|10100110|10100110|10100110|10100110|10100110|10100110,1,2
44,12,random,R0.1,1.1926891803741455,0.39770294287269226,0.9220499270656908,20000.0,21300.0,0.06138824671506882,0.6445704102516174,0.4264284670352936,0.06030195951461792,14,6,4,4,,,,6,,11100010|11100010|11100010|11100010|11100010|11100010|11100010|11100010|01100110|01100110|01001110|01001110|01001110|01001110|01001110|01001110|01001110|01001110|01001110|01011100,10,10
44,13,random,R0.1,1.2078553438186646,0.3562330447927243,1.032170142096169,21404.615234375,22200.0,0.05863295495510101,0.5613723397254944,0.4873468279838562,0.10050326585769653,16,10,1,6,,,,10,,01110010|01110010|01110010|01010110|01010110|01010110|01010101|01010101|01010101|01110001|01110001|01110001|01110001|01111000|01110010|01110010|01110010|01110010|01110010|01110010,11,11
44,14,random,R0.5,1.696591854095459,0.3028968021300177,1.1943631185153476,26923.078125,27200.0,0.04579171910881996,0.9728054404258728,0.45688769221305847,0.22110718488693237,15,22,2,12,,,,22,,10101100|10101100|10101001|10001011|00101011|10100011|10100011|01100011|00100111|00100111|01100101|01100101|01100101|01100101|01100101|01101001|00111001|01011001|11001001|11001001,14,14
44,15,random,R0.5,1.4672638177871704,0.30877338779269226,1.1751476439729862,27000.0,28020.0,0.06752416491508484,0.7826631665229797,0.39596930146217346,0.22110718488693237,13,22,2,12,,,,22,,01111000|01011001|01011001|01110001|01110010|01110100|01110001|01010101|01110100|01110100|01110100|01010110|00011110|00011110|00011110|00011110|01011010|01110010|01110010|01110010,12,12
45,0,baseline,B1,0.6208310723304749,0.613663097507154,0.4883092025549615,10913.9130859375,11740.0,0.02677067741751671,0.31992781162261963,0.2741326093673706,0.0,9,0,2,1,,,0,0,0,01001110|01001110|01001110|01001110|01001110|01001110|01001110|01001110|01001110|01001110|01001110|01001110|01001110|01001110|01001110|01001110|01001110|01001110|01001110|01001110,1,2
45,1,baseline,B2,1.2378050088882446,0.4087685564909992,0.8946061596580211,20856.12109375,25640.0,0.028673162683844566,0.7967603206634521,0.030459178611636162,0.3819124102592468,1,38,6,18,,,38,38,0,00100111|01110010|00110110|10110010|01110010|11010010|11010010|01011010|01001110|00011110|01001110|01101100|01100110|01010110|01100110|10100110|10101100|10101100|00001111|10001101,12,12
45,2,baseline,B3,0.6467463970184326,0.6504847530439251,0.4300374201299047,13000.0,13000.0,0.06058797985315323,0.4643217623233795,0.12183671444654465,0.0,4,0,1,1,,,0,0,0,10100101|10100101|10100101|10100101|10100101|10100101|10100101|10100101|10100101|10100101|10100101|10100101|10100101|10100101|10100101|10100101|10100101|10100101|10100101|10100101,3,1
45,3,baseline,B4,0.7395147085189819,0.552702887387899,0.5929346960062146,12487.826171875,12800.0,0.028381625190377235,0.376082181930542,0.33505094051361084,0.0,11,0,1,1,,,0,0,0,00001111|00001111|00001111|00001111|00001111|00001111|00001111|00001111|00001111|00001111|00001111|00001111|00001111|00001111|00001111|00001111|00001111|00001111|00001111|00001111,6,6
45,4,perturb,B1p0,0.740663468837738,0.5372809600213695,0.62123411827694,12134.515625,11940.0,0.02387227676808834,0.351281076669693,0.36551013588905334,0.0,12,0,1,1,B1,C,0,0,0,01101010|01101010|01101010|01101010|01101010|01101010|01101010|01101010|01101010|01101010|01101010|01101010|01101010|01101010|01101010|01101010|01101010|01101010|01101010|01101010,7,8
45,5,perturb,B1p1,0.7056556344032288,0.5804043845605287,0.5440302036234353,12661.7392578125,12740.0,0.03566476330161095,0.3958582580089569,0.2741326093673706,0.0,9,0,1,1,B1,C,0,0,0,01000111|01000111|01000111|01000111|01000111|01000111|01000111|01000111|01000111|01000111|01000111|01000111|01000111|01000111|01000111|01000111|01000111|01000111|01000111|01000111,5,5
45,6,perturb,B2p0,1.2535651922225952,0.4062198576364258,0.9008607446781522,21336.12109375,25920.0,0.029073288664221764,0.8121203184127808,0.030459178611636162,0.3819124102592468,1,38,6,18,B2,B,38,38,0,00100111|01110010|00110110|10110010|01110010|11010010|11010010|01011010|01001110|00011110|01001110|01101100|01100110|01010110|01100110|10100110|10101100|00001111|00001111|10001101,13,13
45,7,perturb,B2p1,1.2544198036193848,0.3982670537764676,0.9206325093223208,20456.12109375,25440.0,0.026802685111761093,0.7847863435745239,0.060918357223272324,0.3819124102592468,2,38,6,17,B2,B,38,38,0,00100111|01110010|00110110|10110010|01110010|11010010|11010010|01011010|01001110|00011110|01101100|01101100|01100110|01010110|01100110|10100110|10101100|10101100|00001111|10001101,14,14
45,8,perturb,B3p0,0.6370819807052612,0.6033169253285067,0.5053126393482925,11513.9130859375,13120.0,0.04716165363788605,0.376706063747406,0.21321424841880798,0.0,7,0,2,1,B3,C,0,0,0,00101101|00101101|00101101|00101101|00101101|00101101|00101101|00101101|00101101|00101101|00101101|00101101|00101101|00101101|00101101|00101101|00101101|00101101|00101101|00101101,2,3
45,9,perturb,B3p1,0.7796880006790161,0.5269194575705427,0.6407075740552189,12793.9130859375,12620.0,0.028511783108115196,0.3856660723686218,0.36551010608673096,0.0,12,0,0,1,B3,C,0,0,0,10100110|10100110|10100110|10100110|10100110|10100110|10100110|10100110|10100110|10100110|10100110|10100110|10100110|10100110|10100110|10100110|10100110|10100110|10100110|10100110,9,9
45,10,random,R0.0,0.7643836140632629,0.5435693367232743,0.6095980060899572,12633.9130859375,12460.0,0.0379364937543869,0.39139607548713684,0.33505094051361084,0.0,11,0,0,1,,,,0,,10100011|10100011|10100011|10100011|10100011|10100011|10100011|10100011|10100011|10100011|10100011|10100011|10100011|10100011|10100011|10100011|10100011|10100011|10100011|10100011,8,7
45,11,random,R0.0,0.6968750357627869,0.5805137883388011,0.5438417256046564,11820.0,11820.0,0.031243275851011276,0.36103999614715576,0.3045917749404907,0.0,10,0,1,1,,,,0,,10010110|10010110|10010110|10010110|10010110|10010110|10010110|10010110|10010110|10010110|10010110|10010110|10010110|10010110|10010110|10010110|10010110|10010110|10010110|10010110,4,4
45,12,random,R0.1,0.8999605178833008,0.4936999474047209,0.7058273402501979,15093.9130859375,15520.0,0.029112141579389572,0.4955960810184479,0.3350509703159332,0.04020130634307861,11,4,2,3,,,,4,,00111100|00111100|00111100|00111100|00111100|00111100|00111100|00111100|01101100|11100100|11100100|11100100|11100100|11100100|11100100|11100100|11100100|11100100|11100100|11100100,11,10
45,13,random,R0.1,0.8475456833839417,0.4752044051928051,0.7440102407897904,15487.826171875,16220.0,0.028181392699480057,0.39355215430259705,0.36551013588905334,0.06030195951461792,12,6,1,4,,,,6,,10011010|00011110|00011110|00011110|00011110|00110110|00110110|00110110|00110110|00110110|00110110|01100110|01100110|01100110|01100110|01100110|01100110|01100110|01100110|01100110,10,11
45,14,random,R0.5,1.5274051427841187,0.29757975588509933,1.2120730029166162,24633.912109375,27820.0,0.02169850654900074,0.8380703926086426,0.4264284670352936,0.24120783805847168,14,24,1,13,,,,24,,00101011|10100011|11100010|11000011|11001001|11101000|11101000|10101010|10101010|10101010|10101001|10101001|10100011|10001011|10000111|10000111|10001011|10001011|10001011|01001011,15,15
45,15,random,R0.5,1.6907789707183838,0.2944730094260537,1.2225679288984714,27520.0,28700.0,0.02256796322762966,1.041392207145691,0.36551013588905334,0.261308491230011,12,26,0,14,,,,26,,00011101|00111001|00111001|01110001|01010011|01011010|00111010|00111010|00110110|00110110|00110011|00110011|00110110|00100111|00010111|10010101|00110101|00110101|00011101|00011101,16,16
46,0,baseline,B1,0.8418156504631042,0.5081122631801348,0.6770528653063851,14701.60546875,15220.0,0.045137930661439896,0.4007083773612976,0.39596930146217346,0.0,13,0,3,1,,,0,0,0,10010110|10010110|10010110|10010110|10010110|10010110|10010110|10010110|10010110|10010110|10010110|10010110|10010110|10010110|10010110|10010110|10010110|10010110|10010110|10010110,4,4
46,1,baseline,B2,1.4039279222488403,0.3793479139568432,0.9693015162066004,22495.2578125,23820.0,0.04131677374243736,0.747383713722229,0.21321424841880798,0.40201306343078613,7,40,4,14,,,40,40,0,00010111|11001001|10011001|00011101|00001111|10001011|11001001|00011011|00011011|01101010|10100011|10010011|01110010|10110100|10110100|10110100|10010110|10010110|10010110|10010110,14,12
46,2,baseline,B3,0.7586917877197266,0.5827894784343463,0.5399292582997803,15244.4853515625,15000.0,0.06647013127803802,0.469265341758728,0.18275506794452667,0.04020130634307861,6,4,5,3,,,4,4,0,10011100|10011100|10011100|10011100|10011100|10011100|10011100|10011100|10011100|10011100|10011100|10011100|10011100|11010100|11010100|11010100|11010100|10010101|10010101|10010101,2,2
46,3,baseline,B4,1.0469006299972534,0.44918263282780174,0.8003257193144999,17307.69140625,17200.0,0.05454375594854355,0.5354691743850708,0.4568876624107361,0.0,15,0,0,1,,,0,0,0,00001111|00001111|00001111|00001111|00001111|00001111|00001111|00001111|00001111|00001111|00001111|00001111|00001111|00001111|00001111|00001111|00001111|00001111|00001111|00001111,8,7
46,4,perturb,B1p0,1.0085338354110718,0.45413824504020334,0.7893536227990331,16681.60546875,16400.0,0.048600807785987854,0.5030453205108643,0.4568876624107361,0.0,15,0,1,1,B1,C,0,0,0,00011110|00011110|00011110|00011110|00011110|00011110|00011110|00011110|00011110|00011110|00011110|00011110|00011110|00011110|00011110|00011110|00011110|00011110|00011110|00011110,6,6
46,5,perturb,B1p1,0.9583719968795776,0.4555951171009453,0.7861507649798324,15278.5283203125,14920.0,0.03513827919960022,0.40542763471603394,0.5178059935569763,0.0,17,0,2,1,B1,C,0,0,0,10011010|10011010|10011010|10011010|10011010|10011010|10011010|10011010|10011010|10011010|10011010|10011010|10011010|10011010|10011010|10011010|10011010|10011010|10011010|10011010,5,5
46,6,perturb,B2p0,1.3352357149124146,0.37890314725812063,0.9704746546893063,21610.640625,23820.0,0.04432833567261696,0.6854221820831299,0.2436734288930893,0.3618117570877075,8,36,4,13,B2,B,40,36,-4,00010111|00010111|10011001|00011101|00001111|10001011|11001001|00011011|00011011|01101010|10100011|10010011|01110010|10110100|10110100|10110100|10010110|10010110|10010110|10010110,12,13
46,7,perturb,B2p1,1.3362911939620972,0.40109579203833057,0.9135549973149371,21495.2578125,22020.0,0.0463293120265007,0.7051937580108643,0.18275506794452667,0.40201306343078613,6,40,4,13,B2,B,40,40,0,00010111|11001001|10011001|00011101|00011101|10001011|11001001|00011011|00011011|01101010|10100011|10010011|01110010|10110100|10110100|10110100|10010110|10010110|10010110|10010110,13,10
46,8,perturb,B3p0,0.8082035779953003,0.5577603582696373,0.5838258743141315,15782.947265625,15700.0,0.06376118957996368,0.4910268783569336,0.21321424841880798,0.04020130634307861,7,4,5,3,B3,B,4,4,0,10011100|10011100|10011100|10011100|10011100|10011100|10011100|10011100|10011100|10011100|10011100|10011100|10011100|10011100|11010100|11010100|11010100|10010101|10010101|10010101,3,3
46,9,perturb,B3p1,0.7163878083229065,0.6071056100239782,0.49905251619666596,14782.947265625,14700.0,0.06916375458240509,0.4547268748283386,0.15229588747024536,0.04020130634307861,5,4,6,3,B3,B,4,4,0,10011100|10011100|10011100|10011100|10011100|10011100|10011100|10011100|10011100|10011100|10011100|10011100|11010100|11010100|11010100|11010100|11010100|10010101|10010101|10010101,1,1
46,10,random,R0.0,1.0291516780853271,0.43910336761632895,0.8230204320830709,16807.69140625,16700.0,0.036053366959095,0.47529226541519165,0.5178059935569763,0.0,17,0,2,1,,,,0,,10000111|10000111|10000111|10000111|10000111|10000111|10000111|10000111|10000111|10000111|10000111|10000111|10000111|10000111|10000111|10000111|10000111|10000111|10000111|10000111,7,8
46,11,random,R0.0,1.0922061204910278,0.41793034631965986,0.8724404959415345,18000.0,18200.0,0.0471591018140316,0.5272409319877625,0.5178059935569763,0.0,17,0,2,1,,,,0,,01010110|01010110|01010110|01010110|01010110|01010110|01010110|01010110|01010110|01010110|01010110|01010110|01010110|01010110|01010110|01010110|01010110|01010110|01010110|01010110,9,9
46,12,random,R0.1,1.2208175659179688,0.36601387022565035,1.0050840495074416,19278.52734375,20140.0,0.03788762912154198,0.5439038276672363,0.5787243843078613,0.06030195951461792,19,6,3,4,,,,6,,11001100|11001100|11001100|10101100|10101100|10101100|10101001|10101001|10101001|10101001|10101001|10101001|10101001|10101001|10101001|10101001|10101001|10101001|10101001|11001001,11,14
46,13,random,R0.1,1.1820240020751953,0.3856116609021874,0.9529244757740849,19384.615234375,19500.0,0.04788154736161232,0.5761350989341736,0.5178059935569763,0.04020130634307861,17,4,1,3,,,,4,,01110100|01110100|01110100|01110100|01110100|01110100|01110100|01110100|01110100|01110100|01110100|01110100|00110101|00110101|00110101|00110101|00110101|00110101|10100101|10100101,10,11
46,14,random,R0.5,1.6314444541931152,0.3020320706619488,1.1972220730006133,28038.4609375,28300.0,0.05218462273478508,0.9012647867202759,0.4568876624107361,0.22110718488693237,15,22,2,12,,,,22,,10110100|00110101|00110101|00110101|00011101|01010101|01110100|01110100|01101100|01101100|01110100|01110100|00110110|00110011|00110011|00110011|00110110|10100110|00110110|00110110,15,16
46,15,random,R0.5,1.7106858491897583,0.3051103266682796,1.1870818410008404,29584.615234375,30000.0,0.048323482275009155,0.9642668962478638,0.4568876624107361,0.24120783805847168,15,24,1,13,,,,24,,10101001|11001001|11001001|11001100|11001001|11001001|11001100|10001110|00011110|00011110|00011110|00011110|00011110|00011110|10010110|10000111|10100011|10110001|10101001|10111000,16,15
47,0,baseline,B1,0.9062806963920593,0.5097786199878203,0.6737787259583451,15307.6923828125,15200.0,0.047967579215765,0.43188464641571045,0.42642849683761597,0.0,14,0,2,1,,,0,0,0,00101011|00101011|00101011|00101011|00101011|00101011|00101011|00101011|00101011|00101011|00101011|00101011|00101011|00101011|00101011|00101011|00101011|00101011|00101011|00101011,7,6
47,1,baseline,B2,1.4528203010559082,0.41773789289145125,0.8729010936346878,23189.296875,23940.0,0.05005091428756714,0.8484604358673096,0.15229588747024536,0.40201306343078613,5,40,3,16,,,40,40,0,00001111|10001011|00100111|10100101|10010101|11100001|01110001|01100101|01100101|11110000|11110000|00111010|00111010|10011010|01001011|01001011|00101011|10001011|00011011|00101011,14,13
47,2,baseline,B3,0.8473834991455078,0.5733116799403504,0.5563257661018602,17384.615234375,17800.0,0.08086693286895752,0.5234596133232117,0.18275506794452667,0.06030195951461792,6,6,5,4,,,6,6,0,11001001|11001001|11001001|11001001|11010001|11010001|11010001|10011001|10011001|10011001|10011001|10011001|10011001|10011001|10011001|10011001|00111001|00111001|00111001|00111001,2,1
47,3,baseline,B4,0.9116233587265015,0.4993846266321343,0.6943786852864341,16000.0,16400.0,0.0571284182369709,0.4585255980491638,0.39596933126449585,0.0,13,0,2,1,,,0,0,0,00001111|00001111|00001111|00001111|00001111|00001111|00001111|00001111|00001111|00001111|00001111|00001111|00001111|00001111|00001111|00001111|00001111|00001111|00001111|00001111,8,7
47,4,perturb,B1p0,0.8962723612785339,0.5115766036354549,0.6702579420756117,15538.4609375,16900.0,0.055266037583351135,0.4450370967388153,0.39596933126449585,0.0,13,0,3,1,B1,C,0,0,0,00111001|00111001|00111001|00111001|00111001|00111001|00111001|00111001|00111001|00111001|00111001|00111001|00111001|00111001|00111001|00111001|00111001|00111001|00111001|00111001,6,5
47,5,perturb,B1p1,1.0160760879516602,0.44890763890194113,0.8009381164044388,15961.5380859375,16500.0,0.04130065068602562,0.4265102446079254,0.5482651591300964,0.0,18,0,2,1,B1,C,0,0,0,10101001|10101001|10101001|10101001|10101001|10101001|10101001|10101001|10101001|10101001|10101001|10101001|10101001|10101001|10101001|10101001|10101001|10101001|10101001|10101001,10,11
47,6,perturb,B2p0,1.4484202861785889,0.4143440905305862,0.8810585138122327,23189.296875,24120.0,0.050451040267944336,0.8436603546142578,0.15229588747024536,0.40201306343078613,5,40,3,16,B2,B,40,40,0,00001111|10001011|00100111|10100101|10010101|11100001|01110001|01110001|01100101|11110000|11110000|00111010|00111010|10011010|01001011|01001011|00101011|10001011|00011011|00101011,12,14
47,7,perturb,B2p1,1.4528201818466187,0.4177581434804106,0.8728526180271882,23189.296875,23920.0,0.05005091428756714,0.8484604358673096,0.15229588747024536,0.40201306343078613,5,40,3,16,B2,B,40,40,0,00001111|10001011|00100111|10100101|10010101|11100001|01110001|01100101|01100101|11110000|11110000|00111010|10011010|10011010|01001011|01001011|00101011|10001011|00011011|00101011,13,12
47,8,perturb,B3p0,0.8700373768806458,0.5704952784415369,0.561250385890351,17384.615234375,17800.0,0.08086693286895752,0.5461134910583496,0.18275506794452667,0.06030195951461792,6,6,5,4,B3,B,6,6,0,11001001|11001001|11001001|11001001|11010001|11010001|11010001|10011001|10011001|10011001|10011001|10011001|10011001|10011001|10011001|00111001|00111001|00111001|00111001|00111001,3,2
47,9,perturb,B3p1,0.8733493089675903,0.5589897982442685,0.5816240560038244,17384.615234375,17800.0,0.07585439831018448,0.5239787697792053,0.21321424841880798,0.06030195951461792,7,6,5,4,B3,B,6,6,0,11001001|11001001|11001001|11001001|11010001|11010001|11010001|11010001|10011001|10011001|10011001|10011001|10011001|10011001|10011001|10011001|00111001|00111001|00111001|00111001,4,3
47,10,random,R0.0,0.8463200330734253,0.5223870046303257,0.6493465776112541,13958.5283203125,14200.0,0.06456374377012253,0.38578692078590393,0.39596933126449585,0.0,13,0,2,1,,,,0,,11110000|11110000|11110000|11110000|11110000|11110000|11110000|11110000|11110000|11110000|11110000|11110000|11110000|11110000|11110000|11110000|11110000|11110000|11110000|11110000,1,4
47,11,random,R0.0,0.8909000158309937,0.4850351372241822,0.7235339427839634,14046.154296875,14300.0,0.058919329196214676,0.37509292364120483,0.45688769221305847,0.0,15,0,2,1,,,,0,,01110100|01110100|01110100|01110100|01110100|01110100|01110100|01110100|01110100|01110100|01110100|01110100|01110100|01110100|01110100|01110100|01110100|01110100|01110100|01110100,5,8
47,12,random,R0.1,0.97615647315979,0.4742530554759707,0.7460142274340079,15220.0673828125,14600.0,0.04598968103528023,0.41236066818237305,0.5178059935569763,0.0,17,0,1,1,,,,0,,01110010|01110010|01110010|01110010|01110010|01110010|01110010|01110010|01110010|01110010|01110010|01110010|01110010|01110010|01110010|01110010|01110010|01110010|01110010|01110010,9,9
47,13,random,R0.1,1.0340726375579834,0.4534617059448213,0.7908444541283051,18500.0,19500.0,0.06286711990833282,0.5350348949432373,0.39596930146217346,0.04020130634307861,13,4,2,3,,,,4,,10101001|10101001|00101101|00101101|00101101|00101101|00101101|00101101|00101101|00101101|00101101|00101101|00101101|00101101|10101100|10101100|10101100|10101100|10101100|10101100,11,10
47,14,random,R0.5,1.4730584621429443,0.3554804126018677,1.0342851294231368,22200.0,22200.0,0.05174371227622032,0.752445638179779,0.5482652187347412,0.12060391902923584,18,12,0,7,,,,12,,11011000|11011000|11011000|11011000|11011000|01011001|01011001|01001101|11001100|11001100|11001100|11001100|11001100|11001100|11010100|11010010|11110000|11110000|11110000|11110000,15,15
47,15,random,R0.5,1.5954989194869995,0.30324051759253684,1.193229000921276,24738.4609375,26300.0,0.03674954175949097,0.7686598896980286,0.6091835498809814,0.18090587854385376,20,18,2,10,,,,18,,01000111|01010101|01010101|01010101|01010011|11010010|11010010|11001010|11001100|11001100|10101100|10101100|10101001|10101001|10101001|10101001|00101101|00101101|00101110|00101110,16,16
48,0,baseline,B1,0.9663516879081726,0.47732759484665144,0.739552242171226,14861.5390625,15120.0,0.03167495131492615,0.38641154766082764,0.5482652187347412,0.0,18,0,1,1,,,0,0,0,01101100|01101100|01101100|01101100|01101100|01101100|01101100|01101100|01101100|01101100|01101100|01101100|01101100|01101100|01101100|01101100|01101100|01101100|01101100|01101100,6,9
48,1,baseline,B2,1.2765440940856934,0.40455126741796676,0.9049768078251085,20427.982421875,24540.0,0.03531472757458687,0.6454863548278809,0.2741326093673706,0.3216104507446289,9,32,5,12,,,32,32,0,01000111|01110001|01110001|01111000|01110100|01110100|01110100|01110100|00101110|01001110|10001011|01101001|01101001|01111000|11011000|11011000|00011110|10001110|10001110|10001110,14,13
48,2,baseline,B3,0.5058664679527283,0.7141571279014083,0.3366522737649553,13500.0,15500.0,0.09140289574861526,0.34380313754081726,0.030459178611636162,0.04020130634307861,1,4,3,3,,,4,4,0,10001101|10001101|10001101|10001101|10001101|10001101|00011101|00011101|00011101|00011110|00011110|00011110|00011110|00011110|00011110|00011110|00011110|00011110|00011110|00011110,1,1
48,3,baseline,B4,1.0063272714614868,0.5215946351449543,0.6508645538041947,16500.0,16500.0,0.05137822777032852,0.49806123971939087,0.4568876624107361,0.0,15,0,0,1,,,0,0,0,00001111|00001111|00001111|00001111|00001111|00001111|00001111|00001111|00001111|00001111|00001111|00001111|00001111|00001111|00001111|00001111|00001111|00001111|00001111|00001111,7,5
48,4,perturb,B1p0,0.9035661816596985,0.5040331090224575,0.6851133205635507,14323.076171875,13520.0,0.039660580456256866,0.37655872106552124,0.4873468577861786,0.0,16,0,1,1,B1,C,0,0,0,01110100|01110100|01110100|01110100|01110100|01110100|01110100|01110100|01110100|01110100|01110100|01110100|01110100|01110100|01110100|01110100|01110100|01110100|01110100|01110100,5,7
48,5,perturb,B1p1,0.8846389651298523,0.5388249660000615,0.618364499216412,14323.0771484375,14120.0,0.039316389709711075,0.38843485713005066,0.4568876624107361,0.0,15,0,1,1,B1,C,0,0,0,00111100|00111100|00111100|00111100|00111100|00111100|00111100|00111100|00111100|00111100|00111100|00111100|00111100|00111100|00111100|00111100|00111100|00111100|00111100|00111100,4,4
48,6,perturb,B2p0,1.2863690853118896,0.3851848518615739,0.954031925216752,21120.291015625,25340.0,0.03377551585435867,0.6263911724090576,0.3045917749404907,0.3216104507446289,10,32,5,12,B2,B,32,32,0,01000111|01110001|01110001|01111000|01110100|01110100|01110100|01110100|00101110|01001110|10001011|01101001|01101001|01111000|01111000|11011000|00011110|10001110|10001110|10001110,15,15
48,7,perturb,B2p1,1.2125436067581177,0.42940970549554136,0.8453437913347107,19427.982421875,22140.0,0.035714853554964066,0.6011863946914673,0.2741326093673706,0.3015097975730896,9,30,4,11,B2,B,32,30,-2,01000111|01110001|01110001|01111000|01110100|01110100|01110100|01110100|00101110|00101110|10001011|01101001|01101001|01111000|11011000|11011000|00011110|10001110|10001110|10001110,13,11
48,8,perturb,B3p0,0.5899918079376221,0.6791337311171217,0.38693721777178364,13500.0,15500.0,0.0853898748755455,0.373023122549057,0.09137753397226334,0.04020130634307861,3,4,3,3,B3,B,4,4,0,10001101|10001101|10001101|10001101|10001101|10001101|10001101|00011101|00011101|00011110|00011110|00011110|00011110|00011110|00011110|00011110|00011110|00011110|00011110|00011110,3,3
48,9,perturb,B3p1,0.5313131213188171,0.7071301774868322,0.3465405034621756,13500.0,14500.0,0.08639035373926163,0.34380313754081726,0.060918357223272324,0.04020130634307861,2,4,3,3,B3,B,4,4,0,10001101|10001101|10001101|10001101|10001101|10001101|00011101|00011101|00011110|00011110|00011110|00011110|00011110|00011110|00011110|00011110|00011110|00011110|00011110|00011110,2,2
48,10,random,R0.0,1.1512407064437866,0.4241823711318572,0.8575917956315231,18000.0,18000.0,0.042783815413713455,0.5297326445579529,0.5787243843078613,0.0,19,0,1,1,,,,0,,01010101|01010101|01010101|01010101|01010101|01010101|01010101|01010101|01010101|01010101|01010101|01010101|01010101|01010101|01010101|01010101|01010101|01010101|01010101|01010101,11,12
48,11,random,R0.0,1.0495511293411255,0.5088651382122155,0.675572251934665,17500.0,17500.0,0.04993618652224541,0.5427271723747253,0.4568876624107361,0.0,15,0,0,1,,,,0,,00111001|00111001|00111001|00111001|00111001|00111001|00111001|00111001|00111001|00111001|00111001|00111001|00111001|00111001|00111001|00111001|00111001|00111001|00111001|00111001,9,6
48,12,random,R0.1,1.0290553569793701,0.48962728376629183,0.7141108226898547,16082.140625,16320.0,0.032167699187994,0.4693393409252167,0.4873468279838562,0.04020130634307861,16,4,1,3,,,,4,,01101010|01101010|01101010|01101010|01101010|01101010|01101010|01101010|01101010|01101010|01101010|01101010|01101010|01101010|01101010|01101010|01101010|01101010|10101010|11100010,8,8
48,13,random,R0.1,1.1154553890228271,0.4518692764278295,0.7943623524224556,20720.0,22500.0,0.06592797487974167,0.5835138559341431,0.36551013588905334,0.10050326585769653,12,10,1,6,,,,10,,10001101|00001111|00001111|00001111|00001111|00001111|00001111|00001111|00001111|00001111|00010111|00010111|00110110|00110110|01110100|01110100|01110100|01110100|01011100|01011100,10,10
48,14,random,R0.5,1.1733675003051758,0.40326189986696986,0.908169052512736,21526.15625,24800.0,0.0510605052113533,0.6264507174491882,0.3350509703159332,0.16080522537231445,11,16,5,9,,,,16,,01100011|01100011|01100011|01100011|11100010|11100010|10100110|10100110|01100110|01100110|01100110|01100110|01100110|01100011|01100011|01010011|01010110|00011110|01011100|01011100,12,14
48,15,random,R0.5,1.6053528785705566,0.3275214098496835,1.1162018524567705,25438.4609375,28120.0,0.035978835076093674,0.7896431088447571,0.5787243843078613,0.20100653171539307,19,20,1,11,,,,20,,10010110|10001110|10001110|10001110|10001110|10001110|10101100|01101100|10101100|10101100|01101100|00111100|00111100|00111100|01111000|00111010|00111010|00111010|01110010|01100110,16,16
50,0,baseline,B1,0.9510886073112488,0.4744857328121867,0.7455237292194239,14663.1435546875,13520.0,0.036544278264045715,0.33581995964050293,0.5787243247032166,0.0,19,0,3,1,,,0,0,0,11001100|11001100|11001100|11001100|11001100|11001100|11001100|11001100|11001100|11001100|11001100|11001100|11001100|11001100|11001100|11001100|11001100|11001100|11001100|11001100,6,6
50,1,baseline,B2,1.5719252824783325,0.3352184540390665,1.0929728580737839,24980.810546875,29520.0,0.040590837597846985,0.7948868274688721,0.2741326093673706,0.46231502294540405,9,46,9,16,,,46,46,0,00001111|11110000|10111000|10011100|01101100|10101100|01101010|01101010|00111010|00011011|00101011|00001111|10000111|10000111|01110100|10110100|11001100|11001100|11001100|11010100,14,13
50,2,baseline,B3,0.8777948617935181,0.5149940401454636,0.6635999509184436,17082.08203125,17500.0,0.08355210721492767,0.5000093579292297,0.2741326093673706,0.020100653171539307,9,2,2,2,,,2,2,0,01110001|01110001|01110001|01110001|01110001|01110001|01110100|01110100|01110100|01110100|01110100|01110100|01110100|01110100|01110100|01110100|01110100|01110100|01110100|01110100,2,3
50,3,baseline,B4,1.1103613376617432,0.45375668890503623,0.7901941521232201,18000.0,18000.0,0.0539221316576004,0.5386331677436829,0.5178060531616211,0.0,17,0,0,1,,,0,0,0,00001111|00001111|00001111|00001111|00001111|00001111|00001111|00001111|00001111|00001111|00001111|00001111|00001111|00001111|00001111|00001111|00001111|00001111|00001111|00001111,9,7
50,4,perturb,B1p0,1.0177797079086304,0.4470553893772486,0.8050727784495892,16000.0,16000.0,0.04645683988928795,0.42305752635002136,0.5482651591300964,0.0,18,0,1,1,B1,C,0,0,0,11001001|11001001|11001001|11001001|11001001|11001001|11001001|11001001|11001001|11001001|11001001|11001001|11001001|11001001|11001001|11001001|11001001|11001001|11001001|11001001,7,8
50,5,perturb,B1p1,0.8113195896148682,0.5368841601139812,0.6219729244772143,14181.60546875,13900.0,0.06157119944691658,0.3842383027076721,0.36551013588905334,0.0,12,0,3,1,B1,C,0,0,0,11100100|11100100|11100100|11100100|11100100|11100100|11100100|11100100|11100100|11100100|11100100|11100100|11100100|11100100|11100100|11100100|11100100|11100100|11100100|11100100,1,1
50,6,perturb,B2p0,1.6095855236053467,0.3218755224468931,1.1335903844294752,25673.1171875,30300.0,0.03945175185799599,0.8032269477844238,0.3045917749404907,0.46231502294540405,10,46,9,16,B2,B,46,46,0,00001111|11110000|10111000|10011100|01101100|10101100|10101100|01101010|00111010|00011011|00101011|00001111|10000111|10000111|01110100|10110100|11001100|11001100|11001100|11010100,15,15
50,7,perturb,B2p1,1.5517443418502808,0.3281993735537832,1.114134009061109,24606.896484375,29520.0,0.03641488775610924,0.7581647634506226,0.33505094051361084,0.42211371660232544,11,42,9,15,B2,B,46,42,-4,00001111|11110000|10111000|10011100|10011100|10101100|01101010|01101010|00111010|00011011|00101011|00001111|10000111|10000111|01110100|10110100|11001100|11001100|11001100|11010100,13,14
50,8,perturb,B3p0,0.8821946382522583,0.520334681387242,0.6532830563875454,17082.08203125,17000.0,0.08315197378396988,0.5048093199729919,0.2741326093673706,0.020100653171539307,9,2,2,2,B3,B,2,2,0,01110001|01110001|01110001|01110001|01110001|01110100|01110100|01110100|01110100|01110100|01110100|01110100|01110100|01110100|01110100|01110100|01110100|01110100|01110100|01110100,3,2
50,9,perturb,B3p1,0.9408614635467529,0.5095737943667167,0.674180599973604,17082.08203125,17000.0,0.07853957265615463,0.5376293659210205,0.3045917749404907,0.020100653171539307,10,2,2,2,B3,B,2,2,0,01110001|01110001|01110001|01110001|01110001|01110001|01110001|01110100|01110100|01110100|01110100|01110100|01110100|01110100|01110100|01110100|01110100|01110100|01110100|01110100,5,4
50,10,random,R0.0,1.0688755512237549,0.4425863184589619,0.8151197635940686,16296.9892578125,15600.0,0.03950437158346176,0.4201875627040863,0.6091834902763367,0.0,20,0,2,1,,,,0,,10100110|10100110|10100110|10100110|10100110|10100110|10100110|10100110|10100110|10100110|10100110|10100110|10100110|10100110|10100110|10100110|10100110|10100110|10100110|10100110,8,9
50,11,random,R0.0,0.9028049111366272,0.5061596890550617,0.6809030684651334,14947.435546875,14600.0,0.07281213253736496,0.4340234100818634,0.39596930146217346,0.0,13,0,1,1,,,,0,,01101001|01101001|01101001|01101001|01101001|01101001|01101001|01101001|01101001|01101001|01101001|01101001|01101001|01101001|01101001|01101001|01101001|01101001|01101001|01101001,4,5
50,12,random,R0.1,1.222490668296814,0.4077919731808759,0.8969981042604237,21461.5390625,22320.0,0.06328815966844559,0.6828304529190063,0.3959692716598511,0.08040261268615723,13,8,2,5,,,,8,,00011110|00011110|00011110|00011110|00011110|00011110|10010110|10010110|10010110|10010110|10010110|10010110|10010110|11010010|01110010|01110010|01110010|01100110|01100110|01100110,11,12
50,13,random,R0.1,1.222736120223999,0.41275180240957005,0.8849088293602531,20692.30859375,21000.0,0.05801309272646904,0.6170742511749268,0.4873468577861786,0.06030195951461792,16,6,1,4,,,,6,,11100001|11100001|01101001|01101001|00101101|00101101|00011101|00011101|00011101|00011101|00011101|00011101|00011101|00011101|00011101|00011101|00011101|00011101|00011101|00011101,12,10
50,14,random,R0.5,1.2172293663024902,0.41196617131653757,0.8868140414587002,21692.30859375,22520.0,0.07044227421283722,0.6405724287033081,0.36551013588905334,0.14070457220077515,12,14,1,8,,,,14,,11101000|11101000|11101000|01111000|01110001|01101001|01101001|01101001|01101001|00111001|00111001|01011001|01011001|01011001|01011001|01011001|01011001|01111000|01111000|11101000,10,11
50,15,random,R0.5,1.7523245811462402,0.29174656004381627,1.23186979865168,29673.84765625,31300.0,0.05156529322266579,0.9216446876525879,0.5178059935569763,0.261308491230011,17,26,3,14,,,,26,,11000101|11010100|01010101|11010001|01011001|11011000|10011001|00011011|10011001|01011001|01011100|01011100|01011100|00011101|00011101|01010101|01010101|01011100|01011100|01011100,16,16
51,0,baseline,B1,0.7060921788215637,0.5330093540808141,0.6292163051000944,12233.3017578125,13260.0,0.04008709266781807,0.300494909286499,0.36551013588905334,0.0,12,0,3,1,,,0,0,0,11101000|11101000|11101000|11101000|11101000|11101000|11101000|11101000|11101000|11101000|11101000|11101000|11101000|11101000|11101000|11101000|11101000|11101000|11101000|11101000,2,4
51,1,baseline,B2,1.2513507604599,0.4426912561050399,0.8148826907265645,19666.28125,21100.0,0.04711718112230301,0.771761417388916,0.030459178611636162,0.40201306343078613,1,40,5,14,,,40,40,0,01000111|11001001|01101100|11001001|11001001|11001001|11100001|11101000|01101100|11100100|11100100|11100100|11100100|11100100|11110000|01001101|01001011|11100001|11001001|00101101,13,8
51,2,baseline,B3,0.7080162167549133,0.5900254096534695,0.5275896758004672,14420.0,14620.0,0.0677536278963089,0.44776538014411926,0.15229588747024536,0.04020130634307861,5,4,3,3,,,4,4,0,11001001|11001001|11001001|11001001|11001001|11001001|11001010|11001010|11001010|11001010|11001010|11000011|11000011|11000011|11000011|11000011|11000011|11000011|11000011|11000011,3,2
51,3,baseline,B4,0.9798880219459534,0.4950063156103751,0.7031847576860011,16000.0,16000.0,0.0505247488617897,0.4724755883216858,0.4568876624107361,0.0,15,0,1,1,,,0,0,0,00001111|00001111|00001111|00001111|00001111|00001111|00001111|00001111|00001111|00001111|00001111|00001111|00001111|00001111|00001111|00001111|00001111|00001111|00001111|00001111,7,7
51,4,perturb,B1p0,0.824619472026825,0.5074965640547467,0.6782653384245879,13012.69921875,12660.0,0.03934476152062416,0.3283870220184326,0.4568876624107361,0.0,15,0,1,1,B1,C,0,0,0,10101001|10101001|10101001|10101001|10101001|10101001|10101001|10101001|10101001|10101001|10101001|10101001|10101001|10101001|10101001|10101001|10101001|10101001|10101001|10101001,6,5
51,5,perturb,B1p1,0.8109642267227173,0.501746641666057,0.6896599845696301,12933.3017578125,14240.0,0.03747009113430977,0.3166064918041229,0.4568876624107361,0.0,15,0,2,1,B1,C,0,0,0,10101100|10101100|10101100|10101100|10101100|10101100|10101100|10101100|10101100|10101100|10101100|10101100|10101100|10101100|10101100|10101100|10101100|10101100|10101100|10101100,5,6
51,6,perturb,B2p0,1.2248938083648682,0.439501640249866,0.8221138297822632,19192.2890625,20900.0,0.04596276953816414,0.7361002564430237,0.060918357223272324,0.3819124102592468,2,38,5,13,B2,B,40,38,-2,01000111|11001001|01101100|11001001|11001001|11001001|11001001|11101000|01101100|11100100|11100100|11100100|11100100|11100100|11110000|01001101|01001011|11100001|11001001|00101101,12,9
51,7,perturb,B2p1,1.2595806121826172,0.4286286984617939,0.8471642395706768,19281.66796875,20900.0,0.04519316554069519,0.7514560222625732,0.060918357223272324,0.40201306343078613,2,40,5,13,B2,B,40,40,0,01000111|11001001|01101100|11001001|11001001|11001001|11100001|11100001|01101100|11100100|11100100|11100100|11100100|11100100|11110000|01001101|01001011|11100001|11001001|00101101,14,10
51,8,perturb,B3p0,0.7233915328979492,0.5666494392636691,0.5680144393674758,14458.4619140625,15120.0,0.06619909405708313,0.4342361390590668,0.18275506794452667,0.04020130634307861,6,4,3,3,B3,B,4,4,0,11001001|11001001|11001001|11001001|11001001|11001001|11001010|11001010|11001010|11001010|11001010|11001010|11000011|11000011|11000011|11000011|11000011|11000011|11000011|11000011,4,3
51,9,perturb,B3p1,0.6860690116882324,0.5904735073644499,0.5268305091023163,14420.0,14620.0,0.0677536278963089,0.42581817507743835,0.15229588747024536,0.04020130634307861,5,4,3,3,B3,B,4,4,0,11001001|11001001|11001001|11001001|11001001|11001001|11001010|11001010|11001010|11001010|11000011|11000011|11000011|11000011|11000011|11000011|11000011|11000011|11000011|11000011,1,1
51,10,random,R0.0,1.158011555671692,0.3941939682818925,0.9309121855427006,17000.0,17000.0,0.027352547273039818,0.46055716276168823,0.6701019406318665,0.0,22,0,0,1,,,,0,,10011100|10011100|10011100|10011100|10011100|10011100|10011100|10011100|10011100|10011100|10011100|10011100|10011100|10011100|10011100|10011100|10011100|10011100|10011100|10011100,10,13
51,11,random,R0.0,1.046915054321289,0.4222132696846236,0.8622447142071972,16500.0,16500.0,0.034541063010692596,0.4641088843345642,0.5482652187347412,0.0,18,0,0,1,,,,0,,01011001|01011001|01011001|01011001|01011001|01011001|01011001|01011001|01011001|01011001|01011001|01011001|01011001|01011001|01011001|01011001|01011001|01011001|01011001|01011001,9,11
51,12,random,R0.1,1.043684482574463,0.42096966558582805,0.8651945011360285,16540.0,16540.0,0.034628283232450485,0.4607909321784973,0.5482651591300964,0.0,18,0,1,1,,,,0,,01101010|01101010|01101010|01101010|01101010|01101010|01101010|01101010|01101010|01101010|01101010|01101010|01101010|01101010|01101010|01101010|01101010|01101010|01101010|01101010,8,12
51,13,random,R0.1,1.1978538036346436,0.3770865094324586,0.9752806498672725,18000.0,18000.0,0.02017267420887947,0.5282963514328003,0.6091835498809814,0.04020130634307861,20,4,1,3,,,,4,,01011001|01011001|01011001|01011001|01011001|01011001|01011001|01011100|01011100|01011100|01001110|01001110|01001110|01001110|01001110|01001110|01001110|01001110|01001110|01001110,11,14
51,14,random,R0.5,1.6128129959106445,0.3137609446517515,1.1591239057923572,24558.4609375,26000.0,0.038483381271362305,0.8348000049591064,0.5787243843078613,0.16080522537231445,19,16,0,9,,,,16,,00011101|01011100|01011100|01010101|00011101|00011101|00101101|00001111|00001111|00001111|00001111|00001111|00100111|00100111|00100111|00100111|00101011|00101011|00101011|10100011,16,15
51,15,random,R0.5,1.5673539638519287,0.2916204814659593,1.232302043090768,26500.0,28000.0,0.04047694802284241,0.8385236859321594,0.4873468577861786,0.20100653171539307,16,20,2,11,,,,20,,01000111|11000110|01100110|11000110|11000110|11000110|11000110|11000110|11000110|11000110|10000111|11000110|11000110|10000111|10000111|11000110|11000110|01100110|01101010|01110010,15,16
52,0,baseline,B1,0.6963949203491211,0.5473122943911559,0.6027357173696862,12135.384765625,13620.0,0.026065291836857796,0.30481940507888794,0.36551010608673096,0.0,12,0,3,1,,,0,0,0,01011100|01011100|01011100|01011100|01011100|01011100|01011100|01011100|01011100|01011100|01011100|01011100|01011100|01011100|01011100|01011100|01011100|01011100|01011100|01011100,2,5
52,1,baseline,B2,1.069641351699829,0.47942792553812746,0.7351617076601727,18483.685546875,20720.0,0.041068095713853836,0.6058430671691895,0.060918357223272324,0.3618117570877075,2,36,5,13,,,36,36,0,00001111|10001011|01111000|01010101|11110000|11110000|11011000|01011010|01011010|01110010|01001011|01000111|11001100|11001100|11001100|01011100|01001110|01001110|01001110|01001110,13,10
52,2,baseline,B3,0.8842759728431702,0.5722909909813961,0.5581076914673314,17000.0,18000.0,0.08614564687013626,0.5952745676040649,0.18275506794452667,0.020100653171539307,6,2,1,2,,,2,2,0,10010011|10010011|10010011|10010011|10110001|10110001|10110001|10110001|10110001|10110001|10110001|10110001|10110001|10110001|10110001|10110001|10110001|10110001|10110001|10110001,4,2
52,3,baseline,B4,0.7404760122299194,0.5436549711186186,0.6094404776114203,12338.4619140625,12600.0,0.04116135090589523,0.33380451798439026,0.36551010608673096,0.0,12,0,2,1,,,0,0,0,00001111|00001111|00001111|00001111|00001111|00001111|00001111|00001111|00001111|00001111|00001111|00001111|00001111|00001111|00001111|00001111|00001111|00001111|00001111|00001111,3,6
52,4,perturb,B1p0,0.9346661567687988,0.5004428154175538,0.6922619416644338,15489.2978515625,14900.0,0.032083190977573395,0.44569528102874756,0.4568876326084137,0.0,15,0,2,1,B1,C,0,0,0,01110100|01110100|01110100|01110100|01110100|01110100|01110100|01110100|01110100|01110100|01110100|01110100|01110100|01110100|01110100|01110100|01110100|01110100|01110100|01110100,7,8
52,5,perturb,B1p1,0.9531070590019226,0.45260745036525296,0.7927300846604455,15384.615234375,15200.0,0.023527931421995163,0.41177308559417725,0.5178059935569763,0.0,17,0,1,1,B1,C,0,0,0,11001100|11001100|11001100|11001100|11001100|11001100|11001100|11001100|11001100|11001100|11001100|11001100|11001100|11001100|11001100|11001100|11001100|11001100|11001100|11001100,9,13
52,6,perturb,B2p0,1.0652414560317993,0.47826049787760355,0.7375997202960919,18483.685546875,20820.0,0.04146822169423103,0.6010431051254272,0.060918357223272324,0.3618117570877075,2,36,5,13,B2,B,36,36,0,00001111|10001011|01111000|01010101|11110000|11110000|11011000|01011010|01011010|01110010|01001011|01000111|11001100|11001100|11001100|01011100|01011100|01001110|01001110|01001110,12,11
52,7,perturb,B2p1,1.0276414155960083,0.4894129198493602,0.7145487289567589,17483.685546875,19720.0,0.041068095713853836,0.5638430714607239,0.060918357223272324,0.3618117570877075,2,36,5,12,B2,B,36,36,0,00001111|10001011|01111000|01010101|11110000|11110000|01011010|01011010|01011010|01110010|01001011|01000111|11001100|11001100|11001100|01011100|01001110|01001110|01001110|01001110,10,9
52,8,perturb,B3p0,0.9355313181877136,0.5505364410787703,0.5968621286819079,17000.0,17500.0,0.0801326185464859,0.5916245579719543,0.2436734288930893,0.020100653171539307,8,2,1,2,B3,B,2,2,0,10010011|10010011|10010011|10110001|10110001|10110001|10110001|10110001|10110001|10110001|10110001|10110001|10110001|10110001|10110001|10110001|10110001|10110001|10110001|10110001,8,4
52,9,perturb,B3p1,0.8842759728431702,0.5765237353830468,0.5507387685974825,17000.0,17500.0,0.08614564687013626,0.5952745676040649,0.18275506794452667,0.020100653171539307,6,2,1,2,B3,B,2,2,0,10010011|10010011|10010011|10010011|10010011|10110001|10110001|10110001|10110001|10110001|10110001|10110001|10110001|10110001|10110001|10110001|10110001|10110001|10110001|10110001,5,1
52,10,random,R0.0,1.0440906286239624,0.4699144221434354,0.75520468140259,17000.0,17000.0,0.04850286617875099,0.5387000441551208,0.4568876624107361,0.0,15,0,0,1,,,,0,,10010101|10010101|10010101|10010101|10010101|10010101|10010101|10010101|10010101|10010101|10010101|10010101|10010101|10010101|10010101|10010101|10010101|10010101|10010101|10010101,11,12
52,11,random,R0.0,0.9021005034446716,0.5035040457198885,0.6861635316623791,15346.1533203125,14900.0,0.04512739181518555,0.461003839969635,0.39596930146217346,0.0,13,0,2,1,,,,0,,11101000|11101000|11101000|11101000|11101000|11101000|11101000|11101000|11101000|11101000|11101000|11101000|11101000|11101000|11101000|11101000|11101000|11101000|11101000|11101000,6,7
52,12,random,R0.1,1.3165782690048218,0.4079821418746562,0.8965318754509644,19058.4609375,19020.0,0.028873393312096596,0.6791375875473022,0.5482652187347412,0.06030195951461792,18,6,0,4,,,,6,,00011011|00011011|00011011|01001011|01001011|01001011|01001011|11000011|11000011|11000011|11000011|11000011|11000011|11000011|11000011|11000011|10010011|10010011|10010011|10010011,14,14
52,13,random,R0.1,0.6906681656837463,0.5623556418822003,0.5756208144942493,13838.4619140625,14000.0,0.055598944425582886,0.3511945605278015,0.2436734288930893,0.04020130634307861,8,4,1,3,,,,4,,01100101|00101101|00101101|00101101|00101101|00101101|00101101|00101101|00101101|00101101|00101101|00101101|01001101|01001101|01001101|01001101|01001101|01001101|01001101|01001101,1,3
52,14,random,R0.5,1.5250005722045898,0.3475926756213769,1.0567239570977793,24294.388671875,27700.0,0.04583539813756943,0.8821893334388733,0.39596930146217346,0.20100653171539307,13,20,3,11,,,,20,,10011010|10011010|10011010|10001011|10001011|00011011|00110011|00110011|01100011|01101010|01001110|01100110|01101010|01101010|01101010|01101010|11100010|11100010|11100010|10101010,16,16
52,15,random,R0.5,1.323650598526001,0.39352342191914874,0.9326146908651713,23450.833984375,24300.0,0.0401894710958004,0.7266866564750671,0.39596930146217346,0.16080522537231445,13,16,4,9,,,,16,,11010001|11000011|11000110|01000111|01000111|01000111|01000111|01000111|01000111|01100110|11100010|11100010|11100010|11100010|11100100|11100100|11100100|01100110|01100110|01100101,15,15
53,0,baseline,B1,0.8913383483886719,0.4675668314356709,0.7602129855278679,13503.400390625,13320.0,0.02831919863820076,0.3147539794445038,0.5482651591300964,0.0,18,0,1,1,,,0,0,0,10110001|10110001|10110001|10110001|10110001|10110001|10110001|10110001|10110001|10110001|10110001|10110001|10110001|10110001|10110001|10110001|10110001|10110001|10110001|10110001,5,6
53,1,baseline,B2,1.6263418197631836,0.2925227631627842,1.2292127925595118,26651.375,31800.0,0.03613681718707085,0.9445183277130127,0.2436734288930893,0.40201306343078613,8,40,8,18,,,40,40,0,00001111|11001001|01011001|00011101|01011001|00011101|01001101|11001001|01100011|11100010|01110010|01110010|00111010|10110100|10110010|11110000|10111000|00111001|10110001|10110001,16,14
53,2,baseline,B3,0.8253120183944702,0.5667868893351735,0.5677719024578848,16500.0,16500.0,0.07670212537050247,0.5256534814834595,0.18275506794452667,0.04020130634307861,6,4,2,3,,,4,4,0,10010011|10010011|00011011|00011011|00011011|00011011|00011011|00011011|00011011|00011101|00011101|00011101|00011101|00011101|00011101|00011101|00011101|00011101|00011101|00011101,1,1
53,3,baseline,B4,0.9328977465629578,0.5086644752838512,0.67596666390716,15904.615234375,16020.0,0.07114386558532715,0.49624380469322205,0.36551013588905334,0.0,12,0,1,1,,,0,0,0,00001111|00001111|00001111|00001111|00001111|00001111|00001111|00001111|00001111|00001111|00001111|00001111|00001111|00001111|00001111|00001111|00001111|00001111|00001111|00001111,7,5
53,4,perturb,B1p0,0.8563735485076904,0.5108594752986116,0.6716607260133384,15327.69140625,16120.0,0.050480861216783524,0.44038254022598267,0.36551013588905334,0.0,12,0,3,1,B1,C,0,0,0,11110000|11110000|11110000|11110000|11110000|11110000|11110000|11110000|11110000|11110000|11110000|11110000|11110000|11110000|11110000|11110000|11110000|11110000|11110000|11110000,4,4
53,5,perturb,B1p1,0.9664309024810791,0.46385870128450374,0.7681752962261964,16500.0,16500.0,0.049342989921569824,0.4906593859195709,0.4264284670352936,0.0,14,0,1,1,B1,C,0,0,0,10110100|10110100|10110100|10110100|10110100|10110100|10110100|10110100|10110100|10110100|10110100|10110100|10110100|10110100|10110100|10110100|10110100|10110100|10110100|10110100,8,7
53,6,perturb,B2p0,1.6219418048858643,0.2901522856132654,1.2373493710259844,26651.375,32400.0,0.03653694689273834,0.9397183656692505,0.2436734288930893,0.40201306343078613,8,40,8,18,B2,B,40,40,0,00001111|11001001|01011001|00011101|01011001|00011101|01001101|11001001|01100011|11100010|01110010|01110010|00111010|10110100|10110010|11110000|10111000|00111001|00111001|10110001,15,15
53,7,perturb,B2p1,1.536705493927002,0.3129887232010431,1.1615881172026952,25700.931640625,29200.0,0.036093588918447495,0.8750261068344116,0.2436734288930893,0.3819124102592468,8,38,6,17,B2,B,40,38,-2,00001111|11001001|01011001|00011101|01011001|00011101|01001101|11001001|01100011|11100010|01110010|01110010|00111010|10110100|10110010|11110000|10111000|10110001|10110001|10110001,14,13
53,8,perturb,B3p0,0.8507585525512695,0.5497282693315275,0.59833117860224,16500.0,16500.0,0.07168959081172943,0.5256534814834595,0.21321424841880798,0.04020130634307861,7,4,2,3,B3,B,4,4,0,10010011|10010011|00011011|00011011|00011011|00011011|00011011|00011011|00011011|00011011|00011101|00011101|00011101|00011101|00011101|00011101|00011101|00011101|00011101|00011101,3,2
53,9,perturb,B3p1,0.8392322063446045,0.5482722409358145,0.6009833253645752,16500.0,16800.0,0.0755477175116539,0.5102688670158386,0.21321424841880798,0.04020130634307861,7,4,2,3,B3,B,4,4,0,10010011|10010011|10010011|00011011|00011011|00011011|00011011|00011011|00011011|00011101|00011101|00011101|00011101|00011101|00011101|00011101|00011101|00011101|00011101|00011101,2,3
53,10,random,R0.0,1.075372338294983,0.43782523476817997,0.8259354556089008,16873.9140625,17000.0,0.044873304665088654,0.48223376274108887,0.5482652187347412,0.0,18,0,1,1,,,,0,,01100101|01100101|01100101|01100101|01100101|01100101|01100101|01100101|01100101|01100101|01100101|01100101|01100101|01100101|01100101|01100101|01100101|01100101|01100101|01100101,11,10
53,11,random,R0.0,1.0409992933273315,0.4167084931383746,0.8753683588598905,15697.5283203125,15800.0,0.029320145025849342,0.4024956524372101,0.6091836094856262,0.0,20,0,2,1,,,,0,,01101001|01101001|01101001|01101001|01101001|01101001|01101001|01101001|01101001|01101001|01101001|01101001|01101001|01101001|01101001|01101001|01101001|01101001|01101001|01101001,10,11
53,12,random,R0.1,0.9191008806228638,0.44485693761565637,0.8100025370085474,15049.5546875,16020.0,0.034272316843271255,0.39748165011405945,0.4873468279838562,0.0,16,0,2,1,,,,0,,10111000|10111000|10111000|10111000|10111000|10111000|10111000|10111000|10111000|10111000|10111000|10111000|10111000|10111000|10111000|10111000|10111000|10111000|10111000|10111000,6,9
53,13,random,R0.1,1.0105819702148438,0.4614022192659827,0.7734851234014661,17384.615234375,17400.0,0.06767061352729797,0.5371999740600586,0.36551013588905334,0.04020130634307861,12,4,1,3,,,,4,,11000011|11000011|11000011|11000011|11000011|11000011|11000011|11000011|11000011|11000011|11000011|11000011|11000011|11000110|11000110|11000101|11000101|11000101|11000101|11000101,9,8
53,14,random,R0.5,1.4002257585525513,0.35584864170716113,1.0332498022817669,21866.15234375,22720.0,0.04741467535495758,0.7753196358680725,0.4568876624107361,0.12060391902923584,15,12,1,7,,,,12,,10111000|10111000|00111010|10111000|10111000|10111000|10111000|11110000|11110000|11110000|11110000|11110000|11010100|11010100|01010101|01010101|01010101|01000111|01000111|01000111,12,12
53,15,random,R0.5,1.5213677883148193,0.2757435658916491,1.2882839542425994,26884.615234375,28700.0,0.053689830005168915,0.7488654255867004,0.5178060531616211,0.20100653171539307,17,20,1,11,,,,20,,10110100|00110101|00110101|00010111|00010111|00010111|01010011|01011010|01111000|01111000|01110100|11100100|11100100|11100100|11001100|10001110|10001110|10001110|00001111|00001111,13,16
54,0,baseline,B1,0.7841136455535889,0.5230352511671538,0.6481064153393743,13854.1064453125,13440.0,0.054446034133434296,0.3336982727050781,0.39596930146217346,0.0,13,0,3,1,,,0,0,0,01001011|01001011|01001011|01001011|01001011|01001011|01001011|01001011|01001011|01001011|01001011|01001011|01001011|01001011|01001011|01001011|01001011|01001011|01001011|01001011,1,1
54,1,baseline,B2,1.3242566585540771,0.35359863015343596,1.0395928222266166,21635.169921875,23120.0,0.04168223962187767,0.6862149238586426,0.33505094051361084,0.261308491230011,11,26,5,11,,,26,26,0,00001111|01000111|01000111|10000111|01000111|01000111|01000111|01000111|00001111|00001111|00001111|00101110|00100111|01010011|01101010|01110001|01011001|01011001|01011001|01011001,13,12
54,2,baseline,B3,1.037992000579834,0.44406883456034046,0.8117756957726943,20000.0,20000.0,0.09795644879341125,0.6153431534767151,0.3045917749404907,0.020100653171539307,10,2,2,2,,,2,2,0,10110100|10110100|10110100|10110100|10110100|10110100|10110100|10100110|10100110|10100110|10100110|10100110|10100110|10100110|10100110|10100110|10100110|10100110|10100110|10100110,6,4
54,3,baseline,B4,0.8300212621688843,0.49352820102866485,0.7061752767997407,14433.5634765625,15040.0,0.057885415852069855,0.3761664628982544,0.39596930146217346,0.0,13,0,3,1,,,0,0,0,00001111|00001111|00001111|00001111|00001111|00001111|00001111|00001111|00001111|00001111|00001111|00001111|00001111|00001111|00001111|00001111|00001111|00001111|00001111|00001111,2,2
54,4,perturb,B1p0,1.04579496383667,0.4089751630173054,0.8941008509022984,16578.4609375,17640.0,0.04475535452365875,0.4223152697086334,0.5787243843078613,0.0,19,0,2,1,B1,C,0,0,0,00101011|00101011|00101011|00101011|00101011|00101011|00101011|00101011|00101011|00101011|00101011|00101011|00101011|00101011|00101011|00101011|00101011|00101011|00101011|00101011,7,8
54,5,perturb,B1p1,0.9128940105438232,0.45065310123610397,0.7970574123078373,15007.9521484375,15220.0,0.0471109002828598,0.37843629717826843,0.4873468279838562,0.0,16,0,2,1,B1,C,0,0,0,01001101|01001101|01001101|01001101|01001101|01001101|01001101|01001101|01001101|01001101|01001101|01001101|01001101|01001101|01001101|01001101|01001101|01001101|01001101|01001101,3,3
54,6,perturb,B2p0,1.2074376344680786,0.3817552587361531,0.9629755596379911,20692.09375,22720.0,0.045155566185712814,0.6262245178222656,0.33505094051361084,0.20100653171539307,11,20,6,10,B2,B,26,20,-6,00001111|01000111|01000111|10000111|01000111|01000111|01000111|01000111|00001111|00001111|00001111|00101110|00100111|01010011|01110001|01110001|01011001|01011001|01011001|01011001,11,9
54,7,perturb,B2p1,1.2723274230957031,0.3603581449047104,1.0206568951067247,21076.70703125,22920.0,0.03975822404026985,0.6459518671035767,0.36551013588905334,0.22110718488693237,12,22,5,10,B2,B,26,22,-4,00001111|01000111|01000111|10000111|01000111|01000111|01000111|01000111|00001111|00001111|00001111|00101110|00100111|01101010|01101010|01110001|01011001|01011001|01011001|01011001,12,11
54,8,perturb,B3p0,1.0634386539459229,0.4331267309874686,0.8367249125380913,20000.0,20000.0,0.09294392168521881,0.6153431534767151,0.33505094051361084,0.020100653171539307,11,2,2,2,B3,B,2,2,0,10110100|10110100|10110100|10110100|10110100|10110100|10100110|10100110|10100110|10100110|10100110|10100110|10100110|10100110|10100110|10100110|10100110|10100110|10100110|10100110,8,6
54,9,perturb,B3p1,1.0335922241210938,0.4439436606463923,0.8120576150372382,20000.0,20000.0,0.09835658222436905,0.6105431318283081,0.3045917749404907,0.020100653171539307,10,2,2,2,B3,B,2,2,0,10110100|10110100|10110100|10110100|10110100|10110100|10110100|10110100|10100110|10100110|10100110|10100110|10100110|10100110|10100110|10100110|10100110|10100110|10100110|10100110,5,5
54,10,random,R0.0,1.1712021827697754,0.3644495670402971,1.0093670991356962,18500.0,18800.0,0.05783310532569885,0.534644603729248,0.5787243843078613,0.0,19,0,1,1,,,,0,,11010100|11010100|11010100|11010100|11010100|11010100|11010100|11010100|11010100|11010100|11010100|11010100|11010100|11010100|11010100|11010100|11010100|11010100|11010100|11010100,9,10
54,11,random,R0.0,1.2044386863708496,0.346619942602597,1.0595263655526446,18500.0,18500.0,0.04787689074873924,0.516918957233429,0.6396427750587463,0.0,21,0,0,1,,,,0,,10011100|10011100|10011100|10011100|10011100|10011100|10011100|10011100|10011100|10011100|10011100|10011100|10011100|10011100|10011100|10011100|10011100|10011100|10011100|10011100,10,13
54,12,random,R0.1,1.0331401824951172,0.4236004513892418,0.8589645996528996,17501.5390625,18720.0,0.05130033195018768,0.4439331591129303,0.5178059935569763,0.020100653171539307,17,2,3,2,,,,2,,00101011|00101011|00101011|00101011|00101011|00101011|00101011|00101011|00101011|00101011|00101011|01001011|01001011|01001011|01001011|01001011|01001011|01001011|01001011|01001011,4,7
54,13,random,R0.1,1.4764095544815063,0.3202565086891539,1.1386330146361623,23000.0,23800.0,0.06399248540401459,0.7636485695838928,0.5482651591300964,0.10050326585769653,18,10,1,6,,,,10,,00110011|01110001|01110001|01110001|01110001|01110001|11110000|11110000|11110000|11110000|11110000|11110000|11010100|11010100|11011000|11010100|11010100|11010100|11010100|11010100,15,15
54,14,random,R0.5,1.8608429431915283,0.24879330067892858,1.3911328450112759,29373.9140625,29500.0,0.0518658347427845,1.0091454982757568,0.5787243843078613,0.22110718488693237,19,22,0,12,,,,22,,10110001|00110101|10100101|10101001|11101000|11101000|11101000|11101000|11101000|10101010|10101010|10101010|10101010|10110010|11110000|10110010|10110010|00110011|00111001|00110101,16,16
54,15,random,R0.5,1.3389933109283447,0.32049542455892727,1.1378872786704994,25000.0,25800.0,0.06405507773160934,0.6877045035362244,0.4264284372329712,0.16080522537231445,14,16,3,9,,,,16,,00110110|00110110|01110010|00111010|00011110|10010110|01010110|01010110|01010110|01010110|01010110|01010110|00011110|00011110|00011110|01011010|00011011|00011011|00011011|00011011,14,14
55,0,baseline,B1,0.8264591693878174,0.5222564023249533,0.6495966195014979,13960.0,13740.0,0.042495209723711014,0.35753539204597473,0.4264284670352936,0.0,14,0,2,1,,,0,0,0,00110110|00110110|00110110|00110110|00110110|00110110|00110110|00110110|00110110|00110110|00110110|00110110|00110110|00110110|00110110|00110110|00110110|00110110|00110110|00110110,4,6
55,1,baseline,B2,1.422671914100647,0.40103429890789744,0.9137083218971904,23015.021484375,25920.0,0.04546766355633736,0.8332539200782776,0.12183671444654465,0.42211371660232544,4,42,6,16,,,42,42,0,01000111|00110011|01011001|00101110|00011110|00001111|01001110|01001110|00101110|01001110|00011110|00011110|00011110|00010111|10110010|10101001|11100001|11100001|11100010|01100011,15,15
55,2,baseline,B3,0.7164079546928406,0.602818578879623,0.5061389917365662,14389.23046875,13900.0,0.07008226960897446,0.41301074624061584,0.21321424841880798,0.020100653171539307,7,2,1,2,,,2,2,0,01001110|01001110|01001110|01001110|00011110|00011110|00011110|00011110|00011110|00011110|00011110|00011110|00011110|00011110|00011110|00011110|00011110|00011110|00011110|00011110,1,1
55,3,baseline,B4,0.9404096603393555,0.4737983837068013,0.746973398603918,15327.6923828125,16000.0,0.0472896434366703,0.4362322986125946,0.4568876624107361,0.0,15,0,3,1,,,0,0,0,00001111|00001111|00001111|00001111|00001111|00001111|00001111|00001111|00001111|00001111|00001111|00001111|00001111|00001111|00001111|00001111|00001111|00001111|00001111|00001111,8,9
55,4,perturb,B1p0,0.8415701985359192,0.5403938952417053,0.6154569696998995,14807.6923828125,14820.0,0.050268080085515976,0.42579203844070435,0.36551013588905334,0.0,12,0,1,1,B1,C,0,0,0,10110010|10110010|10110010|10110010|10110010|10110010|10110010|10110010|10110010|10110010|10110010|10110010|10110010|10110010|10110010|10110010|10110010|10110010|10110010|10110010,5,5
55,5,perturb,B1p1,0.8473743200302124,0.47613290455144663,0.7420582524803869,12767.6923828125,13040.0,0.032437004148960114,0.2971312701702118,0.5178060531616211,0.0,17,0,2,1,B1,C,0,0,0,01110010|01110010|01110010|01110010|01110010|01110010|01110010|01110010|01110010|01110010|01110010|01110010|01110010|01110010|01110010|01110010|01110010|01110010|01110010|01110010,6,8
55,6,perturb,B2p0,1.3243328332901,0.41138814481579417,0.8882181188634812,22015.021484375,24920.0,0.04987983778119087,0.7707039713859558,0.12183671444654465,0.3819124102592468,4,38,5,15,B2,B,42,38,-4,01000111|00110011|01011001|01011001|00011110|00001111|01001110|01001110|00101110|01001110|00011110|00011110|00011110|00010111|10110010|10101001|11100001|11100001|11100010|01100011,13,13
55,7,perturb,B2p1,1.3586714267730713,0.42174769766333553,0.8633480165790558,22015.021484375,24120.0,0.045867789536714554,0.788953959941864,0.12183671444654465,0.40201306343078613,4,40,5,15,B2,B,42,40,-2,01000111|00110011|01011001|00101110|00011110|00011110|01001110|01001110|00101110|01001110|00011110|00011110|00011110|00010111|10110010|10101001|11100001|11100001|11100010|01100011,14,11
55,8,perturb,B3p0,0.741866409778595,0.5771930698808191,0.5495784585979865,14389.23046875,14900.0,0.06868164986371994,0.4094107151031494,0.2436734288930893,0.020100653171539307,8,2,1,2,B3,B,2,2,0,01001110|01001110|01001110|00011110|00011110|00011110|00011110|00011110|00011110|00011110|00011110|00011110|00011110|00011110|00011110|00011110|00011110|00011110|00011110|00011110,2,2
55,9,perturb,B3p1,0.7594602704048157,0.5744175845404816,0.5543986479623937,15055.384765625,14900.0,0.06854305416345596,0.42714303731918335,0.2436734288930893,0.020100653171539307,8,2,1,2,B3,B,2,2,0,01001110|01001110|01001110|01001110|01001110|00011110|00011110|00011110|00011110|00011110|00011110|00011110|00011110|00011110|00011110|00011110|00011110|00011110|00011110|00011110,3,3
55,10,random,R0.0,0.8740147352218628,0.5406744218822744,0.6149379892757726,15327.6923828125,15820.0,0.06820977479219437,0.47075405716896057,0.33505094051361084,0.0,11,0,3,1,,,,0,,00011101|00011101|00011101|00011101|00011101|00011101|00011101|00011101|00011101|00011101|00011101|00011101|00011101|00011101|00011101|00011101|00011101|00011101|00011101|00011101,7,4
55,11,random,R0.0,1.0103453397750854,0.4207608916150122,0.8656905600549094,14963.0771484375,15540.0,0.027254819869995117,0.3739069104194641,0.6091835498809814,0.0,20,0,1,1,,,,0,,00100111|00100111|00100111|00100111|00100111|00100111|00100111|00100111|00100111|00100111|00100111|00100111|00100111|00100111|00100111|00100111|00100111|00100111|00100111|00100111,9,12
55,12,random,R0.1,1.0180883407592773,0.5076732930492294,0.6779171622153924,17327.69140625,18020.0,0.06643158942461014,0.5764045715332031,0.33505094051361084,0.04020130634307861,11,4,1,3,,,,4,,00010111|00010111|00010111|00010111|00010111|00010111|00010111|00010111|01010101|01010101|01010101|01010101|01010101|01001101|01001101|01001101|01001101|01001101|01001101|01001101,10,7
55,13,random,R0.1,1.020554780960083,0.4646651198889182,0.7664383051253075,17020.0,17600.0,0.04643263667821884,0.49713385105133057,0.45688769221305847,0.020100653171539307,15,2,3,2,,,,2,,01011010|10011010|10011010|10011010|10011010|10011010|10011010|10011010|10011010|10011010|10011010|10011010|10011010|10011010|10011010|10011010|10011010|10011010|10011010|10011010,11,10
55,14,random,R0.5,1.2479196786880493,0.40312881154391406,0.9084991364841433,20941.5390625,24000.0,0.04730262979865074,0.6334838271141052,0.42642849683761597,0.14070457220077515,14,14,3,8,,,,14,,10111000|10111000|10111000|10110100|01110100|01110100|01110100|00110110|00110110|00110110|00110110|01010110|01010110|01011100|01011100|01001101|01101001|01101001|01101001|01101001,12,14
55,15,random,R0.5,1.5623247623443604,0.31869736832026646,1.1435133151383858,24011.357421875,25920.0,0.03627526015043259,0.8072370290756226,0.5178059935569763,0.20100653171539307,17,20,1,11,,,,20,,10001101|01001101|01001101|00011101|01001101|01001011|00001111|00001111|00011110|00001111|10000111|10010011|10010011|10010011|10010011|10010011|10010011|10010011|10011010|10011010,16,16
56,0,baseline,B1,0.8499485850334167,0.47487134491796545,0.7447113644390246,12723.3681640625,13540.0,0.04592510685324669,0.2862173616886139,0.5178059935569763,0.0,17,0,3,1,,,0,0,0,11101000|11101000|11101000|11101000|11101000|11101000|11101000|11101000|11101000|11101000|11101000|11101000|11101000|11101000|11101000|11101000|11101000|11101000|11101000|11101000,4,4
56,1,baseline,B2,1.2673641443252563,0.3443403623612984,1.0661246852985964,19743.5859375,26820.0,0.049066975712776184,0.592711329460144,0.2436734288930893,0.3819124102592468,8,38,8,13,,,38,38,0,00001111|11101000|11101000|11101000|01111000|01111000|11101000|00101101|00101101|00011011|01101010|01101010|01101010|01101010|11010010|10011010|10010011|11010100|10010101|10001101,14,14
56,2,baseline,B3,0.8058069944381714,0.521142590336986,0.6517315888063798,17289.23046875,20100.0,0.09316909313201904,0.46958091855049133,0.18275506794452667,0.06030195951461792,6,6,4,4,,,6,6,0,11100001|11100001|11100001|11100001|11100001|11100001|11100001|11100001|11100001|11100001|01101001|01101001|01101001|01101001|00101101|00101101|00101011|00101011|00101011|00101011,1,1
56,3,baseline,B4,1.0158807039260864,0.4259051989253402,0.8535384952119056,15197.4658203125,15500.0,0.05383947864174843,0.3833168148994446,0.5787243843078613,0.0,19,0,1,1,,,0,0,0,00001111|00001111|00001111|00001111|00001111|00001111|00001111|00001111|00001111|00001111|00001111|00001111|00001111|00001111|00001111|00001111|00001111|00001111|00001111|00001111,6,7
56,4,perturb,B1p0,1.0333772897720337,0.39097234400260616,0.9391184529494935,14481.5390625,15920.0,0.0312981940805912,0.3015179932117462,0.7005611062049866,0.0,23,0,3,1,B1,C,0,0,0,01111000|01111000|01111000|01111000|01111000|01111000|01111000|01111000|01111000|01111000|01111000|01111000|01111000|01111000|01111000|01111000|01111000|01111000|01111000|01111000,7,8
56,5,perturb,B1p1,0.9090955257415771,0.4629149985757989,0.7702118301395174,14289.2314453125,14520.0,0.05521122366189957,0.3665374517440796,0.4873467981815338,0.0,16,0,2,1,B1,C,0,0,0,11100001|11100001|11100001|11100001|11100001|11100001|11100001|11100001|11100001|11100001|11100001|11100001|11100001|11100001|11100001|11100001|11100001|11100001|11100001|11100001,5,5
56,6,perturb,B2p0,1.1999175548553467,0.36276492809564426,1.0140002354921667,18743.5859375,25620.0,0.05407951399683952,0.5507113337516785,0.21321424841880798,0.3819124102592468,7,38,8,12,B2,B,38,38,0,00001111|11101000|11101000|11101000|01111000|01111000|11101000|00101101|00101101|00011011|01101010|01101010|01101010|01101010|11010010|10011010|10010011|11010100|11010100|10001101,10,12
56,7,perturb,B2p1,1.2079236507415771,0.361757757133214,1.0167804703467131,18743.5859375,25220.0,0.04946710541844368,0.5529713034629822,0.2436734288930893,0.3618117570877075,8,36,6,12,B2,B,38,36,-2,00001111|11101000|11101000|11101000|01111000|01111000|11101000|00101101|00101101|00011011|01101010|01101010|01101010|01101010|11010010|10011010|10011010|11010100|10010101|10001101,11,13
56,8,perturb,B3p0,0.8312536478042603,0.5115912848689301,0.6702292444715504,17289.23046875,19600.0,0.0881565511226654,0.46958088874816895,0.21321424841880798,0.06030195951461792,7,6,4,4,B3,B,6,6,0,11100001|11100001|11100001|11100001|11100001|11100001|11100001|11100001|11100001|11100001|01101001|01101001|01101001|01101001|01101001|00101101|00101011|00101011|00101011|00101011,2,3
56,9,perturb,B3p1,0.8312536478042603,0.5139249763105824,0.6656779846654884,17289.23046875,20100.0,0.0881565511226654,0.46958091855049133,0.21321424841880798,0.06030195951461792,7,6,4,4,B3,B,6,6,0,11100001|11100001|11100001|11100001|11100001|11100001|11100001|11100001|11100001|01101001|01101001|01101001|01101001|01101001|00101101|00101101|00101011|00101011|00101011|00101011,3,2
56,10,random,R0.0,1.0476130247116089,0.4513816121967322,0.7954421504821578,16500.0,16500.0,0.06517284363508224,0.46463412046432495,0.5178059935569763,0.0,17,0,0,1,,,,0,,01100110|01100110|01100110|01100110|01100110|01100110|01100110|01100110|01100110|01100110|01100110|01100110|01100110|01100110|01100110|01100110|01100110|01100110|01100110|01100110,8,6
56,11,random,R0.0,1.1720786094665527,0.3725394027727055,0.9874124675011686,16500.0,16800.0,0.04609961435198784,0.4254179000854492,0.7005611062049866,0.0,23,0,1,1,,,,0,,10000111|10000111|10000111|10000111|10000111|10000111|10000111|10000111|10000111|10000111|10000111|10000111|10000111|10000111|10000111|10000111|10000111|10000111|10000111|10000111,9,11
56,12,random,R0.1,1.2595853805541992,0.3772956633781038,0.9747261459074954,18961.5390625,20200.0,0.04931298643350601,0.5712460279464722,0.5787243843078613,0.06030195951461792,19,6,1,4,,,,6,,01001011|01001011|01001011|01001011|01001011|01001011|01001011|01001011|01000111|01000111|01000111|01000111|01000111|01000111|01000111|11000110|11000110|11000110|01010110|01010110,13,10
56,13,random,R0.1,1.2337764501571655,0.3845839612306885,0.9555931491653384,18500.0,19000.0,0.05721813440322876,0.5576326251029968,0.5787243247032166,0.04020130634307861,19,4,1,3,,,,4,,01000111|01000111|01000111|01000111|01000111|01000111|01000111|01000111|01000111|01000111|01000111|01000111|01000111|01000111|00100111|00101101|00101101|00101101|00101101|00101101,12,9
56,14,random,R0.5,1.6598368883132935,0.28742572788867826,1.2467907898981943,27846.154296875,29820.0,0.06078091263771057,0.819941520690918,0.5178059935569763,0.261308491230011,17,26,2,14,,,,26,,11010010|11010010|11000011|10000111|10010110|11010100|11100100|01101100|01011100|00011110|00011110|00011110|00011110|01011010|11011000|01011100|01011100|01011100|01111000|01110100,16,16
56,15,random,R0.5,1.572477102279663,0.2904687850743515,1.236259160875466,26020.0,27720.0,0.05519862473011017,0.7375476360321045,0.5787243247032166,0.20100653171539307,19,20,2,11,,,,20,,11010010|10110010|11100010|11000011|11000101|11001100|11001100|11001100|01001101|01001101|01001101|01011001|01011001|01011001|01110001|01101001|01101001|01101001|01101001|01101010,15,15
57,0,baseline,B1,0.7858377695083618,0.4952263622276408,0.702740323512473,12809.23046875,13240.0,0.038822732865810394,0.3205864727497101,0.42642849683761597,0.0,14,0,1,1,,,0,0,0,11000110|11000110|11000110|11000110|11000110|11000110|11000110|11000110|11000110|11000110|11000110|11000110|11000110|11000110|11000110|11000110|11000110|11000110|11000110|11000110,2,5
57,1,baseline,B2,1.4649724960327148,0.32819502555980495,1.1141472571753042,23416.599609375,26500.0,0.04186631366610527,0.8285961151123047,0.15229588747024536,0.44221436977386475,5,44,5,17,,,44,44,0,10010011|11001010|11101000|10101010|10001110|00011110|11011000|10110010|11000110|11000110|00011110|01010110|00010111|00010111|01010011|01010011|01100011|01101100|11100100|10101100,14,13
57,2,baseline,B3,0.8834202289581299,0.5292189185046987,0.6363530981273048,17500.0,18000.0,0.080543152987957,0.5494615435600281,0.21321424841880798,0.04020130634307861,7,4,2,3,,,4,4,0,00110011|00110011|00110011|00110011|10100011|10100011|10100011|10100011|10100011|10100011|10100011|10100011|10010011|10010011|10010011|10010011|10010011|10010011|10010011|10010011,4,2
57,3,baseline,B4,0.9204044342041016,0.44148004204809504,0.8176224648339704,14040.0,14040.0,0.037503037601709366,0.3650953769683838,0.5178060531616211,0.0,17,0,2,1,,,0,0,0,00001111|00001111|00001111|00001111|00001111|00001111|00001111|00001111|00001111|00001111|00001111|00001111|00001111|00001111|00001111|00001111|00001111|00001111|00001111|00001111,6,10
57,4,perturb,B1p0,0.8027260899543762,0.49379228791042296,0.7056403200333924,13041.5380859375,13860.0,0.043311867862939835,0.3329857289791107,0.4264284670352936,0.0,14,0,3,1,B1,C,0,0,0,01010110|01010110|01010110|01010110|01010110|01010110|01010110|01010110|01010110|01010110|01010110|01010110|01010110|01010110|01010110|01010110|01010110|01010110|01010110|01010110,3,6
57,5,perturb,B1p1,0.7757531404495239,0.5008347691264401,0.6914790344367935,12316.9228515625,11940.0,0.04215746000409126,0.3071672320365906,0.42642849683761597,0.0,14,0,2,1,B1,C,0,0,0,11010100|11010100|11010100|11010100|11010100|11010100|11010100|11010100|11010100|11010100|11010100|11010100|11010100|11010100|11010100|11010100|11010100|11010100|11010100|11010100,1,3
57,6,perturb,B2p0,1.3698134422302246,0.35308543256360325,1.041045232736839,22224.2890625,24100.0,0.04226643964648247,0.7732380628585815,0.15229588747024536,0.40201306343078613,5,40,4,16,B2,B,44,40,-4,11001010|11001010|11101000|10101010|10001110|00011110|11011000|10110010|11000110|11000110|00011110|01010110|00010111|00010111|01010011|01010011|01100011|01101100|11100100|10101100,13,12
57,7,perturb,B2p1,1.4651325941085815,0.3280543758693406,1.1145759042485408,23416.599609375,26500.0,0.04226643964648247,0.8283560872077942,0.15229588747024536,0.44221436977386475,5,44,5,17,B2,B,44,44,0,10010011|11001010|11101000|10101010|10001110|00011110|11011000|10110010|11000110|11000110|00011110|01010110|01010110|00010111|01010011|01010011|01100011|01101100|11100100|10101100,15,14
57,8,perturb,B3p0,0.9440944194793701,0.49803638823626595,0.6970821358793531,17500.0,18200.0,0.07360660284757614,0.5561538338661194,0.2741326093673706,0.04020130634307861,9,4,2,3,B3,B,4,4,0,00110011|00110011|00110011|00110011|10100011|10100011|10100011|10100011|10100011|10100011|10100011|10100011|10100011|10010011|10010011|10010011|10010011|10010011|10010011|10010011,7,4
57,9,perturb,B3p1,0.8878201842308044,0.5297967570931079,0.6352618231649625,17500.0,18000.0,0.0801430270075798,0.5542615056037903,0.21321424841880798,0.04020130634307861,7,4,3,3,B3,B,4,4,0,00110011|00110011|00110011|00110011|10100011|10100011|10100011|10100011|10100011|10100011|10100011|10010011|10010011|10010011|10010011|10010011|10010011|10010011|10010011|10010011,5,1
57,10,random,R0.0,0.946784257888794,0.46523081142724865,0.7652216278842044,15500.0,15500.0,0.05510576441884041,0.4652499854564667,0.42642849683761597,0.0,14,0,1,1,,,,0,,00101011|00101011|00101011|00101011|00101011|00101011|00101011|00101011|00101011|00101011|00101011|00101011|00101011|00101011|00101011|00101011|00101011|00101011|00101011|00101011,8,9
57,11,random,R0.0,0.9617844223976135,0.46812207432585995,0.7590261745013768,15884.615234375,15700.0,0.05549057200551033,0.4798654019832611,0.42642849683761597,0.0,14,0,2,1,,,,0,,10110001|10110001|10110001|10110001|10110001|10110001|10110001|10110001|10110001|10110001|10110001|10110001|10110001|10110001|10110001|10110001|10110001|10110001|10110001|10110001,10,8
57,12,random,R0.1,0.9539061784744263,0.46847332391149055,0.7582761182812439,16000.0,16000.0,0.058394528925418854,0.4995422959327698,0.3959692716598511,0.0,13,0,1,1,,,,0,,00111010|00111010|00111010|00111010|00111010|00111010|00111010|00111010|00111010|00111010|00111010|00111010|00111010|00111010|00111010|00111010|00111010|00111010|00111010|00111010,9,7
57,13,random,R0.1,1.1768423318862915,0.39167814257614414,0.9373148413068192,18604.615234375,21000.0,0.044367507100105286,0.6055431365966797,0.42642849683761597,0.10050326585769653,14,10,2,6,,,,10,,00110101|00110101|00110101|00110101|00110101|00010111|10000111|10000111|10000111|11000011|11000011|11000011|11100001|11100001|11100001|11100001|11100001|11110000|11110000|11110000,11,11
57,14,random,R0.5,1.6838279962539673,0.24726264152731342,1.3973041812633271,27230.76953125,30300.0,0.039103541523218155,0.8656100034713745,0.5178059935569763,0.261308491230011,17,26,2,14,,,,26,,01100011|11000011|01010011|01010011|01010011|01010101|01010101|00110101|01100101|00110101|00101101|00111001|01110001|01011001|01110001|01110001|01110001|01110010|01110010|00110110,16,16
57,15,random,R0.5,1.3448394536972046,0.3195821980180434,1.1407407674610046,23520.0,25020.0,0.064879409968853,0.6927261352539062,0.42642849683761597,0.16080522537231445,14,16,1,9,,,,16,,10110010|10110010|00110011|00111001|00111001|10110001|01110001|01110001|01110001|01011001|01011001|01011001|01111000|01011010|01011010|01011010|00011011|00011011|00011011|00011011,12,15
58,0,baseline,B1,0.5862986445426941,0.6640616745908388,0.4093802503991631,10020.0,10020.0,0.0361066497862339,0.24560022354125977,0.3045917749404907,0.0,10,0,2,1,,,0,0,0,00101101|00101101|00101101|00101101|00101101|00101101|00101101|00101101|00101101|00101101|00101101|00101101|00101101|00101101|00101101|00101101|00101101|00101101|00101101|00101101,1,4
58,1,baseline,B2,1.1488025188446045,0.5435526307465968,0.6096287404089735,18744.88671875,20840.0,0.03531331941485405,0.7212182879447937,0.030459178611636162,0.3618117570877075,1,36,5,15,,,36,36,0,00110011|00110011|10110001|01110100|01101100|00101101|00101101|00100111|00101011|01101001|01101001|01101001|01001101|10101100|10101100|11001100|10101100|00011110|00111100|01101010,14,12
58,2,baseline,B3,0.6930607557296753,0.7078837305159369,0.34547542120951524,15525.2724609375,15620.0,0.07945413142442703,0.48202770948410034,0.09137753397226334,0.04020130634307861,3,4,2,3,,,4,4,0,11010010|11010010|11010010|11010010|11010010|11010010|11010010|10010110|10010110|10010110|10010110|10010110|10011100|10011100|10011100|10011100|10011100|10011100|10011100|10011100,3,2
58,3,baseline,B4,0.839560866355896,0.5578006929910431,0.5837535614247962,12687.564453125,12420.0,0.024145320057868958,0.32806873321533203,0.4873468279838562,0.0,16,0,2,1,,,0,0,0,00001111|00001111|00001111|00001111|00001111|00001111|00001111|00001111|00001111|00001111|00001111|00001111|00001111|00001111|00001111|00001111|00001111|00001111|00001111|00001111,6,10
58,4,perturb,B1p0,0.6222550868988037,0.6466043078035367,0.4360207514743073,11000.0,11300.0,0.04388675093650818,0.3042357265949249,0.2741326093673706,0.0,9,0,2,1,B1,C,0,0,0,01101001|01101001|01101001|01101001|01101001|01101001|01101001|01101001|01101001|01101001|01101001|01101001|01101001|01101001|01101001|01101001|01101001|01101001|01101001|01101001,2,5
58,5,perturb,B1p1,0.8774874806404114,0.5611814632488505,0.5777109618609158,14393.9130859375,14220.0,0.03530329465866089,0.4157557189464569,0.4264284372329712,0.0,14,0,1,1,B1,C,0,0,0,10100101|10100101|10100101|10100101|10100101|10100101|10100101|10100101|10100101|10100101|10100101|10100101|10100101|10100101|10100101|10100101|10100101|10100101|10100101|10100101,8,9
58,6,perturb,B2p0,1.1068025827407837,0.5437376339845899,0.6092884389351546,17744.88671875,21160.0,0.03531331941485405,0.6792182922363281,0.030459178611636162,0.3618117570877075,1,36,6,14,B2,B,36,36,0,00110011|00110011|10110001|01110100|00101101|00101101|00101101|00100111|00101011|01101001|01101001|01101001|01001101|10101100|10101100|11001100|10101100|00011110|00111100|01101010,13,11
58,7,perturb,B2p1,1.1528373956680298,0.5306313134282189,0.6336878238893681,18360.26953125,21840.0,0.03338930755853653,0.6967179775238037,0.060918357223272324,0.3618117570877075,2,36,6,14,B2,B,36,36,0,00110011|00110011|10110001|01110100|01101100|00101101|00101101|00100111|00100111|01101001|01101001|01101001|01001101|10101100|10101100|11001100|10101100|00011110|00111100|01101010,15,13
58,8,perturb,B3p0,0.8017200231552124,0.6700776002443576,0.40036175204365443,16151.359375,16120.0,0.07257111370563507,0.5366516709327698,0.15229588747024536,0.04020130634307861,5,4,2,3,B3,B,4,4,0,11010010|11010010|11010010|11010010|11010010|11010010|11010010|10010110|10010110|10010110|10010110|10010110|10010110|10011100|10011100|10011100|10011100|10011100|10011100|10011100,5,3
58,9,perturb,B3p1,0.6963991522789001,0.7117468540515023,0.34003297285272255,15500.0,15500.0,0.07905400544404984,0.48576629161834717,0.09137753397226334,0.04020130634307861,3,4,2,3,B3,B,4,4,0,11010010|11010010|11010010|11010010|11010010|11010010|11010010|10010110|10010110|10010110|10010110|10011100|10011100|10011100|10011100|10011100|10011100|10011100|10011100|10011100,4,1
58,10,random,R0.0,0.8904590606689453,0.5758402911331069,0.5519249290716838,14393.9130859375,14220.0,0.051273658871650696,0.44321608543395996,0.39596933126449585,0.0,13,0,0,1,,,,0,,11010001|11010001|11010001|11010001|11010001|11010001|11010001|11010001|11010001|11010001|11010001|11010001|11010001|11010001|11010001|11010001|11010001|11010001|11010001|11010001,10,8
58,11,random,R0.0,0.8624206781387329,0.5947698159269785,0.5195808122759569,14151.359375,14200.0,0.04297531768679619,0.42347604036331177,0.39596930146217346,0.0,13,0,1,1,,,,0,,10001110|10001110|10001110|10001110|10001110|10001110|10001110|10001110|10001110|10001110|10001110|10001110|10001110|10001110|10001110|10001110|10001110|10001110|10001110|10001110,7,7
58,12,random,R0.1,1.0702359676361084,0.5054450851704004,0.6823158811005289,17393.9140625,20600.0,0.04211857542395592,0.5109277963638306,0.4568876624107361,0.06030195951461792,15,6,1,4,,,,6,,11001001|01011001|01011001|11010001|11010001|11010001|11010001|11010001|11010001|11010001|11010001|10011001|10011001|10011001|10011001|10011001|10011001|10011001|10011001|10011001,12,14
58,13,random,R0.1,0.8895341753959656,0.5991982780056375,0.5121627206056241,15393.9130859375,15220.0,0.05454474687576294,0.4798378050327301,0.33505094051361084,0.020100653171539307,11,2,1,2,,,,2,,10010110|10010110|10010110|10010110|10010110|10010110|10010110|10010101|10010101|10010101|10010101|10010101|10010101|10010101|10010101|10010101|10010101|10010101|10010101|10010101,9,6
58,14,random,R0.5,1.0535141229629517,0.4786331621886206,0.7368208159195443,20687.564453125,23820.0,0.05749163031578064,0.5915437936782837,0.2436734288930893,0.16080522537231445,8,16,2,9,,,,16,,10000111|10000111|00001111|00001111|00001111|00001111|00100111|00100111|10100110|10100110|10100110|10100110|11100010|01101010|01101010|01101001|01111000|01111000|01111000|01101001,11,15
58,15,random,R0.5,1.3032952547073364,0.4426568436237973,0.8149604284689744,21806.7421875,24700.0,0.03014414757490158,0.716992974281311,0.33505094051361084,0.22110718488693237,11,22,1,12,,,,22,,11100010|11100010|11100010|10101010|00111010|00111010|00101011|10100011|10100011|00101011|00101011|00101101|00101110|00101110|00101110|00011110|00011110|00101110|00111010|00101011,16,16
59,0,baseline,B1,0.7535367012023926,0.5505824366718065,0.5967785853079955,14326.568359375,13900.0,0.0438530407845974,0.34417349100112915,0.36551013588905334,0.0,12,0,4,1,,,0,0,0,01001101|01001101|01001101|01001101|01001101|01001101|01001101|01001101|01001101|01001101|01001101|01001101|01001101|01001101|01001101|01001101|01001101|01001101|01001101|01001101,1,2
59,1,baseline,B2,1.2487908601760864,0.43413280997383297,0.8344047779298022,21289.64453125,23700.0,0.051965612918138504,0.7131767868995667,0.12183671444654465,0.3618117570877075,4,36,8,13,,,36,36,0,00001111|11010100|11010100|01110100|01110100|11110000|00101101|01101100|01000111|01000111|01010101|01010101|01010101|01001101|01001101|11001001|11001001|01101010|01011010|01101010,13,10
59,2,baseline,B3,0.8344462513923645,0.5597618493707865,0.5802438546861788,19000.0,19000.0,0.09276493638753891,0.5491840839385986,0.15229588747024536,0.04020130634307861,5,4,3,3,,,4,4,0,10100011|10100011|10100011|10100011|10100011|11100001|11100001|11100001|11100001|11100001|11100001|11100001|11000101|11000101|11000101|11000101|11000101|11000101|11000101|11000101,2,1
59,3,baseline,B4,1.1348994970321655,0.3909168603925284,0.9392603748736204,18404.615234375,18820.0,0.039433691650629044,0.5167414546012878,0.5787243843078613,0.0,19,0,2,1,,,0,0,0,00001111|00001111|00001111|00001111|00001111|00001111|00001111|00001111|00001111|00001111|00001111|00001111|00001111|00001111|00001111|00001111|00001111|00001111|00001111|00001111,10,13
59,4,perturb,B1p0,0.9060800075531006,0.47834622790946785,0.7374204825178434,15753.046875,15800.0,0.04061926156282425,0.37811389565467834,0.4873468577861786,0.0,16,0,3,1,B1,C,0,0,0,01100101|01100101|01100101|01100101|01100101|01100101|01100101|01100101|01100101|01100101|01100101|01100101|01100101|01100101|01100101|01100101|01100101|01100101|01100101|01100101,5,6
59,5,perturb,B1p1,0.9125354290008545,0.4868081553378575,0.7198851650554017,16000.0,16000.0,0.04611288756132126,0.43999409675598145,0.4264284670352936,0.0,14,0,2,1,B1,C,0,0,0,11001001|11001001|11001001|11001001|11001001|11001001|11001001|11001001|11001001|11001001|11001001|11001001|11001001|11001001|11001001|11001001|11001001|11001001|11001001|11001001,6,5
59,6,perturb,B2p0,1.171647071838379,0.45014635261992103,0.798182521048679,19961.951171875,22500.0,0.05042640119791031,0.6473143100738525,0.15229588747024536,0.3216104507446289,5,32,8,11,B2,B,36,32,-4,00001111|11010100|11010100|01110100|01110100|11110000|00101101|01101100|01000111|01000111|01010101|01010101|01010101|01001101|01001101|11001001|11001001|01101010|01101010|01101010,11,8
59,7,perturb,B2p1,1.1280505657196045,0.47081188354465175,0.7532966627407117,20020.4140625,21020.0,0.0523657388985157,0.6523383259773254,0.12183671444654465,0.3015097975730896,4,30,6,12,B2,B,36,30,-6,11010100|11010100|11010100|01110100|01110100|11110000|00101101|01101100|01000111|01000111|01010101|01010101|01010101|01001101|01001101|11001001|11001001|01101010|01011010|01101010,9,7
59,8,perturb,B3p0,0.8470773696899414,0.5402309335813292,0.6157585760618205,19000.0,19000.0,0.09045612066984177,0.5336648225784302,0.18275506794452667,0.04020130634307861,6,4,2,3,B3,B,4,4,0,10100011|10100011|10100011|10100011|10100011|11100001|11100001|11100001|11100001|11100001|11100001|11100001|11100001|11000101|11000101|11000101|11000101|11000101|11000101|11000101,3,3
59,9,perturb,B3p1,0.8565198183059692,0.5376540516765469,0.6205399522741604,19000.0,20000.0,0.09084092080593109,0.5427225232124329,0.18275506794452667,0.04020130634307861,6,4,3,3,B3,B,4,4,0,10100011|10100011|10100011|10100011|10100011|10100011|11100001|11100001|11100001|11100001|11100001|11100001|11000101|11000101|11000101|11000101|11000101|11000101|11000101|11000101,4,4
59,10,random,R0.0,1.0592851638793945,0.4445662295221914,0.810656237327042,18520.0,18520.0,0.058904945850372314,0.5739517211914062,0.42642849683761597,0.0,14,0,1,1,,,,0,,00011011|00011011|00011011|00011011|00011011|00011011|00011011|00011011|00011011|00011011|00011011|00011011|00011011|00011011|00011011|00011011|00011011|00011011|00011011|00011011,7,9
59,11,random,R0.0,1.174162745475769,0.4216858979970455,0.8634945596305031,18807.69140625,18700.0,0.056047555059194565,0.5698499083518982,0.5482652187347412,0.0,18,0,0,1,,,,0,,10110100|10110100|10110100|10110100|10110100|10110100|10110100|10110100|10110100|10110100|10110100|10110100|10110100|10110100|10110100|10110100|10110100|10110100|10110100|10110100,12,12
59,12,random,R0.1,1.108551263809204,0.4308186146898305,0.842068125046989,19137.662109375,18400.0,0.04206202179193497,0.5389410853385925,0.4873468577861786,0.04020130634307861,16,4,3,3,,,,4,,01010101|01010101|01010101|01010101|01011100|01011100|00011101|00011101|00011101|00011101|00011101|00011101|00011101|00011101|00011101|00011101|00011101|00011101|00011101|00011101,8,11
59,13,random,R0.1,1.27089262008667,0.34911749252002683,1.0523467586500397,21291.5078125,22300.0,0.026654411107301712,0.5546519160270691,0.6091835498809814,0.08040261268615723,20,8,3,5,,,,8,,01010101|01010101|01010101|01010101|01010101|01010101|01010101|01010101|11010001|11010001|11010001|11010001|01011001|01011001|01110001|01110001|01110001|01110001|01110001|01101001,14,14
59,14,random,R0.5,1.6382486820220947,0.3091618211965922,1.1738904459709605,28404.615234375,28220.0,0.050660666078329086,0.8687753677368164,0.5178059935569763,0.20100653171539307,17,20,2,11,,,,20,,11000110|11000110|01000111|01100011|01000111|01000111|01001110|01100110|01100110|01100110|01100110|01100110|00101110|00101110|00011110|00011110|01011100|01011100|01001101|01000111,16,16
59,15,random,R0.5,1.5734970569610596,0.3200926975426899,1.1391446453165572,26884.615234375,27500.0,0.05828345566987991,0.8670613765716553,0.4873468279838562,0.16080522537231445,16,16,1,9,,,,16,,10110010|10110010|00110110|00110110|00110110|00110110|00110110|00100111|10100101|00110101|00010111|00010111|00001111|00010111|00010111|00010111|00010111|00010111|10010110|10010110,15,15
60,0,baseline,B1,0.8773564100265503,0.5047444973648838,0.6837029235526582,14346.154296875,13900.0,0.023466236889362335,0.39700251817703247,0.4568876624107361,0.0,15,0,1,1,,,0,0,0,01010110|01010110|01010110|01010110|01010110|01010110|01010110|01010110|01010110|01010110|01010110|01010110|01010110|01010110|01010110|01010110|01010110|01010110|01010110|01010110,6,14
60,1,baseline,B2,1.0806045532226562,0.5231616604059346,0.6478647605648331,17549.900390625,19940.0,0.032402779906988144,0.6455721855163574,0.060918357223272324,0.3417111039161682,2,34,3,13,,,34,34,0,00001111|01101100|01101100|10101100|00011110|01001110|10001110|00111100|00111100|00111100|01110100|01010101|01010101|01100110|11000110|00010111|10010011|10010011|10010011|10010011,14,13
60,2,baseline,B3,0.6515235304832458,0.663741345741122,0.4098627449424442,13712.3076171875,14020.0,0.06705230474472046,0.44253385066986084,0.12183671444654465,0.020100653171539307,4,2,1,2,,,2,2,0,10110100|10110100|10110100|10110100|00111100|00111100|00111100|00111100|00111100|00111100|00111100|00111100|00111100|00111100|00111100|00111100|00111100|00111100|00111100|00111100,1,1
60,3,baseline,B4,0.9330133199691772,0.5350420260345632,0.6254099818356501,15500.0,15500.0,0.03397849202156067,0.472606360912323,0.4264284670352936,0.0,14,0,1,1,,,0,0,0,00001111|00001111|00001111|00001111|00001111|00001111|00001111|00001111|00001111|00001111|00001111|00001111|00001111|00001111|00001111|00001111|00001111|00001111|00001111|00001111,11,9
60,4,perturb,B1p0,0.656530499458313,0.6133392163593251,0.48883712520301337,11884.615234375,11700.0,0.04329795017838478,0.3391000032424927,0.2741326093673706,0.0,9,0,2,1,B1,C,0,0,0,01110100|01110100|01110100|01110100|01110100|01110100|01110100|01110100|01110100|01110100|01110100|01110100|01110100|01110100|01110100|01110100|01110100|01110100|01110100|01110100,3,4
60,5,perturb,B1p1,0.8161137700080872,0.5569346523683332,0.5853073666406371,13576.9228515625,13100.0,0.03302144259214401,0.38712307810783386,0.3959692716598511,0.0,13,0,1,1,B1,C,0,0,0,00110110|00110110|00110110|00110110|00110110|00110110|00110110|00110110|00110110|00110110|00110110|00110110|00110110|00110110|00110110|00110110|00110110|00110110|00110110|00110110,5,7
60,6,perturb,B2p0,1.076346516609192,0.5275833603377926,0.6394483970408105,17088.361328125,19140.0,0.030093964189291,0.6332645416259766,0.09137753397226334,0.3216104507446289,3,32,2,12,B2,B,34,32,-2,00001111|01101100|01101100|10101100|00011110|10001110|10001110|00111100|00111100|00111100|01110100|01010101|01010101|01100110|11000110|00010111|10010011|10010011|10010011|10010011,13,11
60,7,perturb,B2p1,1.038604497909546,0.525916708747612,0.6426124271714273,16549.900390625,19540.0,0.032402779906988144,0.6035722494125366,0.060918357223272324,0.3417111039161682,2,34,4,12,B2,B,34,34,0,00001111|01101100|01101100|10101100|00011110|01001110|10001110|00111100|00111100|00111100|01010101|01010101|01010101|01100110|11000110|00010111|10010011|10010011|10010011|10010011,12,12
60,8,perturb,B3p0,0.6672837138175964,0.6578066215987168,0.4188442789982513,14192.3076171875,14500.0,0.06745243072509766,0.45789381861686707,0.12183671444654465,0.020100653171539307,4,2,1,2,B3,B,2,2,0,10110100|10110100|10110100|10110100|10110100|00111100|00111100|00111100|00111100|00111100|00111100|00111100|00111100|00111100|00111100|00111100|00111100|00111100|00111100|00111100,4,3
60,9,perturb,B3p1,0.6515235304832458,0.6609713315255716,0.4140448114392886,13712.3076171875,14220.0,0.06705230474472046,0.4425338804721832,0.12183671444654465,0.020100653171539307,4,2,1,2,B3,B,2,2,0,10110100|10110100|10110100|00111100|00111100|00111100|00111100|00111100|00111100|00111100|00111100|00111100|00111100|00111100|00111100|00111100|00111100|00111100|00111100|00111100,2,2
60,10,random,R0.0,0.9216570854187012,0.5599959478805792,0.5798257312066588,16500.0,16500.0,0.045022059231996536,0.5415840744972229,0.3350509703159332,0.0,11,0,0,1,,,,0,,11000101|11000101|11000101|11000101|11000101|11000101|11000101|11000101|11000101|11000101|11000101|11000101|11000101|11000101|11000101|11000101|11000101|11000101|11000101|11000101,10,6
60,11,random,R0.0,0.8827283382415771,0.5476147007308008,0.6021833401816521,15000.0,15000.0,0.043133579194545746,0.47408461570739746,0.36551013588905334,0.0,12,0,0,1,,,,0,,10011100|10011100|10011100|10011100|10011100|10011100|10011100|10011100|10011100|10011100|10011100|10011100|10011100|10011100|10011100|10011100|10011100|10011100|10011100|10011100,8,8
60,12,random,R0.1,0.8799219131469727,0.5277316946406483,0.6391672785196015,14758.5283203125,15400.0,0.04203123599290848,0.43217939138412476,0.36551010608673096,0.04020130634307861,12,4,1,3,,,,4,,10110010|10110010|00110011|00110011|00110011|00110011|00110011|01010011|01010011|01010011|01010011|01010011|01010011|01010011|01010011|01010011|01010011|01010011|01010011|01010011,7,10
60,13,random,R0.1,0.8871557116508484,0.5811894566338822,0.5426784881355462,15604.6826171875,16000.0,0.04889805614948273,0.5239237546920776,0.2741326093673706,0.04020130634307861,9,4,1,3,,,,4,,10111000|10111000|10111000|10111000|10111000|10111000|10111000|10111000|10110001|10110001|10110001|10110001|10110001|10110001|10110001|10110001|00110011|00110011|00110011|00110011,9,5
60,14,random,R0.5,1.361558198928833,0.428310590788702,0.847906667165476,24450.8359375,26900.0,0.04337778687477112,0.7620221972465515,0.3350509703159332,0.22110718488693237,11,22,1,12,,,,22,,01011001|01011001|01001101|01001101|01001110|01001110|11001100|11001100|11001010|11001010|10011010|10110010|10011010|10010011|10010011|00110011|00110011|00110011|00100111|00010111,16,16
60,15,random,R0.5,1.1403731107711792,0.4303731605332028,0.8431026314349294,21038.4609375,22260.0,0.050978340208530426,0.6544569134712219,0.2741326093673706,0.16080522537231445,9,16,0,9,,,,16,,11010100|11010100|11010100|11010100|11010100|10010101|10110100|01110100|01110100|01110100|01110100|01111000|11011000|01011100|01011100|01011100|01011100|01011100|01010110|11000110,15,15
61,0,baseline,B1,1.072537899017334,0.3621920398148355,1.0155807110939437,16038.4609375,17900.0,0.033589884638786316,0.3688461482524872,0.6701019406318665,0.0,22,0,2,1,,,0,0,0,11100010|11100010|11100010|11100010|11100010|11100010|11100010|11100010|11100010|11100010|11100010|11100010|11100010|11100010|11100010|11100010|11100010|11100010|11100010|11100010,10,11
61,1,baseline,B2,1.5236685276031494,0.34385074701197804,1.0675475907248957,24338.0078125,28200.0,0.053211770951747894,0.9057891964912415,0.18275506794452667,0.3819124102592468,6,38,6,16,,,38,38,0,10000111|10000111|11000011|11000011|11000011|01010011|01110010|10110010|00110110|01101010|00101110|10101100|00101101|01001101|01010110|00110011|11010010|11010010|01010011|10010011,15,14
61,2,baseline,B3,0.8754752278327942,0.5066736605486916,0.6798881501906723,16961.5390625,16700.0,0.07401947677135468,0.4767632484436035,0.30459174513816833,0.020100653171539307,10,2,3,2,,,2,2,0,10000111|10000111|10000111|10100011|10100011|10100011|10100011|10100011|10100011|10100011|10100011|10100011|10100011|10100011|10100011|10100011|10100011|10100011|10100011|10100011,1,1
61,3,baseline,B4,1.1205658912658691,0.3734649566910221,0.9849311029314459,16020.0,16520.0,0.04028915613889694,0.37971559166908264,0.7005611062049866,0.0,23,0,1,1,,,0,0,0,00001111|00001111|00001111|00001111|00001111|00001111|00001111|00001111|00001111|00001111|00001111|00001111|00001111|00001111|00001111|00001111|00001111|00001111|00001111|00001111,11,10
61,4,perturb,B1p0,1.0461382865905762,0.4272069530813464,0.8504867155291225,17000.0,17000.0,0.061718206852674484,0.4666140377521515,0.5178060531616211,0.0,17,0,2,1,B1,C,0,0,0,11100001|11100001|11100001|11100001|11100001|11100001|11100001|11100001|11100001|11100001|11100001|11100001|11100001|11100001|11100001|11100001|11100001|11100001|11100001|11100001,9,6
61,5,perturb,B1p1,0.9864597320556641,0.4335868346551828,0.8356631921977757,16500.0,16500.0,0.06264492869377136,0.4364680051803589,0.4873468279838562,0.0,16,0,2,1,B1,C,0,0,0,10101010|10101010|10101010|10101010|10101010|10101010|10101010|10101010|10101010|10101010|10101010|10101010|10101010|10101010|10101010|10101010|10101010|10101010|10101010|10101010,5,5
61,6,perturb,B2p0,1.4802953004837036,0.3475521987482961,1.0568404130327043,23338.0078125,27100.0,0.051287755370140076,0.8539815545082092,0.21321424841880798,0.3618117570877075,7,36,5,15,B2,B,38,36,-2,10000111|10000111|11000011|11000011|11000011|01010011|01110010|10110010|00110110|01101010|00101110|00101101|00101101|01001101|01010110|00110011|11010010|11010010|01010011|10010011,12,12
61,7,perturb,B2p1,1.5095157623291016,0.34423575211439095,1.066428530423378,24107.23828125,27200.0,0.05205736309289932,0.8824325799942017,0.21321424841880798,0.3618117570877075,7,36,6,15,B2,B,38,36,-2,10000111|10000111|11000011|11000011|11000011|01010011|01110010|10110010|00110110|01101010|00101110|10101100|00101101|01001101|01010110|00110011|11010010|11010010|10010011|10010011,14,13
61,8,perturb,B3p0,0.8903888463973999,0.4991339283339969,0.6948808257867949,16961.5390625,16700.0,0.07208014279603958,0.4631570875644684,0.33505094051361084,0.020100653171539307,11,2,3,2,B3,B,2,2,0,10000111|10000111|10000111|10000111|10100011|10100011|10100011|10100011|10100011|10100011|10100011|10100011|10100011|10100011|10100011|10100011|10100011|10100011|10100011|10100011,2,2
61,9,perturb,B3p1,0.927745521068573,0.4838942265340238,0.7258889363678578,16961.5390625,16700.0,0.06708292663097382,0.47505173087120056,0.36551010608673096,0.020100653171539307,12,2,3,2,B3,B,2,2,0,10000111|10000111|10100011|10100011|10100011|10100011|10100011|10100011|10100011|10100011|10100011|10100011|10100011|10100011|10100011|10100011|10100011|10100011|10100011|10100011,3,3
61,10,random,R0.0,1.0167372226715088,0.42709687924579254,0.8507444080080689,15500.0,15500.0,0.06300268322229385,0.40546926856040955,0.5482652187347412,0.0,18,0,1,1,,,,0,,10010101|10010101|10010101|10010101|10010101|10010101|10010101|10010101|10010101|10010101|10010101|10010101|10010101|10010101|10010101|10010101|10010101|10010101|10010101|10010101,8,7
61,11,random,R0.0,0.97722989320755,0.4251743689169205,0.8552559143949467,14179.00390625,14020.0,0.040574826300144196,0.2970123291015625,0.6396427750587463,0.0,21,0,3,1,,,,0,,01000111|01000111|01000111|01000111|01000111|01000111|01000111|01000111|01000111|01000111|01000111|01000111|01000111|01000111|01000111|01000111|01000111|01000111|01000111|01000111,4,8
61,12,random,R0.1,1.0083022117614746,0.411468769712094,0.8880221555188599,16500.0,17800.0,0.06263551861047745,0.4077598750591278,0.5178059935569763,0.020100653171539307,17,2,2,2,,,,2,,00011110|00011110|00011110|00011110|00011110|00011110|00011110|00011110|00011110|10010110|10010110|10010110|10010110|10010110|10010110|10010110|10010110|10010110|10010110|10010110,6,9
61,13,random,R0.1,1.0135095119476318,0.4429275525734383,0.8143490605197753,16020.0,16120.0,0.05386197566986084,0.4113823473453522,0.5482651591300964,0.0,18,0,2,1,,,,0,,01001110|01001110|01001110|01001110|01001110|01001110|01001110|01001110|01001110|01001110|01001110|01001110|01001110|01001110|01001110|01001110|01001110|01001110|01001110|01001110,7,4
61,14,random,R0.5,1.483234167098999,0.3088053761283823,1.175044051240893,23500.0,24000.0,0.06214325875043869,0.7016619443893433,0.5787243247032166,0.14070457220077515,19,14,1,8,,,,14,,11000011|11000011|11000011|11000011|11000101|11000101|11000101|11001100|11001100|11001100|11001100|11010100|11001100|11001100|10101100|10101100|10101100|10101010|00101110|00101110,13,15
61,15,random,R0.5,2.0037107467651367,0.21509176945558242,1.5366905072453545,32538.4609375,34500.0,0.05310419201850891,1.0198124647140503,0.6091835498809814,0.3216104507446289,20,32,0,17,,,,32,,01100101|11100100|01101100|10101100|10101100|10100101|10101001|10100011|10100011|10001011|10011001|10110001|10110001|11100001|01101001|01100011|01110010|11110000|10110100|11100100,16,16
62,0,baseline,B1,0.7743434309959412,0.5097654853086133,0.6738044917474648,13241.8642578125,15140.0,0.03438534587621689,0.37444788217544556,0.36551013588905334,0.0,12,0,2,1,,,0,0,0,11100100|11100100|11100100|11100100|11100100|11100100|11100100|11100100|11100100|11100100|11100100|11100100|11100100|11100100|11100100|11100100|11100100|11100100|11100100|11100100,2,5
62,1,baseline,B2,1.255049228668213,0.42323190002953115,0.8598350231372225,19804.19140625,21700.0,0.03483203798532486,0.7670278549194336,0.09137753397226334,0.3618117570877075,3,36,5,13,,,36,36,0,01100011|11001100|11001100|11001100|11010100|01110100|01110100|01110100|01110100|11010100|11010100|11000110|11000110|01010110|10010110|10111000|10101100|10110010|00111001|10011100,14,13
62,2,baseline,B3,0.714206337928772,0.6206286039263359,0.4770224372689082,13500.0,13620.0,0.06583239138126373,0.43515968322753906,0.21321424841880798,0.0,7,0,2,1,,,0,0,0,00110011|00110011|00110011|00110011|00110011|00110011|00110011|00110011|00110011|00110011|00110011|00110011|00110011|00110011|00110011|00110011|00110011|00110011|00110011|00110011,1,1
62,3,baseline,B4,0.9821787476539612,0.4990015833913249,0.6951460101067451,16384.615234375,16500.0,0.047142546623945236,0.5086076855659485,0.42642849683761597,0.0,14,0,1,1,,,0,0,0,00001111|00001111|00001111|00001111|00001111|00001111|00001111|00001111|00001111|00001111|00001111|00001111|00001111|00001111|00001111|00001111|00001111|00001111|00001111|00001111,8,6
62,4,perturb,B1p0,0.7908508777618408,0.5645951680238048,0.5716463214285502,14115.384765625,14800.0,0.0484052412211895,0.4378538429737091,0.3045917749404907,0.0,10,0,2,1,B1,C,0,0,0,10101100|10101100|10101100|10101100|10101100|10101100|10101100|10101100|10101100|10101100|10101100|10101100|10101100|10101100|10101100|10101100|10101100|10101100|10101100|10101100,3,2
62,5,perturb,B1p1,0.9140950441360474,0.4762820092519217,0.7417451437721291,15520.0,15520.0,0.029751131311058998,0.45791542530059814,0.4264284670352936,0.0,14,0,1,1,B1,C,0,0,0,01100110|01100110|01100110|01100110|01100110|01100110|01100110|01100110|01100110|01100110|01100110|01100110|01100110|01100110|01100110|01100110|01100110|01100110|01100110|01100110,5,9
62,6,perturb,B2p0,1.2900052070617676,0.40712417841923,0.8986370333939654,20419.576171875,21900.0,0.03290802240371704,0.7734487056732178,0.12183671444654465,0.3618117570877075,4,36,5,13,B2,B,36,36,0,01100011|11001100|11001100|11001100|11010100|01110100|01110100|01110100|01110100|01110100|11010100|11000110|11000110|01010110|10010110|10111000|10101100|10110010|00111001|10011100,15,15
62,7,perturb,B2p1,1.250649333000183,0.42302468943896704,0.8603247341711663,19804.19140625,21700.0,0.03523216396570206,0.7622278332710266,0.09137753397226334,0.3618117570877075,3,36,5,13,B2,B,36,36,0,01100011|11001100|11001100|11001100|11010100|01110100|01110100|01110100|01110100|11010100|11010100|11010100|11000110|01010110|10010110|10111000|10101100|10110010|00111001|10011100,13,14
62,8,perturb,B3p0,0.8855226635932922,0.5210096571006084,0.6519867016988106,14989.75390625,15320.0,0.0415160246193409,0.448037326335907,0.39596933126449585,0.0,13,0,1,1,B3,C,0,0,0,00100111|00100111|00100111|00100111|00100111|00100111|00100111|00100111|00100111|00100111|00100111|00100111|00100111|00100111|00100111|00100111|00100111|00100111|00100111|00100111,4,3
62,9,perturb,B3p1,0.9749167561531067,0.46321659196647347,0.7695605330572982,16327.6923828125,16220.0,0.04241638630628586,0.5060719847679138,0.42642849683761597,0.0,14,0,1,1,B3,C,0,0,0,01100011|01100011|01100011|01100011|01100011|01100011|01100011|01100011|01100011|01100011|01100011|01100011|01100011|01100011|01100011|01100011|01100011|01100011|01100011|01100011,7,10
62,10,random,R0.0,1.0102726221084595,0.4487931082403298,0.8011932808622992,16327.6923828125,16220.0,0.0344858281314373,0.48843997716903687,0.4873468577861786,0.0,16,0,1,1,,,,0,,11100001|11100001|11100001|11100001|11100001|11100001|11100001|11100001|11100001|11100001|11100001|11100001|11100001|11100001|11100001|11100001|11100001|11100001|11100001|11100001,11,11
62,11,random,R0.0,1.0011588335037231,0.4772407345476883,0.7397342308178805,17000.0,17000.0,0.0544433519244194,0.5507461428642273,0.39596930146217346,0.0,13,0,0,1,,,,0,,01001011|01001011|01001011|01001011|01001011|01001011|01001011|01001011|01001011|01001011|01001011|01001011|01001011|01001011|01001011|01001011|01001011|01001011|01001011|01001011,10,8
62,12,random,R0.1,0.9262462854385376,0.5165884882459792,0.6605086822582306,15366.1533203125,14940.0,0.04292206093668938,0.46725425124168396,0.39596930146217346,0.020100653171539307,13,2,1,2,,,,2,,10010110|10010110|10010110|10010110|10010110|10010110|10010110|10010110|10010110|10010110|10010110|10010110|10010110|10010110|10010110|11010100|11010100|11010100|11010100|11010100,6,4
62,13,random,R0.1,0.9901500344276428,0.4895780336366392,0.7142114147287639,16423.076171875,17720.0,0.03395911678671837,0.5303788185119629,0.36551010608673096,0.06030195951461792,12,6,1,4,,,,6,,01011100|01011100|01011100|01011100|01011100|01110100|01010110|01010110|00011110|00011110|00011110|00011110|00011110|00011110|00011110|00011110|00011110|00011110|00011110|00011110,9,7
62,14,random,R0.5,1.1984078884124756,0.4240756469166899,0.8578434271244406,21983.078125,25500.0,0.07215800136327744,0.7522304058074951,0.21321424841880798,0.16080522537231445,7,16,2,9,,,,16,,01111000|00111010|00110011|00110011|00110101|00110011|00110011|00110011|00110011|00110011|00110011|00110011|00110011|00110011|00110011|00110011|01010011|01100011|01100101|11100001,12,12
62,15,random,R0.5,1.9370554685592651,0.26626147860738064,1.323276450747407,29520.0,32500.0,0.03339271619915962,1.094089150428772,0.5482651591300964,0.261308491230011,18,26,1,14,,,,26,,11000110|10010110|10010110|10010110|10010101|00011101|00011101|00011011|00011011|01011001|01001101|01001011|01011001|01011001|00111001|01011001|11001001|11010001|11010001|11110000,16,16
63,0,baseline,B1,1.080536961555481,0.4013802379701954,0.9128460765917235,16678.91796875,17300.0,0.028386278077960014,0.41250792145729065,0.6396427750587463,0.0,21,0,3,1,,,0,0,0,10011100|10011100|10011100|10011100|10011100|10011100|10011100|10011100|10011100|10011100|10011100|10011100|10011100|10011100|10011100|10011100|10011100|10011100|10011100|10011100,9,12
63,1,baseline,B2,1.3397663831710815,0.39959629550689846,0.9173005027539671,21413.912109375,23700.0,0.043101340532302856,0.8124001622200012,0.18275506794452667,0.3015097975730896,6,30,5,12,,,30,30,0,10000111|10000111|10000111|10000111|10000111|10000111|10000111|00011101|01001110|01101100|00101110|00010111|00110101|10110001|11010001|10011010|10011010|10011010|10011001|10011010,14,13
63,2,baseline,B3,0.824070930480957,0.548432423105338,0.6006912099466061,16832.765625,17500.0,0.08771172165870667,0.5438620448112488,0.15229588747024536,0.04020130634307861,5,4,2,3,,,4,4,0,10000111|10000111|10000111|10000111|10000111|11000011|11000011|11000011|11000011|11000011|11000011|11000011|11000011|11000011|11000011|11000011|11000011|11000011|10100011|10100011,1,1
63,3,baseline,B4,1.1247307062149048,0.4320504196536043,0.8392129853872401,18500.0,18500.0,0.041339244693517685,0.5351262092590332,0.5482652187347412,0.0,18,0,1,1,,,0,0,0,00001111|00001111|00001111|00001111|00001111|00001111|00001111|00001111|00001111|00001111|00001111|00001111|00001111|00001111|00001111|00001111|00001111|00001111|00001111|00001111,10,8
63,4,perturb,B1p0,0.9758308529853821,0.42499342139760055,0.8556815892419914,14392.8984375,13400.0,0.028553377836942673,0.30763474106788635,0.6396427154541016,0.0,21,0,1,1,B1,C,0,0,0,10011010|10011010|10011010|10011010|10011010|10011010|10011010|10011010|10011010|10011010|10011010|10011010|10011010|10011010|10011010|10011010|10011010|10011010|10011010|10011010,6,10
63,5,perturb,B1p1,1.0386971235275269,0.43080860841408,0.8420913515084626,17307.69140625,17800.0,0.05700289458036423,0.4943474233150482,0.4873468279838562,0.0,16,0,2,1,B1,C,0,0,0,10111000|10111000|10111000|10111000|10111000|10111000|10111000|10111000|10111000|10111000|10111000|10111000|10111000|10111000|10111000|10111000|10111000|10111000|10111000|10111000,8,9
63,6,perturb,B2p0,1.3026491403579712,0.4085564788591421,0.895125115097887,20413.912109375,21800.0,0.043501466512680054,0.7748828530311584,0.18275506794452667,0.3015097975730896,6,30,3,11,B2,B,30,30,0,10000111|10000111|10000111|10000111|10000111|10000111|10000111|00011101|01001110|01101100|00010111|00010111|00110101|10110001|11010001|10011010|10011010|10011010|10011001|10011010,12,11
63,7,perturb,B2p1,1.1983075141906738,0.45195791758183596,0.794166206179284,19952.373046875,20800.0,0.046595215797424316,0.7381078600883484,0.15229588747024536,0.261308491230011,5,26,3,11,B2,B,30,26,-4,10000111|10000111|10000111|10000111|10000111|10000111|10000111|01001110|01001110|01101100|00101110|00010111|00110101|10110001|11010001|10011010|10011010|10011010|10011001|10011010,11,7
63,8,perturb,B3p0,0.8453252911567688,0.5296287262734914,0.6355790343773858,16832.765625,18000.0,0.08653321862220764,0.5358356833457947,0.18275506794452667,0.04020130634307861,6,4,2,3,B3,B,4,4,0,10000111|10000111|10000111|10000111|11000011|11000011|11000011|11000011|11000011|11000011|11000011|11000011|11000011|11000011|11000011|11000011|11000011|11000011|10100011|10100011,3,3
63,9,perturb,B3p1,0.8451176881790161,0.5388982955814503,0.6182284168210216,16832.765625,17000.0,0.08309930562973022,0.5390620231628418,0.18275506794452667,0.04020130634307861,6,4,2,3,B3,B,4,4,0,10000111|10000111|10000111|10000111|10000111|11000011|11000011|11000011|11000011|11000011|11000011|11000011|11000011|11000011|11000011|11000011|11000011|11000011|11000011|10100011,2,2
63,10,random,R0.0,0.9338581562042236,0.47867085145485905,0.7367420754865768,16538.4609375,16820.0,0.06277430057525635,0.4751145541667938,0.39596933126449585,0.0,13,0,4,1,,,,0,,11000110|11000110|11000110|11000110|11000110|11000110|11000110|11000110|11000110|11000110|11000110|11000110|11000110|11000110|11000110|11000110|11000110|11000110|11000110|11000110,4,5
63,11,random,R0.0,0.9936366677284241,0.45594075681693796,0.7853923971690902,16904.615234375,16720.0,0.06577317416667938,0.5014349222183228,0.42642849683761597,0.0,14,0,1,1,,,,0,,10110001|10110001|10110001|10110001|10110001|10110001|10110001|10110001|10110001|10110001|10110001|10110001|10110001|10110001|10110001|10110001|10110001|10110001|10110001|10110001,7,6
63,12,random,R0.1,0.9657861590385437,0.49673465979237963,0.6996992791697112,17678.91796875,17500.0,0.0778530091047287,0.5632407069206238,0.3045917749404907,0.020100653171539307,10,2,1,2,,,,2,,11001100|11001100|11001100|11001100|11001100|11001100|11001100|11001100|11001100|11001100|11001100|11001100|11001100|11001100|11001100|11000101|11000101|11000101|11000101|11000101,5,4
63,13,random,R0.1,1.337715744972229,0.33079442436986806,1.1062581709629546,21827.69140625,23000.0,0.055406346917152405,0.6231822967529297,0.5787243247032166,0.08040261268615723,19,8,1,5,,,,8,,11010001|11010001|11010001|11010001|11010001|11010001|10110001|10110001|10110100|10110100|10110100|10110100|10110100|10101100|10101100|10101100|10101100|10101100|10101100|10100101,13,14
63,14,random,R0.5,1.6849751472473145,0.29815779442914014,1.2101324211113,28038.4609375,28000.0,0.05765257775783539,0.9493278861045837,0.4568876326084137,0.22110718488693237,15,22,1,12,,,,22,,01001110|01001011|11001001|11001001|11001001|01001011|11001010|11001010|11001010|10001011|10001101|10101001|10101001|10101001|10101001|10101010|10101010|10101001|10001101|10101100,16,15
63,15,random,R0.5,1.635627269744873,0.27299659021787115,1.2982959739196065,29624.615234375,32100.0,0.05498146638274193,0.862449586391449,0.4568876624107361,0.261308491230011,15,26,2,14,,,,26,,10000111|10000111|11000101|11000101|11000101|11000011|10001011|11000011|10001011|10011001|10010011|10010011|10000111|10000111|00001111|00100111|00110110|00110110|00110011|10010011,15,16
64,0,baseline,B1,0.8932446241378784,0.46223948104958457,0.771672164950926,14931.9658203125,16000.0,0.04358185827732086,0.362315833568573,0.4873468279838562,0.0,16,0,4,1,,,0,0,0,00110011|00110011|00110011|00110011|00110011|00110011|00110011|00110011|00110011|00110011|00110011|00110011|00110011|00110011|00110011|00110011|00110011|00110011|00110011|00110011,5,7
64,1,baseline,B2,1.2019456624984741,0.47657981394717874,0.7411200695007019,21069.68359375,21800.0,0.05324292927980423,0.745456874370575,0.12183671444654465,0.2814091444015503,4,28,7,12,,,28,28,0,00001111|10011001|10101001|10101001|10111000|10111000|10011100|10000111|00001111|10000111|00010111|00010111|00010111|00010111|00010111|00100111|00001111|00110011|00110011|00110011,10,5
64,2,baseline,B3,0.8266827464103699,0.5739683901104089,0.555180953673012,15514.0478515625,16200.0,0.06957022845745087,0.534156084060669,0.18275506794452667,0.04020130634307861,6,4,4,3,,,4,4,0,00001111|00001111|00001111|00001111|00001111|00001111|00001111|00001111|00001111|00010111|00010111|00010111|00010111|00010111|00010111|10010011|10010011|10010011|10010011|10010011,3,1
64,3,baseline,B4,0.8108876943588257,0.5218406399381358,0.6503930251840416,14681.2822265625,14200.0,0.054646264761686325,0.3907312750816345,0.36551010608673096,0.0,12,0,3,1,,,0,0,0,00001111|00001111|00001111|00001111|00001111|00001111|00001111|00001111|00001111|00001111|00001111|00001111|00001111|00001111|00001111|00001111|00001111|00001111|00001111|00001111,1,4
64,4,perturb,B1p0,1.0499316453933716,0.426282810757411,0.852652277962908,16560.73828125,16400.0,0.035448960959911346,0.4052991271018982,0.6091836094856262,0.0,20,0,3,1,B1,C,0,0,0,00110110|00110110|00110110|00110110|00110110|00110110|00110110|00110110|00110110|00110110|00110110|00110110|00110110|00110110|00110110|00110110|00110110|00110110|00110110|00110110,6,9
64,5,perturb,B1p1,1.107940435409546,0.4088541896795707,0.8943966909530818,17653.845703125,18900.0,0.037764519453048706,0.46099233627319336,0.6091835498809814,0.0,20,0,2,1,B1,C,0,0,0,10110010|10110010|10110010|10110010|10110010|10110010|10110010|10110010|10110010|10110010|10110010|10110010|10110010|10110010|10110010|10110010|10110010|10110010|10110010|10110010,7,11
64,6,perturb,B2p0,1.2279636859893799,0.4572300697318866,0.7825685799068509,21549.68359375,22100.0,0.05159590393304825,0.742662787437439,0.15229588747024536,0.2814091444015503,5,28,7,12,B2,B,28,28,0,00001111|10011001|10101001|10101001|10111000|10111000|10011100|10000111|00001111|10000111|00010111|00010111|00010111|00010111|00010111|00100111|00001111|00001111|00110011|00110011,12,8
64,7,perturb,B2p1,1.1422481536865234,0.4714688039416316,0.751902342529904,20069.68359375,21400.0,0.051703717559576035,0.6769401431083679,0.15229588747024536,0.261308491230011,5,26,6,11,B2,B,28,26,-2,00001111|10011001|10101001|10101001|10111000|10111000|10011100|10000111|00001111|10000111|00010111|00010111|00010111|00010111|00010111|00010111|00001111|00110011|00110011|00110011,9,6
64,8,perturb,B3p0,0.824930727481842,0.5539110264734012,0.5907512071663127,15975.5859375,16700.0,0.0668766051530838,0.5046386122703552,0.21321424841880798,0.04020130634307861,7,4,4,3,B3,B,4,4,0,00001111|00001111|00001111|00001111|00001111|00001111|00001111|00001111|00010111|00010111|00010111|00010111|00010111|00010111|00010111|10010011|10010011|10010011|10010011|10010011,2,2
64,9,perturb,B3p1,0.8274810910224915,0.5419728246628943,0.6125394177978424,15514.0478515625,16200.0,0.06301847845315933,0.48058775067329407,0.2436734288930893,0.04020130634307861,8,4,4,3,B3,B,4,4,0,00001111|00001111|00001111|00001111|00001111|00001111|00001111|00001111|00001111|00010111|00010111|00010111|00010111|00010111|00010111|00010111|10010011|10010011|10010011|10010011,4,3
64,10,random,R0.0,1.1276755332946777,0.42377888270957526,0.8585434628236415,18000.0,18000.0,0.05395408719778061,0.5254562497138977,0.5482652187347412,0.0,18,0,1,1,,,,0,,01010110|01010110|01010110|01010110|01010110|01010110|01010110|01010110|01010110|01010110|01010110|01010110|01010110|01010110|01010110|01010110|01010110|01010110|01010110|01010110,8,10
64,11,random,R0.0,1.2218565940856934,0.37137620203447386,0.9905397084911094,19000.0,19000.0,0.050380755215883255,0.5622923374176025,0.6091836094856262,0.0,20,0,1,1,,,,0,,11001001|11001001|11001001|11001001|11001001|11001001|11001001|11001001|11001001|11001001|11001001|11001001|11001001|11001001|11001001|11001001|11001001|11001001|11001001|11001001,11,13
64,12,random,R0.1,1.2580485343933105,0.3715949427102885,0.9899508816337491,21000.0,21000.0,0.05187669023871422,0.5976046919822693,0.5482651591300964,0.06030195951461792,18,6,2,4,,,,6,,00110110|00110110|00110110|00110110|00110110|00110110|01110010|01110010|01110010|01110010|01110010|01100011|01100011|01100011|01001011|01001011|01001011|01001011|01001011|01001011,13,12
64,13,random,R0.1,1.3029179573059082,0.35497271751777076,1.0357143445226098,20080.73828125,20320.0,0.032552752643823624,0.5399613976478577,0.6701019406318665,0.06030195951461792,22,6,2,4,,,,6,,00110110|00110110|00110110|00110110|00110110|00110110|00110110|00110110|00110110|00110110|00110110|00110110|00111010|00011110|00011110|00011110|00011110|00011110|00011110|10001110,14,14
64,14,random,R0.5,1.9172437191009521,0.23185883798521506,1.461626549461165,33167.5546875,33200.0,0.04022148996591568,0.9663289785385132,0.6091834902763367,0.3015097975730896,20,30,1,16,,,,30,,11010010|11010010|10110010|10110010|10111000|10110100|11100100|11100100|11101000|11001010|11000011|11010001|11011000|01011100|01001110|01011100|00011110|00011110|00011011|10011001,16,16
64,15,random,R0.5,1.7657358646392822,0.27257311533065226,1.299848387728363,30812.8515625,32300.0,0.053281813859939575,0.9637987017631531,0.4873468577861786,0.261308491230011,16,26,2,14,,,,26,,10110010|11010010|11010001|11010100|11010100|10110100|10111000|10011001|10011001|11010001|11010001|11011000|11011000|10011010|10011010|10011010|11011000|10011010|10010011|11010001,15,15
65,0,baseline,B1,0.8417856097221375,0.4886324195409095,0.7161447704544283,13876.3857421875,13400.0,0.0464354008436203,0.3384625315666199,0.4568876326084137,0.0,15,0,2,1,,,0,0,0,00011110|00011110|00011110|00011110|00011110|00011110|00011110|00011110|00011110|00011110|00011110|00011110|00011110|00011110|00011110|00011110|00011110|00011110|00011110|00011110,3,4
65,1,baseline,B2,1.4744141101837158,0.34636169246121656,1.0602716959922076,23522.337890625,27100.0,0.04796465113759041,0.8416813015937805,0.18275506794452667,0.40201306343078613,6,40,5,16,,,40,40,0,01000111|00011011|01001011|10000111|10000111|00010111|00011011|10011010|00111010|00111010|00110110|00110110|10010110|00100111|01011010|01011010|00111010|10111000|10011010|10011100,14,14
65,2,baseline,B3,0.8258981704711914,0.5366196986635028,0.6224656315199811,18107.154296875,18500.0,0.08950041234493256,0.5237997770309448,0.15229588747024536,0.06030195951461792,5,6,2,4,,,6,6,0,10010011|10010011|10010011|10000111|10000111|10000111|10000111|10000111|10000111|10000111|10000111|10000111|00100111|00100111|00100111|00100111|01100011|01100011|01100011|01100011,1,2
65,3,baseline,B4,0.9412842988967896,0.44340509588847454,0.8132714891089204,15145.615234375,15000.0,0.050904519855976105,0.40303295850753784,0.4873468577861786,0.0,16,0,0,1,,,0,0,0,00001111|00001111|00001111|00001111|00001111|00001111|00001111|00001111|00001111|00001111|00001111|00001111|00001111|00001111|00001111|00001111|00001111|00001111|00001111|00001111,5,5
65,4,perturb,B1p0,0.9970594644546509,0.4145403141717746,0.8805850493731847,15165.615234375,15000.0,0.038300469517707825,0.38003459572792053,0.5787243843078613,0.0,19,0,1,1,B1,C,0,0,0,00010111|00010111|00010111|00010111|00010111|00010111|00010111|00010111|00010111|00010111|00010111|00010111|00010111|00010111|00010111|00010111|00010111|00010111|00010111|00010111,7,8
65,5,perturb,B1p1,1.0578689575195312,0.38943094568212466,0.9430687190369484,16220.0673828125,16000.0,0.03443612530827522,0.38379016518592834,0.6396427750587463,0.0,21,0,2,1,B1,C,0,0,0,00110110|00110110|00110110|00110110|00110110|00110110|00110110|00110110|00110110|00110110|00110110|00110110|00110110|00110110|00110110|00110110|00110110|00110110|00110110|00110110,10,10
65,6,perturb,B2p0,1.4069676399230957,0.3594106493417686,1.0232896741819355,22522.33984375,26100.0,0.05297718942165375,0.7996814250946045,0.15229588747024536,0.40201306343078613,5,40,5,15,B2,B,40,40,0,01000111|00011011|01001011|10000111|10000111|00010111|00010111|10011010|00111010|00111010|00110110|00110110|10010110|00100111|01011010|01011010|00111010|10111000|10011010|10011100,12,12
65,7,perturb,B2p1,1.4783039093017578,0.355510889913349,1.0341993975403636,23447.3671875,26620.0,0.04796465113759041,0.8455713391304016,0.18275506794452667,0.40201306343078613,6,40,7,16,B2,B,40,40,0,01000111|00011011|01001011|10000111|00010111|00010111|00011011|10011010|00111010|00111010|00110110|00110110|10010110|00100111|01011010|01011010|00111010|10111000|10011010|10011100,15,13
65,8,perturb,B3p0,0.8302980065345764,0.5368577518573503,0.6220221136843074,18107.154296875,18500.0,0.08910028636455536,0.5285998582839966,0.15229588747024536,0.06030195951461792,5,6,2,4,B3,B,6,6,0,10010011|10010011|10010011|10000111|10000111|10000111|10000111|10000111|10000111|10000111|10000111|10000111|00100111|00100111|00100111|01100011|01100011|01100011|01100011|01100011,2,1
65,9,perturb,B3p1,0.8893446922302246,0.5183232276090914,0.6571562398010731,18107.154296875,19000.0,0.08448787033557892,0.5617998242378235,0.18275506794452667,0.06030195951461792,6,6,2,4,B3,B,6,6,0,10010011|10010011|10010011|10000111|10000111|10000111|10000111|10000111|10000111|10000111|10000111|10000111|10000111|00100111|00100111|00100111|01100011|01100011|01100011|01100011,4,3
65,10,random,R0.0,1.022623062133789,0.4199834503870972,0.8675399723213195,16500.0,17800.0,0.045638732612133026,0.45917823910713196,0.5178059935569763,0.0,17,0,2,1,,,,0,,11001010|11001010|11001010|11001010|11001010|11001010|11001010|11001010|11001010|11001010|11001010|11001010|11001010|11001010|11001010|11001010|11001010|11001010|11001010|11001010,8,7
65,11,random,R0.0,1.027066946029663,0.439859158885303,0.8213006967531642,18000.0,18000.0,0.06166614219546318,0.5389722585678101,0.4264284670352936,0.0,14,0,1,1,,,,0,,00100111|00100111|00100111|00100111|00100111|00100111|00100111|00100111|00100111|00100111|00100111|00100111|00100111|00100111|00100111|00100111|00100111|00100111|00100111|00100111,9,6
65,12,random,R0.1,1.1366513967514038,0.3828357054111923,0.9601493494292084,17461.5390625,17200.0,0.04592711105942726,0.4614400565624237,0.6091835498809814,0.020100653171539307,20,2,1,2,,,,2,,10101100|10101100|10101100|10101001|10101001|10101001|10101001|10101001|10101001|10101001|10101001|10101001|10101001|10101001|10101001|10101001|10101001|10101001|10101001|10101001,11,11
65,13,random,R0.1,0.9970476031303406,0.4103404686882586,0.8907680524498216,16000.0,17800.0,0.04580632224678993,0.41333457827568054,0.5178059935569763,0.020100653171539307,17,2,3,2,,,,2,,00111010|00111010|00111010|00111010|00111010|00111010|00111010|00111010|00111010|00111010|00111010|00111010|00111010|00111010|00111010|00111010|00111010|00111010|00111010|00110011,6,9
65,14,random,R0.5,1.6627885103225708,0.2638431595133332,1.3324004451313713,26827.69140625,28520.0,0.03924178332090378,0.8438159227371216,0.5787243843078613,0.20100653171539307,19,20,3,11,,,,20,,01011010|01110010|01100110|00100111|00100111|01100110|01101010|01101010|01101010|11001010|11001010|11001010|11001001|11000011|11000011|11000011|10100011|10001011|10001011|10001011,16,16
65,15,random,R0.5,1.4407069683074951,0.2880375916951414,1.2446642806448212,24645.6171875,28000.0,0.062247149646282196,0.7102070450782776,0.4873468577861786,0.18090587854385376,16,18,0,10,,,,18,,01010101|00110101|10010101|10010101|00011101|00011101|10001101|10001101|10001101|01001101|01001101|01001101|00101101|00101101|01100101|01100110|01100110|01100110|11100010|11100010,13,15
66,0,baseline,B1,0.942947268486023,0.4298283612254305,0.844369309920923,14080.0,14680.0,0.02635515294969082,0.3378676474094391,0.5787243843078613,0.0,19,0,2,1,,,0,0,0,10001101|10001101|10001101|10001101|10001101|10001101|10001101|10001101|10001101|10001101|10001101|10001101|10001101|10001101|10001101|10001101|10001101|10001101|10001101|10001101,7,10
66,1,baseline,B2,1.3117955923080444,0.3959777966386613,0.9263971383938766,20079.869140625,24520.0,0.03846021741628647,0.7391270995140076,0.15229588747024536,0.3819124102592468,5,38,9,14,,,38,38,0,10001011|01001011|01001011|10001011|01101001|01101001|01101001|01011001|10000111|10100011|10011010|10011010|10011010|10000111|01100101|10100101|10100101|10000111|10010110|10110010,15,12
66,2,baseline,B3,0.865907609462738,0.5549918451050383,0.5888018588480887,16000.0,16000.0,0.07509785145521164,0.5270357131958008,0.2436734288930893,0.020100653171539307,8,2,3,2,,,2,2,0,00101011|00101011|00101011|00101011|00101011|00101011|00111001|00111001|00111001|00111001|00111001|00111001|00111001|00111001|00111001|00111001|00111001|00111001|00111001|00111001,3,2
66,3,baseline,B4,0.8858891129493713,0.48514518842316606,0.7233070752696537,14000.0,14320.0,0.03802966699004173,0.36051255464553833,0.4873468279838562,0.0,16,0,2,1,,,0,0,0,00001111|00001111|00001111|00001111|00001111|00001111|00001111|00001111|00001111|00001111|00001111|00001111|00001111|00001111|00001111|00001111|00001111|00001111|00001111|00001111,4,6
66,4,perturb,B1p0,1.0547837018966675,0.4315827078077446,0.8402961117211261,16000.0,16100.0,0.0360361747443676,0.4400230348110199,0.5787243843078613,0.0,19,0,1,1,B1,C,0,0,0,00011101|00011101|00011101|00011101|00011101|00011101|00011101|00011101|00011101|00011101|00011101|00011101|00011101|00011101|00011101|00011101|00011101|00011101|00011101|00011101,9,9
66,5,perturb,B1p1,0.9595988988876343,0.44651224737079354,0.8062884493199493,14560.0,15160.0,0.03408673778176308,0.3772469460964203,0.5482652187347412,0.0,18,0,1,1,B1,C,0,0,0,10101100|10101100|10101100|10101100|10101100|10101100|10101100|10101100|10101100|10101100|10101100|10101100|10101100|10101100|10101100|10101100|10101100|10101100|10101100|10101100,8,8
66,6,perturb,B2p0,1.3242645263671875,0.3906670630871569,0.9398995827855864,20780.21484375,24520.0,0.042318347841501236,0.7477379441261292,0.15229588747024536,0.3819124102592468,5,38,8,14,B2,B,38,38,0,10001011|01001011|01001011|10001011|01101001|01101001|01101001|01011001|10000111|10100011|10100011|10011010|10011010|10000111|01100101|10100101|10100101|10000111|10010110|10110010,16,13
66,7,perturb,B2p1,1.3111385107040405,0.3872853271886787,0.9485935780521022,19695.25390625,23920.0,0.03653620555996895,0.7099347114562988,0.18275506794452667,0.3819124102592468,6,38,8,13,B2,B,38,38,0,10001011|01001011|01001011|10001011|01101001|01101001|01101001|01011001|10000111|10100011|10011010|10011010|10011010|10000111|01100101|10100101|10100101|10000111|10110010|10110010,14,14
66,8,perturb,B3p0,0.9075816869735718,0.5232339900776584,0.6477265152045708,16000.0,16000.0,0.06816130131483078,0.5147280097007751,0.3045917749404907,0.020100653171539307,10,2,3,2,B3,B,2,2,0,00101011|00101011|00101011|00101011|00101011|00101011|00101011|00111001|00111001|00111001|00111001|00111001|00111001|00111001|00111001|00111001|00111001|00111001|00111001|00111001,6,3
66,9,perturb,B3p1,0.852013349533081,0.5578230262566529,0.5837135241519639,16000.0,16000.0,0.07509785145521164,0.5131414532661438,0.2436734288930893,0.020100653171539307,8,2,3,2,B3,B,2,2,0,00101011|00101011|00101011|00101011|00101011|00111001|00111001|00111001|00111001|00111001|00111001|00111001|00111001|00111001|00111001|00111001|00111001|00111001|00111001|00111001,2,1
66,10,random,R0.0,0.8132952451705933,0.5133294430806873,0.6668374506855338,12669.033203125,12180.0,0.043808139860630035,0.3125995099544525,0.45688769221305847,0.0,15,0,0,1,,,,0,,10100110|10100110|10100110|10100110|10100110|10100110|10100110|10100110|10100110|10100110|10100110|10100110|10100110|10100110|10100110|10100110|10100110|10100110|10100110|10100110,1,4
66,11,random,R0.0,0.8874067664146423,0.49201873137819724,0.7092384913076406,14125.2177734375,14720.0,0.04635591059923172,0.3841632604598999,0.4568876624107361,0.0,15,0,2,1,,,,0,,10010110|10010110|10010110|10010110|10010110|10010110|10010110|10010110|10010110|10010110|10010110|10010110|10010110|10010110|10010110|10010110|10010110|10010110|10010110|10010110,5,5
66,12,random,R0.1,1.2380092144012451,0.3567293450039418,1.0307779219777333,17520.0,19120.0,0.016216907650232315,0.4810299277305603,0.7005611062049866,0.04020130634307861,23,4,1,3,,,,4,,00111001|00111001|00111001|00111001|00011101|10010101|10010101|10010101|10010101|10010101|10010101|10010101|10010101|10010101|10010101|10010101|10010101|10010101|10010101|10010101,12,16
66,13,random,R0.1,1.0653632879257202,0.41104819005825055,0.8890448206092331,15520.0,15520.0,0.026395903900265694,0.39932459592819214,0.6396427750587463,0.0,21,0,1,1,,,,0,,10010101|10010101|10010101|10010101|10010101|10010101|10010101|10010101|10010101|10010101|10010101|10010101|10010101|10010101|10010101|10010101|10010101|10010101|10010101|10010101,10,11
66,14,random,R0.5,1.2842216491699219,0.3623474259459473,1.015151787230339,22260.0,24340.0,0.05487550050020218,0.6725715398788452,0.39596930146217346,0.16080522537231445,13,16,2,9,,,,16,,00101011|00101011|00101011|00111001|10011001|10010011|10010011|10010011|10100011|10100011|10100011|10100011|10110010|11110000|11010010|11010010|11010010|11001010|11001010|11001010,13,15
66,15,random,R0.5,1.1284838914871216,0.4517031988039442,0.7947299546465336,18981.5390625,19220.0,0.06576541811227798,0.6271641850471497,0.33505094051361084,0.10050326585769653,11,10,1,6,,,,10,,01101100|01101100|01101100|01101100|01101100|01101100|01101100|01101100|00101101|00101101|00101101|00101101|00101101|10100101|10101001|10101001|10111000|00111001|00111001|00111001,11,7
67,0,baseline,B1,0.8595035076141357,0.46735519971258904,0.7606657114657445,12884.615234375,14660.0,0.02757813222706318,0.3141191899776459,0.5178059935569763,0.0,17,0,3,1,,,0,0,0,01100101|01100101|01100101|01100101|01100101|01100101|01100101|01100101|01100101|01100101|01100101|01100101|01100101|01100101|01100101|01100101|01100101|01100101|01100101|01100101,7,8
67,1,baseline,B2,1.2374070882797241,0.4157674283438145,0.8776292415380249,19773.654296875,22460.0,0.039109040051698685,0.694549024105072,0.12183671444654465,0.3819124102592468,4,38,3,14,,,38,38,0,00001111|10000111|11100100|11100100|11100100|01100101|01100101|01100101|00110101|00101011|01011001|01011001|00011110|01010011|01010011|00110011|10100011|10100101|10110100|10100011,14,12
67,2,baseline,B3,0.7419724464416504,0.566666439822182,0.5679844379198159,13947.4345703125,15000.0,0.06620953977108002,0.4424480199813843,0.21321424841880798,0.020100653171539307,7,2,3,2,,,2,2,0,10010011|10010011|10010011|10010011|10010011|10010011|10010011|10010011|10010011|10010011|10010011|10010011|10010011|10010011|10010011|10010101|10010101|10010101|10010101|10010101,3,3
67,3,baseline,B4,0.9023029804229736,0.4999675899356055,0.6932120027896496,15000.0,15000.0,0.05751441791653633,0.44881919026374817,0.39596933126449585,0.0,13,0,1,1,,,0,0,0,00001111|00001111|00001111|00001111|00001111|00001111|00001111|00001111|00001111|00001111|00001111|00001111|00001111|00001111|00001111|00001111|00001111|00001111|00001111|00001111,8,6
67,4,perturb,B1p0,0.7384645938873291,0.5800559915346744,0.5446306429723319,13307.6923828125,13340.0,0.04736245423555374,0.38651034235954285,0.3045917749404907,0.0,10,0,3,1,B1,C,0,0,0,11100001|11100001|11100001|11100001|11100001|11100001|11100001|11100001|11100001|11100001|11100001|11100001|11100001|11100001|11100001|11100001|11100001|11100001|11100001|11100001,2,1
67,5,perturb,B1p1,0.8453933000564575,0.4982550500119215,0.6966431844425105,13221.60546875,13540.0,0.03742640092968941,0.3510791063308716,0.45688769221305847,0.0,15,0,2,1,B1,C,0,0,0,11100100|11100100|11100100|11100100|11100100|11100100|11100100|11100100|11100100|11100100|11100100|11100100|11100100|11100100|11100100|11100100|11100100|11100100|11100100|11100100,6,7
67,6,perturb,B2p0,1.1737312078475952,0.43278923889528254,0.8375044156793046,19553.654296875,22060.0,0.043121088296175,0.6670622229576111,0.12183671444654465,0.3417111039161682,4,34,3,13,B2,B,38,34,-4,00001111|10000111|11100100|11100100|11100100|01100101|01100101|01100101|00110101|00101011|01011001|01011001|00011110|01010011|01010011|00110011|10100011|10100101|10100011|10100011,11,9
67,7,perturb,B2p1,1.2000722885131836,0.41487272743746506,0.879783486661213,19200.134765625,22380.0,0.03656933829188347,0.6591375470161438,0.18275506794452667,0.3216104507446289,6,32,4,13,B2,B,38,32,-6,00001111|10000111|11100100|11100100|11100100|01100101|01100101|01100101|00110101|00101011|01011001|01011001|01010011|01010011|01010011|00110011|10100011|10100101|10110100|10100011,13,13
67,8,perturb,B3p0,0.7942282557487488,0.5385394222795347,0.6188945774895,14681.60546875,16000.0,0.06487974524497986,0.46557438373565674,0.2436734288930893,0.020100653171539307,8,2,3,2,B3,B,2,2,0,10010011|10010011|10010011|10010011|10010011|10010011|10010011|10010011|10010011|10010011|10010011|10010011|10010011|10010011|10010101|10010101|10010101|10010101|10010101|10010101,4,4
67,9,perturb,B3p1,0.7216523289680481,0.5668563346553641,0.5676493853928897,13467.4345703125,15000.0,0.06580941379070282,0.4225279986858368,0.21321424841880798,0.020100653171539307,7,2,3,2,B3,B,2,2,0,10010011|10010011|10010011|10010011|10010011|10010011|10010011|10010011|10010011|10010011|10010011|10010011|10010011|10010011|10010011|10010011|10010101|10010101|10010101|10010101,1,2
67,10,random,R0.0,0.981941819190979,0.4323357743470717,0.8385527372115655,15307.6923828125,15200.0,0.03648720681667328,0.4276486933231354,0.5178059935569763,0.0,17,0,2,1,,,,0,,11010100|11010100|11010100|11010100|11010100|11010100|11010100|11010100|11010100|11010100|11010100|11010100|11010100|11010100|11010100|11010100|11010100|11010100|11010100|11010100,9,10
67,11,random,R0.0,0.8133467435836792,0.5332445278441236,0.6287751835790202,13884.615234375,13700.0,0.04429935663938522,0.4035372734069824,0.36551010608673096,0.0,12,0,1,1,,,,0,,10100011|10100011|10100011|10100011|10100011|10100011|10100011|10100011|10100011|10100011|10100011|10100011|10100011|10100011|10100011|10100011|10100011|10100011|10100011|10100011,5,5
67,12,random,R0.1,1.1754355430603027,0.38344440214583986,0.9585606435325704,18873.9140625,20000.0,0.04190762713551521,0.5554199814796448,0.5178059935569763,0.06030195951461792,17,6,1,4,,,,6,,11010100|11010100|11010100|11011000|11011000|11011000|11001010|11001010|11001010|11001010|11001010|11001010|11001010|11001010|11001010|11011000|11011000|11011000|11011000|11011000,12,14
67,13,random,R0.1,1.089524745941162,0.4162062659700262,0.8765743099460557,17500.0,18000.0,0.03787972033023834,0.49363768100738525,0.5178059935569763,0.04020130634307861,17,4,2,3,,,,4,,10011001|10011001|10011001|10011001|10011001|10101001|10101001|10101001|10101001|10101001|10101001|10101001|10101001|10101001|10101001|10101001|00101101|00101101|00101101|00101101,10,11
67,14,random,R0.5,1.6681846380233765,0.2736112462547508,1.2960469893462416,27870.51171875,30040.0,0.038422584533691406,0.9018237590789795,0.4264284670352936,0.3015097975730896,14,30,2,16,,,,30,,11010001|11000101|11100100|11000110|11000110|11010100|01010110|00110110|10110100|00111100|10111000|10110010|10100110|10100110|10110010|10110010|00111010|10011010|10011010|10001011,16,16
67,15,random,R0.5,1.665219783782959,0.3020939667958452,1.1970171616732572,27384.615234375,29100.0,0.04809780418872833,0.9799448251724243,0.39596930146217346,0.24120783805847168,13,24,2,13,,,,24,,00111010|00111010|00110110|00110110|00111010|10111000|11110000|11110000|11100010|01110010|01110010|01110100|01110100|01110100|01100110|00100111|01100101|01100101|11100100|11010100,15,15
68,0,baseline,B1,0.7371414303779602,0.5316381713299871,0.6317921501121702,12018.13671875,12260.0,0.03215821832418442,0.30901390314102173,0.39596930146217346,0.0,13,0,1,1,,,0,0,0,01110010|01110010|01110010|01110010|01110010|01110010|01110010|01110010|01110010|01110010|01110010|01110010|01110010|01110010|01110010|01110010|01110010|01110010|01110010|01110010,1,5
68,1,baseline,B2,1.3518643379211426,0.38520170892971034,0.9539881625942009,21392.57421875,23840.0,0.03203386068344116,0.7551629543304443,0.18275506794452667,0.3819124102592468,6,38,4,15,,,38,38,0,00100111|01110010|01110010|01110010|00110110|00110110|00110110|00111001|01111000|01101010|01101010|01100110|01101010|01011100|01100101|01011001|01001011|00001111|01001011|01010011,14,13
68,2,baseline,B3,0.8617873787879944,0.577572080676271,0.5489220293510896,19000.0,19500.0,0.0855015441775322,0.5837886929512024,0.15229588747024536,0.04020130634307861,5,4,2,3,,,4,4,0,10000111|10000111|10000111|10000111|10000111|11000101|11000101|11000101|11000101|11000101|11000101|11000101|11100001|11100001|11100001|11100001|11100001|11100001|11100001|11100001,3,1
68,3,baseline,B4,0.8692967891693115,0.5247644286984512,0.6448058243307768,13966.6142578125,14200.0,0.044702742248773575,0.3981654942035675,0.4264284670352936,0.0,14,0,1,1,,,0,0,0,00001111|00001111|00001111|00001111|00001111|00001111|00001111|00001111|00001111|00001111|00001111|00001111|00001111|00001111|00001111|00001111|00001111|00001111|00001111|00001111,5,6
68,4,perturb,B1p0,0.9194965362548828,0.48674241681033115,0.7200202140800891,14464.615234375,14580.0,0.03141277655959129,0.400736927986145,0.4873467981815338,0.0,16,0,2,1,B1,C,0,0,0,01110100|01110100|01110100|01110100|01110100|01110100|01110100|01110100|01110100|01110100|01110100|01110100|01110100|01110100|01110100|01110100|01110100|01110100|01110100|01110100,8,8
68,5,perturb,B1p1,0.9778726100921631,0.4884389288133587,0.7165408330969488,16500.0,16500.0,0.04191005602478981,0.5095341205596924,0.4264284670352936,0.0,14,0,2,1,B1,C,0,0,0,11110000|11110000|11110000|11110000|11110000|11110000|11110000|11110000|11110000|11110000|11110000|11110000|11110000|11110000|11110000|11110000|11110000|11110000|11110000|11110000,10,7
68,6,perturb,B2p0,1.348646640777588,0.3683407003760482,0.998746952877466,20894.046875,24060.0,0.03003288432955742,0.7131286859512329,0.2436734288930893,0.3618117570877075,8,36,5,14,B2,B,38,36,-2,00100111|01110010|01110010|01110010|00110110|00110110|00110110|00111001|01111000|01101010|01101010|01100110|01101010|01011100|01100101|01100101|01001011|00001111|01001011|01010011,13,14
68,7,perturb,B2p1,1.2375211715698242,0.40389893633757135,0.9065905898958826,19474.4375,21540.0,0.03103337064385414,0.6515624523162842,0.21321424841880798,0.3417111039161682,7,34,3,13,B2,B,38,34,-4,00100111|01110010|01110010|01110010|00110110|00110110|00110110|00111001|01111000|01101010|01101010|01101010|01101010|01011100|01100101|01011001|01001011|00001111|01001011|01010011,12,12
68,8,perturb,B3p0,0.8617873787879944,0.5751252393921085,0.5531674542629771,19000.0,19500.0,0.0855015441775322,0.5837886929512024,0.15229588747024536,0.04020130634307861,5,4,2,3,B3,B,4,4,0,10000111|10000111|10000111|10000111|10000111|11000101|11000101|11000101|11000101|11000101|11000101|11100001|11100001|11100001|11100001|11100001|11100001|11100001|11100001|11100001,4,2
68,9,perturb,B3p1,0.9146647453308105,0.5499089198321362,0.5980026147740719,19020.0,20000.0,0.07894979417324066,0.5822994112968445,0.21321424841880798,0.04020130634307861,7,4,2,3,B3,B,4,4,0,10000111|10000111|10000111|10000111|11000101|11000101|11000101|11000101|11000101|11000101|11000101|11000101|11100001|11100001|11100001|11100001|11100001|11100001|11100001|11100001,7,3
68,10,random,R0.0,0.9748746156692505,0.48075903796561853,0.7323890949694851,17000.0,17000.0,0.05167579650878906,0.5272294282913208,0.39596930146217346,0.0,13,0,1,1,,,,0,,10100011|10100011|10100011|10100011|10100011|10100011|10100011|10100011|10100011|10100011|10100011|10100011|10100011|10100011|10100011|10100011|10100011|10100011|10100011|10100011,9,9
68,11,random,R0.0,0.8416439294815063,0.5370670707898808,0.621632293222452,13520.0,15020.0,0.03976801037788391,0.37544745206832886,0.42642849683761597,0.0,14,0,1,1,,,,0,,01010101|01010101|01010101|01010101|01010101|01010101|01010101|01010101|01010101|01010101|01010101|01010101|01010101|01010101|01010101|01010101|01010101|01010101|01010101|01010101,2,4
68,12,random,R0.1,0.8996742367744446,0.4774137384847491,0.7393717877689202,14804.486328125,15700.0,0.03881024941802025,0.38387560844421387,0.4568876624107361,0.020100653171539307,15,2,1,2,,,,2,,00110101|00110101|00110101|00110101|00110101|00110101|00110101|00110101|00110101|00110101|00110101|00110101|00110101|00110101|00110101|01110100|01110100|01110100|01110100|01110100,6,10
68,13,random,R0.1,1.0503782033920288,0.45407573328660655,0.7894912814459759,15964.615234375,16720.0,0.034886106848716736,0.5080446004867554,0.4873467981815338,0.020100653171539307,16,2,1,2,,,,2,,01110100|01110100|01110100|01110100|01110100|01110100|01110100|01110100|01110100|01110100|01110100|01110100|01110100|01110100|01110100|00111100|00111100|00111100|00111100|00111100,11,11
68,14,random,R0.5,1.5960092544555664,0.32353185888414404,1.1284576880226784,29722.126953125,31300.0,0.0561700239777565,0.8825615644454956,0.3959692716598511,0.261308491230011,13,26,1,14,,,,26,,10011100|10011100|10011100|00011101|00111100|00011110|01011010|01011010|11010010|11010100|10010101|10011001|10111000|10111000|10111000|11101000|11001100|01011100|01011100|11001100,16,16
68,15,random,R0.5,1.4960683584213257,0.3501527378336923,1.0493858258802142,26913.912109375,29500.0,0.05427547171711922,0.8655341267585754,0.3350509703159332,0.24120783805847168,11,24,1,13,,,,24,,11100100|11110000|11110000|11100010|11100010|11110000|11010010|11110000|11010100|11010100|10010101|00110101|01010101|11000101|11000101|11000101|11001001|11001001|11001001|01001011,15,15
69,0,baseline,B1,0.671938419342041,0.5981761764693869,0.5138699589397766,10758.7265625,10720.0,0.028172224760055542,0.27825602889060974,0.36551013588905334,0.0,12,0,1,1,,,0,0,0,01101001|01101001|01101001|01101001|01101001|01101001|01101001|01101001|01101001|01101001|01101001|01101001|01101001|01101001|01101001|01101001|01101001|01101001|01101001|01101001,2,3
69,1,baseline,B2,0.9505024552345276,0.5291705969977872,0.6364444095135898,14956.6982421875,18460.0,0.0295593049377203,0.5481564402580261,0.09137753397226334,0.2814091444015503,3,28,5,11,,,28,28,0,10100011|00011011|10001011|10001011|10001011|10001011|01011001|01110001|00110101|01100101|01100101|01100101|01100101|01100101|01100101|01011001|01011001|11001001|11010001|11101000,14,10
69,2,baseline,B3,0.7560151815414429,0.6045841622715655,0.5032143923626738,17000.0,17500.0,0.0873207226395607,0.5371156930923462,0.09137753397226334,0.04020130634307861,3,4,2,3,,,4,4,0,10011100|10011100|10011100|10011100|10011100|10011100|10011100|10011100|10011100|10011010|10011010|10011010|10011010|10011010|10011010|00111010|00111010|00111010|00111010|00111010,3,2
69,3,baseline,B4,0.9025710821151733,0.47515949476203595,0.7441047528620707,14060.0,14060.0,0.024639012292027473,0.39058518409729004,0.4873468577861786,0.0,16,0,0,1,,,0,0,0,00001111|00001111|00001111|00001111|00001111|00001111|00001111|00001111|00001111|00001111|00001111|00001111|00001111|00001111|00001111|00001111|00001111|00001111|00001111|00001111,11,13
69,4,perturb,B1p0,0.8226473927497864,0.5704211357845252,0.5613803562478488,14040.0,14040.0,0.03657278046011925,0.4205644726753235,0.36551010608673096,0.0,12,0,2,1,B1,C,0,0,0,11001001|11001001|11001001|11001001|11001001|11001001|11001001|11001001|11001001|11001001|11001001|11001001|11001001|11001001|11001001|11001001|11001001|11001001|11001001|11001001,7,6
69,5,perturb,B1p1,0.8627198338508606,0.5457211802159793,0.6056470926130096,14500.0,14500.0,0.04390335828065872,0.4533063769340515,0.36551010608673096,0.0,12,0,1,1,B1,C,0,0,0,11101000|11101000|11101000|11101000|11101000|11101000|11101000|11101000|11101000|11101000|11101000|11101000|11101000|11101000|11101000|11101000|11101000|11101000|11101000|11101000,8,7
69,6,perturb,B2p0,0.8912146091461182,0.5307545173418456,0.6334556671927015,14222.5283203125,18460.0,0.02941874973475933,0.48900914192199707,0.09137753397226334,0.2814091444015503,3,28,5,11,B2,B,28,28,0,10100011|00011011|10001011|10001011|10001011|01011001|01011001|01110001|00110101|01100101|01100101|01100101|01100101|01100101|01100101|01011001|01011001|11001001|11010001|11101000,9,8
69,7,perturb,B2p1,0.9129166007041931,0.5296519018610593,0.6355352771577105,13956.6982421875,18260.0,0.027688829228281975,0.5020825266838074,0.12183671444654465,0.261308491230011,4,26,5,10,B2,B,28,26,-2,10100011|00011011|10001011|10001011|10001011|10001011|01011001|01110001|01100101|01100101|01100101|01100101|01100101|01100101|01100101|01011001|01011001|11001001|11010001|11101000,12,9
69,8,perturb,B3p0,0.7814618349075317,0.5899416469650918,0.5277316504226376,17000.0,17500.0,0.08230818808078766,0.5371156930923462,0.12183671444654465,0.04020130634307861,4,4,2,3,B3,B,4,4,0,10011100|10011100|10011100|10011100|10011100|10011100|10011100|10011100|10011100|10011010|10011010|10011010|10011010|10011010|00111010|00111010|00111010|00111010|00111010|00111010,6,4
69,9,perturb,B3p1,0.7693136930465698,0.5782267094025071,0.5477892564119663,17000.0,18000.0,0.08592011034488678,0.5213556289672852,0.12183671444654465,0.04020130634307861,4,4,1,3,B3,B,4,4,0,10011100|10011100|10011100|10011100|10011100|10011100|10011100|10011100|10011100|10011010|10011010|10011010|10011010|10011010|10011010|10011010|00111010|00111010|00111010|00111010,5,5
69,10,random,R0.0,0.9235622882843018,0.4660543774391588,0.7634529618806118,14060.0,14060.0,0.03292376920580864,0.4032917022705078,0.4873468577861786,0.0,16,0,0,1,,,,0,,00011110|00011110|00011110|00011110|00011110|00011110|00011110|00011110|00011110|00011110|00011110|00011110|00011110|00011110|00011110|00011110|00011110|00011110|00011110|00011110,13,14
69,11,random,R0.0,0.6233086585998535,0.643415428762752,0.4409646844169317,11000.0,11000.0,0.03518527373671532,0.31399083137512207,0.2741326093673706,0.0,9,0,1,1,,,,0,,01100011|01100011|01100011|01100011|01100011|01100011|01100011|01100011|01100011|01100011|01100011|01100011|01100011|01100011|01100011|01100011|01100011|01100011|01100011|01100011,1,1
69,12,random,R0.1,0.8934072256088257,0.5036071751577249,0.6859587291816619,15262.1279296875,15840.0,0.03424128144979477,0.45345455408096313,0.36551013588905334,0.04020130634307861,12,4,2,3,,,,4,,00011110|00011110|00011110|00011110|00011110|00011101|00011101|00011101|00011101|00011101|00011101|00011101|00011101|00011101|00011101|00011101|00011101|10001101|10001101|10001101,10,11
69,13,random,R0.1,0.7690631747245789,0.503448962659278,0.6862729370868768,12140.0,14520.0,0.03190047666430473,0.32109278440475464,0.39596930146217346,0.020100653171539307,13,2,0,2,,,,2,,00011110|00011110|00011110|00011110|00011110|00011110|00011110|00010111|00010111|00010111|00010111|00010111|00010111|00010111|00010111|00010111|00010111|00010111|00010111|00010111,4,12
69,14,random,R0.5,1.4029029607772827,0.34660584700659586,1.0595670322335855,24500.0,25500.0,0.034748274832963943,0.7608201503753662,0.4264284670352936,0.18090587854385376,14,18,1,10,,,,18,,11100100|11001100|11001100|11001100|11000110|11000011|11000011|11000101|11100100|11100100|11001100|11001100|11001100|11001100|11001100|11000101|01000111|01000111|01000111|01010011,16,15
69,15,random,R0.5,1.3075956106185913,0.34055619419505745,1.0771751326625219,24020.0,25820.0,0.03964176028966904,0.6910786628723145,0.39596930146217346,0.18090587854385376,13,18,1,10,,,,18,,00110101|01010101|01010101|01010101|01010101|11000101|11000101|11000101|11000101|10010101|10010101|11000101|11000101|11100100|10101100|10101100|00101110|01100110|01100011|01100011,15,16
70,0,baseline,B1,0.5464541912078857,0.6571559797952249,0.4198338765060438,9900.869140625,10240.0,0.037531062960624695,0.265249639749527,0.2436734288930893,0.0,8,0,2,1,,,0,0,0,10001110|10001110|10001110|10001110|10001110|10001110|10001110|10001110|10001110|10001110|10001110|10001110|10001110|10001110|10001110|10001110|10001110|10001110|10001110|10001110,1,1
70,1,baseline,B2,1.0922621488571167,0.44641100239888615,0.8065152212678571,18597.044921875,23320.0,0.03511572629213333,0.6441584229469299,0.09137753397226334,0.3216104507446289,3,32,6,14,,,32,32,0,00001111|10001101|10001101|10001101|00001111|10001110|00101110|10101100|10101100|01001110|00101101|00101101|11001100|10101100|10011100|11011000|11011000|11011000|01011010|11011000,11,12
70,2,baseline,B3,0.7903324365615845,0.6284367782789557,0.4645198474530912,16384.615234375,16200.0,0.065317802131176,0.5526180267333984,0.15229588747024536,0.020100653171539307,5,2,1,2,,,2,2,0,00101011|00101011|00101011|00101011|00101011|00101011|00101011|00101011|00101011|00101011|00101011|00101011|00101011|00101110|00101110|00101110|00101110|00101110|00101110|00101110,4,2
70,3,baseline,B4,0.6864908337593079,0.6091319433922886,0.49572037892215626,12368.5615234375,12240.0,0.043717339634895325,0.3686408996582031,0.2741326093673706,0.0,9,0,1,1,,,0,0,0,00001111|00001111|00001111|00001111|00001111|00001111|00001111|00001111|00001111|00001111|00001111|00001111|00001111|00001111|00001111|00001111|00001111|00001111|00001111|00001111,2,4
70,4,perturb,B1p0,0.800757646560669,0.5765559509068475,0.5506828912384549,14278.5283203125,13920.0,0.03400732949376106,0.43169930577278137,0.3350509703159332,0.0,11,0,0,1,B1,C,0,0,0,10101100|10101100|10101100|10101100|10101100|10101100|10101100|10101100|10101100|10101100|10101100|10101100|10101100|10101100|10101100|10101100|10101100|10101100|10101100|10101100,5,8
70,5,perturb,B1p1,0.7065603137016296,0.603853063180853,0.5044243835223515,12348.5615234375,12220.0,0.038600195199251175,0.36336833238601685,0.3045917749404907,0.0,10,0,1,1,B1,C,0,0,0,10001011|10001011|10001011|10001011|10001011|10001011|10001011|10001011|10001011|10001011|10001011|10001011|10001011|10001011|10001011|10001011|10001011|10001011|10001011|10001011,3,5
70,6,perturb,B2p0,1.1389275789260864,0.4182000867865852,0.8717952844635096,18597.044921875,24120.0,0.029502829536795616,0.6355184316635132,0.15229588747024536,0.3216104507446289,5,32,6,14,B2,B,32,32,0,00001111|10001101|10001101|10001101|00001111|10001110|00101110|10101100|10101100|01001110|00101101|11001100|11001100|10101100|10011100|11011000|11011000|11011000|01011010|11011000,13,14
70,7,perturb,B2p1,1.0922621488571167,0.44739746112799383,0.8043079046673012,18597.044921875,23140.0,0.03511572629213333,0.6441584229469299,0.09137753397226334,0.3216104507446289,3,32,6,14,B2,B,32,32,0,00001111|10001101|10001101|00001111|00001111|10001110|00101110|10101100|10101100|01001110|00101101|00101101|11001100|10101100|10011100|11011000|11011000|11011000|01011010|11011000,12,11
70,8,perturb,B3p0,0.8324060440063477,0.6011016637999493,0.5089912010154657,17000.0,17000.0,0.06339378654956818,0.5661565065383911,0.18275506794452667,0.020100653171539307,6,2,1,2,B3,B,2,2,0,00101011|00101011|00101011|00101011|00101011|00101011|00101011|00101011|00101011|00101011|00101011|00101011|00101011|00101011|00101110|00101110|00101110|00101110|00101110|00101110,7,6
70,9,perturb,B3p1,0.8157790899276733,0.6126215837200325,0.4900078522298675,16384.615234375,16200.0,0.060305263847112656,0.5526180267333984,0.18275506794452667,0.020100653171539307,6,2,1,2,B3,B,2,2,0,00101011|00101011|00101011|00101011|00101011|00101011|00101011|00101011|00101011|00101011|00101011|00101011|00101110|00101110|00101110|00101110|00101110|00101110|00101110|00101110,6,3
70,10,random,R0.0,0.8720942735671997,0.5175178913582623,0.6587111817672633,14267.826171875,14020.0,0.035869237035512924,0.40979647636413574,0.42642849683761597,0.0,14,0,0,1,,,,0,,01101100|01101100|01101100|01101100|01101100|01101100|01101100|01101100|01101100|01101100|01101100|01101100|01101100|01101100|01101100|01101100|01101100|01101100|01101100|01101100,9,9
70,11,random,R0.0,0.8512481451034546,0.582915210759997,0.5397135392976973,15230.76953125,15200.0,0.055603448301553726,0.4910529553890228,0.3045917749404907,0.0,10,0,1,1,,,,0,,01101001|01101001|01101001|01101001|01101001|01101001|01101001|01101001|01101001|01101001|01101001|01101001|01101001|01101001|01101001|01101001|01101001|01101001|01101001|01101001,8,7
70,12,random,R0.1,1.1595306396484375,0.43375121781995524,0.8352841400709341,17520.0,17540.0,0.030553333461284637,0.5709699988365173,0.5178059935569763,0.04020130634307861,17,4,1,3,,,,4,,11000101|11000101|11000101|11000101|11000101|11000101|11000011|11000011|11000011|11000011|11000011|11000011|11000011|11000011|11000011|11000011|11000011|11000011|01100011|01100011,16,13
70,13,random,R0.1,0.9091971516609192,0.49964909238614075,0.6938492421752566,15020.0,15420.0,0.044908273965120316,0.4482189118862152,0.39596930146217346,0.020100653171539307,13,2,0,2,,,,2,,01010110|01010110|01010110|01100110|01100110|01100110|01100110|01100110|01100110|01100110|01100110|01100110|01100110|01100110|01100110|01100110|01100110|01100110|01100110|01100110,10,10
70,14,random,R0.5,1.1524845361709595,0.4016700242735884,0.9121243625730722,21347.69140625,24740.0,0.056922003626823425,0.6301655769348145,0.3045917749404907,0.16080522537231445,10,16,1,9,,,,16,,01110001|01111000|01111000|01111000|01111000|01110010|01110010|01010110|01010110|01010110|01010110|00110110|00110110|01010110|11010100|11010100|11010100|01010110|01010110|00011110,15,15
70,15,random,R0.5,1.15240478515625,0.38617864226569554,0.951455212780814,19412.30859375,22520.0,0.02801184356212616,0.5877189636230469,0.39596930146217346,0.14070457220077515,13,14,3,8,,,,14,,10100110|10100110|10100110|11000110|10010110|10010110|10010110|10010110|10110100|10110100|00110110|00110110|00011110|00011110|00011110|10011010|10011010|10011010|10101010|10101010,14,16
71,0,baseline,B1,0.7430713176727295,0.5379086334813773,0.620066559485255,12895.806640625,12200.0,0.03833428770303726,0.33922693133354187,0.36551013588905334,0.0,12,0,1,1,,,0,0,0,00011101|00011101|00011101|00011101|00011101|00011101|00011101|00011101|00011101|00011101|00011101|00011101|00011101|00011101|00011101|00011101|00011101|00011101|00011101|00011101,1,5
71,1,baseline,B2,1.1232454776763916,0.4585059575901902,0.7797819937164024,18230.802734375,18920.0,0.036319829523563385,0.6635791063308716,0.12183671444654465,0.3015097975730896,4,30,5,11,,,30,30,0,00010111|10011001|10011001|00111001|10011001|10011001|10011001|00011101|00001111|00001111|00001111|01001011|01010101|10111000|10111000|01110100|11110000|11110000|11110000|11110000,12,10
71,2,baseline,B3,0.9191103577613831,0.5580994742368498,0.5832180632472329,19500.0,19500.0,0.093780018389225,0.6632922887802124,0.12183671444654465,0.04020130634307861,4,4,2,3,,,4,4,0,01100110|01100110|01100110|01100110|01100110|01100110|01000111|01000111|01000111|01000111|01000111|01000111|01000111|01000111|01000111|01000111|01000111|00001111|00001111|00001111,6,1
71,3,baseline,B4,0.8790541887283325,0.5078896890378937,0.6774910025468023,15813.724609375,16600.0,0.055185481905937195,0.4888177514076233,0.33505094051361084,0.0,11,0,2,1,,,0,0,0,00001111|00001111|00001111|00001111|00001111|00001111|00001111|00001111|00001111|00001111|00001111|00001111|00001111|00001111|00001111|00001111|00001111|00001111|00001111|00001111,4,6
71,4,perturb,B1p0,0.892291784286499,0.4897070418151556,0.7139479405219235,15384.615234375,15200.0,0.04227006807923317,0.45405250787734985,0.39596930146217346,0.0,13,0,1,1,B1,C,0,0,0,00111001|00111001|00111001|00111001|00111001|00111001|00111001|00111001|00111001|00111001|00111001|00111001|00111001|00111001|00111001|00111001|00111001|00111001|00111001|00111001,5,7
71,5,perturb,B1p1,0.7526425719261169,0.5513259587373344,0.5954290680859338,13774.388671875,14040.0,0.04838775843381882,0.3996630609035492,0.3045917749404907,0.0,10,0,2,1,B1,C,0,0,0,10001101|10001101|10001101|10001101|10001101|10001101|10001101|10001101|10001101|10001101|10001101|10001101|10001101|10001101|10001101|10001101|10001101|10001101|10001101|10001101,2,2
71,6,perturb,B2p0,1.1188455820083618,0.45817628755817824,0.7805012615935094,18230.802734375,18920.0,0.03671995550394058,0.6587791442871094,0.12183671444654465,0.3015097975730896,4,30,5,11,B2,B,30,30,0,00010111|10011001|10011001|00111001|10011001|10011001|10011001|00011101|00011101|00001111|00001111|01001011|01010101|10111000|10111000|01110100|11110000|11110000|11110000|11110000,11,11
71,7,perturb,B2p1,1.117538332939148,0.45909609995622813,0.7784957227396755,18230.802734375,19520.0,0.03555022180080414,0.6586416959762573,0.12183671444654465,0.3015097975730896,4,30,5,11,B2,B,30,30,0,00010111|10011001|10011001|00111001|10011001|10011001|00011101|00011101|00001111|00001111|00001111|01001011|01010101|10111000|10111000|01110100|11110000|11110000|11110000|11110000,10,9
71,8,perturb,B3p0,0.9341842532157898,0.5399467228000525,0.6162848057725653,19500.0,19500.0,0.09224081039428711,0.6494461297988892,0.15229588747024536,0.04020130634307861,5,4,1,3,B3,B,4,4,0,01100110|01100110|01100110|01100110|01100110|01100110|01100110|01000111|01000111|01000111|01000111|01000111|01000111|01000111|01000111|01000111|01000111|00001111|00001111|00001111,7,4
71,9,perturb,B3p1,0.9754247069358826,0.5424096345474271,0.6117337797050298,19500.0,19500.0,0.08876748383045197,0.694159984588623,0.15229588747024536,0.04020130634307861,5,4,2,3,B3,B,4,4,0,01100110|01100110|01100110|01100110|01100110|01100110|01000111|01000111|01000111|01000111|01000111|01000111|01000111|01000111|01000111|01000111|01000111|01000111|00001111|00001111,8,3
71,10,random,R0.0,1.044525384902954,0.4495468975248514,0.7995150978656788,17500.0,17500.0,0.057840496301651,0.56025630235672,0.4264284670352936,0.0,14,0,1,1,,,,0,,01100011|01100011|01100011|01100011|01100011|01100011|01100011|01100011|01100011|01100011|01100011|01100011|01100011|01100011|01100011|01100011|01100011|01100011|01100011|01100011,9,12
71,11,random,R0.0,1.124025583267212,0.39732931075042477,0.9229898440264724,17500.0,17620.0,0.031821683049201965,0.5134795904159546,0.5787243843078613,0.0,19,0,1,1,,,,0,,11100001|11100001|11100001|11100001|11100001|11100001|11100001|11100001|11100001|11100001|11100001|11100001|11100001|11100001|11100001|11100001|11100001|11100001|11100001|11100001,13,14
71,12,random,R0.1,1.1819993257522583,0.41392909134717487,0.8820605967655838,21500.0,22300.0,0.06982024013996124,0.6967254281044006,0.33505094051361084,0.08040261268615723,11,8,2,5,,,,8,,01101010|01101010|01101010|01100011|01100011|01100011|01100011|01100011|01100011|01100011|01100011|01100011|01000111|01000111|01000111|01000111|01000111|01000111|01001110|01101010,14,13
71,13,random,R0.1,0.8698599338531494,0.47354010683519787,0.74751866701765,14895.806640625,14000.0,0.02870933897793293,0.37452077865600586,0.42642849683761597,0.04020130634307861,14,4,1,3,,,,4,,00111100|00011101|00011101|00011101|00011101|00011101|00011101|00011101|00011101|00011101|00011101|00011101|00011101|00011101|00011101|00011101|00011101|00011101|00111100|00111100,3,8
71,14,random,R0.5,1.3273104429244995,0.3192995813869539,1.1416254902959153,24000.0,24820.0,0.027086379006505013,0.591153621673584,0.5482652187347412,0.16080522537231445,18,16,3,9,,,,16,,01010011|01010011|11010010|10011010|10011010|10011010|11011000|11011000|01011100|01011100|10011100|00011101|00011101|00011101|00011101|00011101|00101101|00101101|00110101|00110101,15,16
71,15,random,R0.5,1.366332769393921,0.37571720065846215,0.9789185444891831,23807.69140625,23800.0,0.054352227598428726,0.7856651544570923,0.36551013588905334,0.16080522537231445,12,16,2,9,,,,16,,10100101|10100101|10001101|10001011|10011010|10011010|10111000|10111000|10111000|00111010|00111010|00111010|00111010|00111010|00111010|00111010|00110011|10100011|01100011|01100011,16,15
72,0,baseline,B1,0.5238663554191589,0.6709938612336773,0.39899529073534895,9442.35546875,9040.0,0.048694293946027756,0.2314986288547516,0.2436734288930893,0.0,8,0,1,1,,,0,0,0,00101101|00101101|00101101|00101101|00101101|00101101|00101101|00101101|00101101|00101101|00101101|00101101|00101101|00101101|00101101|00101101|00101101|00101101|00101101|00101101,2,2
72,1,baseline,B2,1.8301841020584106,0.2977128368549522,1.2116258917860803,27297.73828125,29540.0,0.03272748738527298,0.9909648299217224,0.2436734288930893,0.5628182888031006,8,56,2,19,,,56,56,0,01000111|10100101|11100001|10101100|01101100|00101101|10001101|00101101|11000101|01000111|11000101|00001111|00100111|00100111|00111001|01010011|10001011|01100011|00001111|01010011,16,14
72,2,baseline,B3,0.5169888138771057,0.6889475120519831,0.3725901907658393,10942.35546875,10700.0,0.05517483502626419,0.2894175052642822,0.15229588747024536,0.020100653171539307,5,2,3,2,,,2,2,0,10001101|10001101|10001101|10001101|10001101|10001101|10001101|10001101|10001101|10001101|10001101|10001101|10001101|10001101|10001101|11001100|11001100|11001100|11001100|11001100,1,1
72,3,baseline,B4,0.7738329768180847,0.5559804059741795,0.5870222264061692,13176.724609375,12920.0,0.04271187260746956,0.36561092734336853,0.36551013588905334,0.0,12,0,1,1,,,0,0,0,00001111|00001111|00001111|00001111|00001111|00001111|00001111|00001111|00001111|00001111|00001111|00001111|00001111|00001111|00001111|00001111|00001111|00001111|00001111|00001111,6,6
72,4,perturb,B1p0,0.528749942779541,0.6633253540796182,0.41048967902975914,9403.8935546875,9740.0,0.044617392122745514,0.2099999487400055,0.2741326093673706,0.0,9,0,2,1,B1,C,0,0,0,10101001|10101001|10101001|10101001|10101001|10101001|10101001|10101001|10101001|10101001|10101001|10101001|10101001|10101001|10101001|10101001|10101001|10101001|10101001|10101001,3,3
72,5,perturb,B1p1,0.7952653765678406,0.5467823189824713,0.6037045100931995,13060.0,13060.0,0.051429927349090576,0.3783252239227295,0.36551013588905334,0.0,12,0,1,1,B1,C,0,0,0,01100101|01100101|01100101|01100101|01100101|01100101|01100101|01100101|01100101|01100101|01100101|01100101|01100101|01100101|01100101|01100101|01100101|01100101|01100101|01100101,7,7
72,6,perturb,B2p0,1.8257840871810913,0.2972185829394782,1.213287441378986,27297.73828125,29540.0,0.03312761336565018,0.9861646890640259,0.2436734288930893,0.5628182888031006,8,56,2,19,B2,B,56,56,0,01000111|10100101|11100001|10101100|01101100|00101101|10001101|00101101|11000101|01000111|11000101|00001111|00001111|00100111|00111001|01010011|10001011|01100011|00001111|01010011,15,15
72,7,perturb,B2p1,1.78665030002594,0.2958793564931386,1.2178034871562147,26297.73828125,29140.0,0.030857007950544357,0.9389430284500122,0.2741326093673706,0.5427176356315613,9,54,3,18,B2,B,56,54,-2,01000111|10100101|11100001|10101100|01101100|00101101|10001101|00101101|11000101|01000111|11000101|00100111|00100111|00100111|00111001|01010011|10001011|01100011|00001111|01010011,14,16
72,8,perturb,B3p0,0.53305584192276,0.659571310679346,0.4161651842709101,10942.35546875,11200.0,0.05330435559153557,0.2768957316875458,0.18275506794452667,0.020100653171539307,6,2,3,2,B3,B,2,2,0,10001101|10001101|10001101|10001101|10001101|10001101|10001101|10001101|10001101|10001101|10001101|10001101|10001101|10001101|10001101|10001101|11001100|11001100|11001100|11001100,4,4
72,9,perturb,B3p1,0.5638560652732849,0.6380959394438888,0.44926663163867897,10942.35546875,11080.0,0.04883250594139099,0.2817087173461914,0.21321424841880798,0.020100653171539307,7,2,3,2,B3,B,2,2,0,10001101|10001101|10001101|10001101|10001101|10001101|10001101|10001101|10001101|10001101|10001101|10001101|10001101|10001101|11001100|11001100|11001100|11001100|11001100|11001100,5,5
72,10,random,R0.0,0.8280009627342224,0.5271276289565106,0.6403125795785294,13560.0,13560.0,0.045606356114149094,0.38642528653144836,0.39596930146217346,0.0,13,0,1,1,,,,0,,11100100|11100100|11100100|11100100|11100100|11100100|11100100|11100100|11100100|11100100|11100100|11100100|11100100|11100100|11100100|11100100|11100100|11100100|11100100|11100100,8,8
72,11,random,R0.0,0.9865865111351013,0.5051601487474842,0.6828797737480305,15961.5380859375,16300.0,0.041525501757860184,0.45771417021751404,0.4873468279838562,0.0,16,0,1,1,,,,0,,10110001|10110001|10110001|10110001|10110001|10110001|10110001|10110001|10110001|10110001|10110001|10110001|10110001|10110001|10110001|10110001|10110001|10110001|10110001|10110001,9,9
72,12,random,R0.1,1.055060625076294,0.4530050966236576,0.7918519027375418,16560.0,17040.0,0.04381893575191498,0.4836934506893158,0.4873468279838562,0.04020130634307861,16,4,1,3,,,,4,,01001110|01001110|01001110|01000111|01000111|01100011|01100011|01100011|01100011|01100011|01100011|01100011|01100011|01100011|01100011|01100011|01100011|01100011|01100011|01100011,10,12
72,13,random,R0.1,1.0645639896392822,0.4612206618443245,0.7738786914078942,17520.0,17520.0,0.04234624654054642,0.494669646024704,0.4873468577861786,0.04020130634307861,16,4,1,3,,,,4,,01011001|01011001|01011001|01011001|01011001|01011001|01011001|01111000|01111000|01101100|01101100|01101100|01101100|01101100|01101100|01101100|01101100|01101100|01101100|01101100,11,11
72,14,random,R0.5,1.068219542503357,0.46380962340090204,0.7682811053442649,18439.4765625,20320.0,0.04814605414867401,0.5339594483375549,0.36551013588905334,0.12060391902923584,12,12,1,7,,,,12,,10100110|10100110|00100111|00100111|00110011|00110011|10100011|11100001|11100001|11100001|11100001|10110001|10110001|00110011|00110011|00110011|00110011|00110011|00110011|00110011,12,10
72,15,random,R0.5,1.2963950634002686,0.3894129723138301,0.9431148730040848,20370.046875,22520.0,0.038846563547849655,0.670314610004425,0.42642849683761597,0.16080522537231445,14,16,1,9,,,,16,,01101100|01101010|01101100|01101100|01101100|10101100|10101100|10100110|10100101|11100001|11100001|01100101|01100110|01100110|01100110|01100110|01100110|01100110|01100110|01100110,13,13
73,0,baseline,B1,0.7096543908119202,0.6085610414212809,0.4966580570067929,12762.62109375,12020.0,0.03080030158162117,0.3742622435092926,0.3045917749404907,0.0,10,0,1,1,,,0,0,0,01100101|01100101|01100101|01100101|01100101|01100101|01100101|01100101|01100101|01100101|01100101|01100101|01100101|01100101|01100101|01100101|01100101|01100101|01100101|01100101,4,4
73,1,baseline,B2,1.0832669734954834,0.5240184184251008,0.6462284456126071,17573.73828125,19300.0,0.029581865295767784,0.6912569999694824,0.060918357223272324,0.3015097975730896,2,30,3,12,,,30,30,0,01001011|01011001|01011001|01011001|01011001|01111000|01101001|01110001|11000110|01001011|01001011|01001011|01001011|10100011|10100011|00100111|01100101|00110101|00110101|10110100,12,10
73,2,baseline,B3,0.64180988073349,0.6780472850093282,0.38853825157193084,14369.775390625,15700.0,0.06747055053710938,0.47321972250938416,0.060918357223272324,0.04020130634307861,2,4,3,3,,,4,4,0,10100011|10100011|10100011|10100011|10100011|10100011|01100011|01100011|01100011|01100011|01100011|01100011|01100011|01110001|01110001|01110001|01110001|01110001|01110001|01110001,1,2
73,3,baseline,B4,0.7551516890525818,0.5948518468284093,0.5194429013684322,13000.0,13640.0,0.03299226239323616,0.38710838556289673,0.33505094051361084,0.0,11,0,2,1,,,0,0,0,00001111|00001111|00001111|00001111|00001111|00001111|00001111|00001111|00001111|00001111|00001111|00001111|00001111|00001111|00001111|00001111|00001111|00001111|00001111|00001111,5,5
73,4,perturb,B1p0,0.7903455495834351,0.5300779353930529,0.6347312353350333,12594.384765625,13240.0,0.021290607750415802,0.3426264524459839,0.42642849683761597,0.0,14,0,3,1,B1,C,0,0,0,01001101|01001101|01001101|01001101|01001101|01001101|01001101|01001101|01001101|01001101|01001101|01001101|01001101|01001101|01001101|01001101|01001101|01001101|01001101|01001101,7,9
73,5,perturb,B1p1,0.8976511359214783,0.5398191883138246,0.6165210319499401,15750.76953125,16320.0,0.04253321886062622,0.5200669765472412,0.33505094051361084,0.0,11,0,1,1,B1,C,0,0,0,11100100|11100100|11100100|11100100|11100100|11100100|11100100|11100100|11100100|11100100|11100100|11100100|11100100|11100100|11100100|11100100|11100100|11100100|11100100|11100100,8,8
73,6,perturb,B2p0,1.0158202648162842,0.5490128482380576,0.5996334347627404,16573.73828125,17500.0,0.034594401717185974,0.6492570042610168,0.030459178611636162,0.3015097975730896,1,30,3,11,B2,B,30,30,0,01001011|01011001|01011001|01011001|01011001|01111000|01101001|01110001|11000110|01001011|01001011|01001011|01001011|10100011|10100011|01100101|01100101|00110101|00110101|10110100,10,7
73,7,perturb,B2p1,1.0678962469100952,0.5200703248135539,0.6537912365247068,17112.201171875,19100.0,0.02727304771542549,0.6678365468978882,0.09137753397226334,0.2814091444015503,3,28,3,11,B2,B,30,28,-2,01001011|01011001|01011001|01011001|01011001|01101001|01101001|01110001|11000110|01001011|01001011|01001011|01001011|10100011|10100011|00100111|01100101|00110101|00110101|10110100,11,11
73,8,perturb,B3p0,0.6672565340995789,0.6643378102301005,0.40896450852874777,14369.775390625,15300.0,0.062458015978336334,0.47321972250938416,0.09137753397226334,0.04020130634307861,3,4,3,3,B3,B,4,4,0,10100011|10100011|10100011|10100011|10100011|01100011|01100011|01100011|01100011|01100011|01100011|01100011|01100011|01110001|01110001|01110001|01110001|01110001|01110001|01110001,3,3
73,9,perturb,B3p1,0.6621299386024475,0.6817945715866494,0.3830268811952615,14849.775390625,15400.0,0.06787067651748657,0.49313968420028687,0.060918357223272324,0.04020130634307861,2,4,3,3,B3,B,4,4,0,10100011|10100011|10100011|10100011|10100011|10100011|01100011|01100011|01100011|01100011|01100011|01100011|01110001|01110001|01110001|01110001|01110001|01110001|01110001|01110001,2,1
73,10,random,R0.0,0.9439186453819275,0.5090687603879529,0.6751721823845038,15750.76953125,16320.0,0.04093237221240997,0.5070169568061829,0.39596930146217346,0.0,13,0,1,1,,,,0,,11100010|11100010|11100010|11100010|11100010|11100010|11100010|11100010|11100010|11100010|11100010|11100010|11100010|11100010|11100010|11100010|11100010|11100010|11100010|11100010,9,12
73,11,random,R0.0,0.7820415496826172,0.5808125824302304,0.5433271517423157,12957.46875,12800.0,0.026107897982001305,0.3599642813205719,0.3959692716598511,0.0,13,0,1,1,,,,0,,00110110|00110110|00110110|00110110|00110110|00110110|00110110|00110110|00110110|00110110|00110110|00110110|00110110|00110110|00110110|00110110|00110110|00110110|00110110|00110110,6,6
73,12,random,R0.1,1.3032675981521606,0.4460222569056381,0.8073864248313348,19500.0,21500.0,0.022823363542556763,0.7431538105010986,0.4568876326084137,0.08040261268615723,15,8,1,5,,,,8,,11100100|11100100|11100100|11100100|10100110|10100110|10100110|10100110|10000111|10100011|10100011|10100011|10100011|10100011|10100011|10100011|10100011|10100101|10100101|10100101,14,14
73,13,random,R0.1,1.2041161060333252,0.4515607751301642,0.7950453080295321,18892.30859375,19600.0,0.027192648500204086,0.6700922846794128,0.42642849683761597,0.08040261268615723,14,8,0,5,,,,8,,00111010|00111010|00111010|00111010|00111010|00111010|00011110|00011011|00011011|00011011|00011011|00011011|00011011|00011011|00011011|01001011|01101001|01101001|01101001|01101001,13,13
73,14,random,R0.5,1.488004207611084,0.3251333567164856,1.1235198524556413,24969.578125,27800.0,0.02197680063545704,0.7776739597320557,0.4873468577861786,0.20100653171539307,16,20,2,11,,,,20,,10111000|11101000|11101000|11101000|11100001|01101001|01101001|01101001|01101001|01101001|11101000|11100010|11100010|11001010|10001110|11001100|10001101|10001101|10010101|10010101,16,16
73,15,random,R0.5,1.4755675792694092,0.3825241512025477,0.9609634873100001,24578.4609375,26120.0,0.032713260501623154,0.8562368154525757,0.36551013588905334,0.22110718488693237,12,22,0,12,,,,22,,11000101|01010101|01000111|00010111|00010111|00010111|00010111|00011011|00011011|10010011|10010110|11000110|11000110|11000110|11000110|11010010|11000110|11100100|11000110|11000110,15,15
74,0,baseline,B1,0.9265355467796326,0.46657820719781196,0.7623296260195955,15807.6923828125,15800.0,0.04992954060435295,0.3892592191696167,0.4873468279838562,0.0,16,0,3,1,,,0,0,0,10111000|10111000|10111000|10111000|10111000|10111000|10111000|10111000|10111000|10111000|10111000|10111000|10111000|10111000|10111000|10111000|10111000|10111000|10111000|10111000,1,4
74,1,baseline,B2,1.3902432918548584,0.41048254544276763,0.8904218712305283,24055.779296875,25000.0,0.06134381890296936,0.8556095361709595,0.09137753397226334,0.3819124102592468,3,38,5,16,,,38,38,0,01001011|10110001|11100001|11100100|11100100|10101100|10101100|10100101|10110001|10110001|00111001|01110001|10110001|00010111|10110001|10011001|11011000|01111000|01111000|01011001,12,7
74,2,baseline,B3,0.9318368434906006,0.49861678840234563,0.695917437375812,16186.611328125,16520.0,0.07190963625907898,0.5047755241394043,0.33505094051361084,0.020100653171539307,11,2,5,2,,,2,2,0,10100101|10100101|10100101|10100101|10100101|10100101|10100101|10100101|10100101|10100101|00100111|00100111|00100111|00100111|00100111|00100111|00100111|00100111|00100111|00100111,2,1
74,3,baseline,B4,1.1352027654647827,0.3862281091035355,0.9513271278363987,17500.0,17500.0,0.058864470571279526,0.4976140260696411,0.5787243247032166,0.0,19,0,0,1,,,0,0,0,00001111|00001111|00001111|00001111|00001111|00001111|00001111|00001111|00001111|00001111|00001111|00001111|00001111|00001111|00001111|00001111|00001111|00001111|00001111|00001111,9,11
74,4,perturb,B1p0,0.9981088042259216,0.42768182322686676,0.8493757635374212,15576.9228515625,15900.0,0.04279560595750809,0.37658870220184326,0.5787243843078613,0.0,19,0,3,1,B1,C,0,0,0,00111001|00111001|00111001|00111001|00111001|00111001|00111001|00111001|00111001|00111001|00111001|00111001|00111001|00111001|00111001|00111001|00111001|00111001|00111001|00111001,7,6
74,5,perturb,B1p1,0.9950002431869507,0.404904097017783,0.9041050374035051,15533.7177734375,15220.0,0.03925035521388054,0.3465662896633148,0.6091835498809814,0.0,20,0,3,1,B1,C,0,0,0,10101100|10101100|10101100|10101100|10101100|10101100|10101100|10101100|10101100|10101100|10101100|10101100|10101100|10101100|10101100|10101100|10101100|10101100|10101100|10101100,6,8
74,6,perturb,B2p0,1.406145453453064,0.4000621125758103,0.9161354624895441,23671.1640625,24800.0,0.05941980332136154,0.8429763913154602,0.12183671444654465,0.3819124102592468,4,38,5,15,B2,B,38,38,0,01001011|10110001|10110001|11100100|11100100|10101100|10101100|10100101|10110001|10110001|00111001|01110001|10110001|00010111|10110001|10011001|11011000|01111000|01111000|01011001,13,9
74,7,perturb,B2p1,1.4173588752746582,0.39222772142350226,0.9359126858628091,24132.701171875,25800.0,0.05903500318527222,0.8545749187469482,0.12183671444654465,0.3819124102592468,4,38,5,16,B2,B,38,38,0,01001011|10110001|11100001|11100001|11100100|10101100|10101100|10100101|10110001|10110001|00111001|01110001|10110001|00010111|10110001|10011001|11011000|01111000|01111000|01011001,14,10
74,8,perturb,B3p0,0.9551790952682495,0.4796798666518425,0.7346363420619336,16186.611328125,16540.0,0.06883121281862259,0.5007371306419373,0.36551010608673096,0.020100653171539307,12,2,4,2,B3,B,2,2,0,10100101|10100101|10100101|10100101|10100101|10100101|10100101|10100101|10100101|00100111|00100111|00100111|00100111|00100111|00100111|00100111|00100111|00100111|00100111|00100111,4,2
74,9,perturb,B3p1,0.9483771324157715,0.4711145322065343,0.7526540463595663,16186.611328125,16520.0,0.06502662599086761,0.46728044748306274,0.39596930146217346,0.020100653171539307,13,2,3,2,B3,B,2,2,0,10100101|10100101|10100101|10100101|10100101|10100101|10100101|10100101|10100101|10100101|10100101|00100111|00100111|00100111|00100111|00100111|00100111|00100111|00100111|00100111,3,3
74,10,random,R0.0,0.9908124804496765,0.45040320704308207,0.7976120817488759,16346.1533203125,16000.0,0.055086057633161545,0.44837963581085205,0.4873468279838562,0.0,16,0,1,1,,,,0,,01111000|01111000|01111000|01111000|01111000|01111000|01111000|01111000|01111000|01111000|01111000|01111000|01111000|01111000|01111000|01111000|01111000|01111000|01111000|01111000,5,5
74,11,random,R0.0,1.094912052154541,0.3652760575057369,1.007101889333424,16384.615234375,17300.0,0.043555229902267456,0.4117140769958496,0.6396427750587463,0.0,21,0,1,1,,,,0,,01011100|01011100|01011100|01011100|01011100|01011100|01011100|01011100|01011100|01011100|01011100|01011100|01011100|01011100|01011100|01011100|01011100|01011100|01011100|01011100,8,12
74,12,random,R0.1,1.348829746246338,0.36228815456726404,1.015315376710098,19846.15234375,20000.0,0.03271699324250221,0.6466273069381714,0.6091835498809814,0.06030195951461792,20,6,2,4,,,,6,,11100001|11100001|11100001|11100001|11100001|11110000|11110000|11110000|11110000|11110000|01110001|01110001|01110001|11010001|11010001|11010001|11010001|11010001|11010001|11010001,11,13
74,13,random,R0.1,1.2079036235809326,0.35117781105902635,1.0464625995729857,18500.0,19000.0,0.04662320390343666,0.4710777997970581,0.6701019406318665,0.020100653171539307,22,2,1,2,,,,2,,00101011|00101011|00101011|00101011|00101011|00101011|00101011|00101011|00101011|00101011|00101011|00101011|00101011|00101011|00101011|00101011|00110011|00110011|00110011|00110011,10,14
74,14,random,R0.5,1.4758723974227905,0.28715169627910453,1.2477446443965596,27346.15234375,29000.0,0.08347288519144058,0.7649645209312439,0.4264284670352936,0.20100653171539307,14,20,0,11,,,,20,,11010001|01011001|01011001|01010011|01010011|01011001|01011001|01011100|01011100|01011100|01111000|11110000|11101000|11101000|11100001|11100001|01100011|01100011|01100011|00100111,15,16
74,15,random,R0.5,1.5153288841247559,0.3465599578878644,1.0596994366842218,24500.0,25600.0,0.0612114854156971,0.8565250635147095,0.4568876624107361,0.14070457220077515,15,14,3,8,,,,14,,10011100|10011100|10001110|10101010|10101010|10110010|10110010|10110010|10110010|10110010|10110010|10110010|11100010|11010010|11010010|01011010|01011010|01011010|01011010|01110010,16,15
75,0,baseline,B1,0.7028244137763977,0.5596110445218685,0.5805132999276228,11884.615234375,12300.0,0.03375973552465439,0.30355459451675415,0.36551010608673096,0.0,12,0,3,1,,,0,0,0,11100100|11100100|11100100|11100100|11100100|11100100|11100100|11100100|11100100|11100100|11100100|11100100|11100100|11100100|11100100|11100100|11100100|11100100|11100100|11100100,2,5
75,1,baseline,B2,1.4363585710525513,0.3658375336019172,1.0055659413948477,21101.283203125,24500.0,0.03457740694284439,0.7774282693862915,0.12183671444654465,0.5025163292884827,4,50,5,16,,,50,50,0,00001111|10001110|10001110|11000110|11000110|10001011|10010101|01100011|00110101|01111000|01001110|01011100|10100101|01100101|01100101|10100101|10100101|11110000|10111000|11110000,14,14
75,2,baseline,B3,0.740073561668396,0.6413706081526482,0.4441478172934068,16000.0,16000.0,0.08236061036586761,0.5261340737342834,0.09137753397226334,0.04020130634307861,3,4,1,3,,,4,4,0,00011101|00011101|00011101|00011101|00011101|00011101|00011101|00011101|00011101|00111100|00111100|00111100|00111100|00111100|00011110|00011110|00011110|00011110|00011110|00011110,3,2
75,3,baseline,B4,0.9983079433441162,0.47804167823160065,0.7380573573386262,15460.869140625,15800.0,0.0376410111784935,0.442860871553421,0.5178059935569763,0.0,17,0,1,1,,,0,0,0,00001111|00001111|00001111|00001111|00001111|00001111|00001111|00001111|00001111|00001111|00001111|00001111|00001111|00001111|00001111|00001111|00001111|00001111|00001111|00001111,10,10
75,4,perturb,B1p0,0.8160279989242554,0.5336744043195452,0.6279693557213932,14500.0,14500.0,0.04400143772363663,0.4369755685329437,0.3350509703159332,0.0,11,0,2,1,B1,C,0,0,0,11100010|11100010|11100010|11100010|11100010|11100010|11100010|11100010|11100010|11100010|11100010|11100010|11100010|11100010|11100010|11100010|11100010|11100010|11100010|11100010,6,7
75,5,perturb,B1p1,0.915400505065918,0.47831749310072974,0.7374805554737122,14000.0,14000.0,0.02681039460003376,0.3707840144634247,0.5178060531616211,0.0,17,0,1,1,B1,C,0,0,0,11101000|11101000|11101000|11101000|11101000|11101000|11101000|11101000|11101000|11101000|11101000|11101000|11101000|11101000|11101000|11101000|11101000|11101000|11101000|11101000,8,9
75,6,perturb,B2p0,1.3723580837249756,0.37207346994111556,0.9886639443678082,20101.283203125,24300.0,0.03497753292322159,0.7331282496452332,0.12183671444654465,0.48241567611694336,4,48,5,15,B2,B,50,48,-2,00001111|10001110|10001110|11000110|11000110|10001011|10010101|01100011|00110101|01001110|01001110|01011100|10100101|01100101|01100101|10100101|10100101|11110000|10111000|11110000,12,12
75,7,perturb,B2p1,1.4187856912612915,0.3616943210727006,1.0169558408034083,20716.66796875,24900.0,0.03305351734161377,0.7510206699371338,0.15229588747024536,0.48241567611694336,5,48,6,15,B2,B,50,48,-2,00001111|10001110|10001110|11000110|11000110|10001011|10010101|01100011|00110101|01111000|01001110|01011100|10100101|01100101|01100101|10100101|10100101|10100101|10111000|11110000,13,15
75,8,perturb,B3p0,0.7782629728317261,0.6214570132301187,0.47568853658577964,16000.0,16000.0,0.07734806835651398,0.5388768315315247,0.12183671444654465,0.04020130634307861,4,4,1,3,B3,B,4,4,0,00011101|00011101|00011101|00011101|00011101|00011101|00011101|00011101|00011101|00111100|00111100|00111100|00111100|00111100|00111100|00011110|00011110|00011110|00011110|00011110,5,3
75,9,perturb,B3p1,0.7400736808776855,0.6425044910818991,0.4423814722264543,16000.0,16000.0,0.08236061036586761,0.5261340737342834,0.09137753397226334,0.04020130634307861,3,4,1,3,B3,B,4,4,0,00011101|00011101|00011101|00011101|00011101|00011101|00011101|00011101|00011101|00111100|00111100|00111100|00111100|00011110|00011110|00011110|00011110|00011110|00011110|00011110,4,1
75,10,random,R0.0,0.696804404258728,0.571641967486277,0.5592424145469574,11596.2548828125,11320.0,0.03704514726996422,0.29424914717674255,0.36551010608673096,0.0,12,0,1,1,,,,0,,10100101|10100101|10100101|10100101|10100101|10100101|10100101|10100101|10100101|10100101|10100101|10100101|10100101|10100101|10100101|10100101|10100101|10100101|10100101|10100101,1,4
75,11,random,R0.0,0.9442762136459351,0.5177354875778305,0.6582908088861893,16000.0,16000.0,0.04825446754693985,0.5000525116920471,0.39596930146217346,0.0,13,0,2,1,,,,0,,11010010|11010010|11010010|11010010|11010010|11010010|11010010|11010010|11010010|11010010|11010010|11010010|11010010|11010010|11010010|11010010|11010010|11010010|11010010|11010010,9,8
75,12,random,R0.1,1.0219523906707764,0.44998124437813936,0.7985493762460623,15573.521484375,16900.0,0.032865971326828,0.4919974207878113,0.4568876624107361,0.04020130634307861,15,4,0,3,,,,4,,01100101|01100101|01100101|01100101|01100101|01100101|01100101|01100110|01100110|01100110|01100110|01100110|01100110|01100110|01100110|01100110|01100110|01100110|01001110|01001110,11,11
75,13,random,R0.1,0.8763042092323303,0.5396299164350707,0.6168717143116389,14573.521484375,14500.0,0.05905494838953018,0.45173922181129456,0.36551010608673096,0.0,12,0,1,1,,,,0,,01011010|01011010|01011010|01011010|01011010|01011010|01011010|01011010|01011010|01011010|01011010|01011010|01011010|01011010|01011010|01011010|01011010|01011010|01011010|01011010,7,6
75,14,random,R0.5,1.4777295589447021,0.32803625958913696,1.1146311291800644,25000.0,26500.0,0.03689764440059662,0.7725791931152344,0.4873468577861786,0.18090587854385376,16,18,1,10,,,,18,,10011010|10110010|10110100|10110100|10110100|10110100|00110110|00100111|00100111|10100011|10100011|10100011|10100011|10100011|00110011|00101011|01100011|01100011|00100111|00100111,15,16
75,15,random,R0.5,1.5759211778640747,0.36689498871994064,1.0026796061498808,25673.177734375,27320.0,0.046253375709056854,0.9534090757369995,0.33505094051361084,0.24120783805847168,11,24,2,13,,,,24,,00011110|00110110|00101110|00001111|00001111|00001111|10000111|10000111|11000101|10010101|10010101|10010101|10010101|11000101|11000011|11000011|11000110|11010100|10010101|11010001,16,13
78,0,baseline,B1,0.653668224811554,0.5794621014035112,0.5456550171269277,11144.681640625,10940.0,0.02534782513976097,0.29326945543289185,0.33505094051361084,0.0,11,0,1,1,,,0,0,0,10001110|10001110|10001110|10001110|10001110|10001110|10001110|10001110|10001110|10001110|10001110|10001110|10001110|10001110|10001110|10001110|10001110|10001110|10001110|10001110,6,6
78,1,baseline,B2,1.3075933456420898,0.3903093140181729,0.940815741339147,20846.287109375,25340.0,0.030048323795199394,0.7744123339653015,0.060918357223272324,0.44221436977386475,2,44,8,17,,,44,44,0,00010111|11010010|11100010|01110010|11001010|11001010|10011010|11001010|11001010|10110100|11001100|11001100|01011100|00111100|00001111|01001101|00001111|10001011|00001111|00101011,13,14
78,2,baseline,B3,0.5575038194656372,0.6473935855557933,0.43480084554681125,10700.0,11700.0,0.051871851086616516,0.33323541283607483,0.15229588747024536,0.020100653171539307,5,2,2,2,,,2,2,0,11101000|11101000|11101000|11101000|11101000|11101000|11101000|11101000|11101000|11101000|10111000|10111000|10111000|10111000|10111000|10111000|10111000|10111000|10111000|10111000,1,2
78,3,baseline,B4,0.6140568256378174,0.6142569992342359,0.48734187288103753,11616.9228515625,11740.0,0.03738866373896599,0.3329947292804718,0.2436734288930893,0.0,8,0,2,1,,,0,0,0,00001111|00001111|00001111|00001111|00001111|00001111|00001111|00001111|00001111|00001111|00001111|00001111|00001111|00001111|00001111|00001111|00001111|00001111|00001111|00001111,4,4
78,4,perturb,B1p0,0.6363662481307983,0.5965914350275316,0.5165227633110592,10833.9130859375,10660.0,0.032809775322675705,0.2989646792411804,0.3045917749404907,0.0,10,0,2,1,B1,C,0,0,0,11001100|11001100|11001100|11001100|11001100|11001100|11001100|11001100|11001100|11001100|11001100|11001100|11001100|11001100|11001100|11001100|11001100|11001100|11001100|11001100,5,5
78,5,perturb,B1p1,0.747617244720459,0.5277364422400677,0.6391582823230259,11393.9130859375,11220.0,0.022791888564825058,0.29839685559272766,0.42642849683761597,0.0,14,0,2,1,B1,C,0,0,0,10101100|10101100|10101100|10101100|10101100|10101100|10101100|10101100|10101100|10101100|10101100|10101100|10101100|10101100|10101100|10101100|10101100|10101100|10101100|10101100,9,9
78,6,perturb,B2p0,1.2660009860992432,0.39157059472784983,0.9375894612170673,19857.53125,23140.0,0.028124310076236725,0.70428466796875,0.09137753397226334,0.44221436977386475,3,44,5,16,B2,B,44,44,0,00010111|11010010|11100010|01110010|11001010|11001010|10011010|11001010|11001010|10110100|11001100|11001100|11001100|00111100|00001111|01001101|00001111|10001011|00001111|00101011,12,13
78,7,perturb,B2p1,1.3112013339996338,0.39214003367577194,0.9361362742179539,20646.287109375,23940.0,0.029047837480902672,0.7686623334884644,0.09137753397226334,0.42211371660232544,3,42,6,16,B2,B,44,42,-2,00010111|11010010|11010010|01110010|11001010|11001010|10011010|11001010|11001010|10110100|11001100|11001100|01011100|00111100|00001111|01001101|00001111|10001011|00001111|00101011,14,12
78,8,perturb,B3p0,0.5867060422897339,0.6411608424890077,0.44447492921788395,10700.0,11200.0,0.04685931280255318,0.33699092268943787,0.18275506794452667,0.020100653171539307,6,2,2,2,B3,B,2,2,0,11101000|11101000|11101000|11101000|11101000|11101000|11101000|11101000|11101000|11101000|11101000|10111000|10111000|10111000|10111000|10111000|10111000|10111000|10111000|10111000,3,3
78,9,perturb,B3p1,0.561903715133667,0.6561708823698469,0.421334032542597,10700.0,11200.0,0.05147172138094902,0.3380354046821594,0.15229588747024536,0.020100653171539307,5,2,3,2,B3,B,2,2,0,11101000|11101000|11101000|11101000|11101000|11101000|11101000|11101000|11101000|10111000|10111000|10111000|10111000|10111000|10111000|10111000|10111000|10111000|10111000|10111000,2,1
78,10,random,R0.0,0.7342372536659241,0.5469003300713291,0.6034887050981803,12433.9130859375,12860.0,0.036621592938899994,0.36256465315818787,0.33505094051361084,0.0,11,0,2,1,,,,0,,11000110|11000110|11000110|11000110|11000110|11000110|11000110|11000110|11000110|11000110|11000110|11000110|11000110|11000110|11000110|11000110|11000110|11000110|11000110|11000110,8,7
78,11,random,R0.0,0.6942840218544006,0.5446761345337624,0.6075639095164539,10644.6826171875,10960.0,0.03789079561829567,0.29088303446769714,0.36551010608673096,0.0,12,0,1,1,,,,0,,11100010|11100010|11100010|11100010|11100010|11100010|11100010|11100010|11100010|11100010|11100010|11100010|11100010|11100010|11100010|11100010|11100010|11100010|11100010|11100010,7,8
78,12,random,R0.1,0.9479314088821411,0.4608396040777522,0.7747052269443427,15220.0,15700.0,0.0266653411090374,0.4546363353729248,0.4264284670352936,0.04020130634307861,14,4,1,3,,,,4,,11001100|10001101|10001101|10001101|10001101|10001101|10001101|10001101|10011001|10011001|10011001|10011001|10011001|10011001|10011001|10011001|10011001|10011001|10011001|10011001,11,11
78,13,random,R0.1,0.7824921607971191,0.5264234718639771,0.6416493105578563,13547.6923828125,13640.0,0.03472565487027168,0.39261481165885925,0.3350509703159332,0.020100653171539307,11,2,1,2,,,,2,,00011110|00011110|00011110|00011110|00011110|00011110|00011110|00011011|00011011|00011011|00011011|00011011|00011011|00011011|00011011|00011011|00011011|00011011|00011011|00011011,10,10
78,14,random,R0.5,1.3513809442520142,0.3227206599070674,1.1309681599497832,22912.30859375,27620.0,0.03075147420167923,0.7139115333557129,0.36551013588905334,0.24120783805847168,12,24,3,13,,,,24,,01101001|01101001|01101001|01111000|01011100|01011100|01001110|01001011|10001011|10001011|10001011|10001011|10001110|00101110|00011110|00101110|01101100|01100110|01100110|00100111,15,16
78,15,random,R0.5,1.3905653953552246,0.3610460841193404,1.018749671956419,23200.0,25500.0,0.05538592115044594,0.8496817350387573,0.3045917749404907,0.18090587854385376,10,18,1,10,,,,18,,01001011|01001011|01001011|01011010|01011010|01010110|01110100|01110001|01110001|01110001|01110001|01110001|01110001|10110001|10110001|10110100|10110010|11010010|11010010|11010100,16,15
79,0,baseline,B1,0.7879605293273926,0.5432085895117542,0.6102618900648914,14073.8505859375,13820.0,0.03785785660147667,0.4150516390800476,0.3350509703159332,0.0,11,0,3,1,,,0,0,0,11100100|11100100|11100100|11100100|11100100|11100100|11100100|11100100|11100100|11100100|11100100|11100100|11100100|11100100|11100100|11100100|11100100|11100100|11100100|11100100,5,9
79,1,baseline,B2,0.9819474220275879,0.5481546585391295,0.6011978082401633,16083.478515625,17500.0,0.04150853306055069,0.6188284754753113,0.0,0.3216104507446289,0,32,5,11,,,32,32,0,00010111|11000101|00101101|01100101|01100101|01100101|10100011|11100010|11100010|11100010|11100010|10110100|11100001|11110000|11110000|11011000|00011101|00011101|00011101|00011101,13,8
79,2,baseline,B3,0.717814564704895,0.5906947278467438,0.5264559299724586,15444.666015625,15420.0,0.06971075385808945,0.4757072329521179,0.15229588747024536,0.020100653171539307,5,2,1,2,,,2,2,0,11010010|11010010|11010010|11010010|11010010|11010010|11100010|11100010|11100010|11100010|11100010|11100010|11100010|11100010|11100010|11100010|11100010|11100010|11100010|11100010,1,1
79,3,baseline,B4,0.8690104484558105,0.5488099162701429,0.6000031337283417,16073.521484375,15900.0,0.059861596673727036,0.5350161790847778,0.2741326093673706,0.0,9,0,2,1,,,0,0,0,00001111|00001111|00001111|00001111|00001111|00001111|00001111|00001111|00001111|00001111|00001111|00001111|00001111|00001111|00001111|00001111|00001111|00001111|00001111|00001111,7,7
79,4,perturb,B1p0,0.9067620635032654,0.5146182107077898,0.6643299916770965,15948.2353515625,16220.0,0.04229848459362984,0.4989534914493561,0.36551013588905334,0.0,12,0,2,1,B1,C,0,0,0,10110100|10110100|10110100|10110100|10110100|10110100|10110100|10110100|10110100|10110100|10110100|10110100|10110100|10110100|10110100|10110100|10110100|10110100|10110100|10110100,9,11
79,5,perturb,B1p1,0.790357232093811,0.5524983948504443,0.5933047508425141,14444.666015625,14420.0,0.045048195868730545,0.4407172203063965,0.3045917749404907,0.0,10,0,1,1,B1,C,0,0,0,11100010|11100010|11100010|11100010|11100010|11100010|11100010|11100010|11100010|11100010|11100010|11100010|11100010|11100010|11100010|11100010|11100010|11100010|11100010|11100010,6,6
79,6,perturb,B2p0,0.9034496545791626,0.5660555131014328,0.5690631259039417,15698.86328125,17720.0,0.03998464345932007,0.5716972947120667,0.030459178611636162,0.261308491230011,1,26,6,10,B2,B,32,26,-6,00010111|11000101|00101101|01100101|01100101|01100101|10100011|11100010|11100010|11100010|11100010|11100010|11100001|11110000|11110000|11011000|00011101|00011101|00011101|00011101,8,3
79,7,perturb,B2p1,1.0520706176757812,0.5287773809164927,0.637187765723177,16770.626953125,18300.0,0.03994351625442505,0.6600574254989624,0.030459178611636162,0.3216104507446289,1,32,5,11,B2,B,32,32,0,00010111|11000101|00101101|01100101|01100101|10100011|10100011|11100010|11100010|11100010|11100010|10110100|11100001|11110000|11110000|11011000|00011101|00011101|00011101|00011101,14,10
79,8,perturb,B3p0,0.7432612180709839,0.5818706374223468,0.5415071284270803,15444.666015625,15420.0,0.0646982192993164,0.4757072329521179,0.18275506794452667,0.020100653171539307,6,2,1,2,B3,B,2,2,0,11010010|11010010|11010010|11010010|11010010|11100010|11100010|11100010|11100010|11100010|11100010|11100010|11100010|11100010|11100010|11100010|11100010|11100010|11100010|11100010,2,2
79,9,perturb,B3p1,0.759888231754303,0.5635757607971723,0.5734535076944468,16060.05078125,16220.0,0.06778673827648163,0.4892457127571106,0.18275506794452667,0.020100653171539307,6,2,1,2,B3,B,2,2,0,11010010|11010010|11010010|11010010|11010010|11010010|11010010|11100010|11100010|11100010|11100010|11100010|11100010|11100010|11100010|11100010|11100010|11100010|11100010|11100010,3,4
79,10,random,R0.0,0.7844514846801758,0.5601364910481991,0.5795747909366104,14500.0,14620.0,0.050736233592033386,0.459582656621933,0.2741326093673706,0.0,9,0,2,1,,,,0,,01100101|01100101|01100101|01100101|01100101|01100101|01100101|01100101|01100101|01100101|01100101|01100101|01100101|01100101|01100101|01100101|01100101|01100101|01100101|01100101,4,5
79,11,random,R0.0,0.9396216869354248,0.4570394509138163,0.7829855659629926,14837.9228515625,14300.0,0.01990058645606041,0.4019150137901306,0.5178059935569763,0.0,17,0,1,1,,,,0,,11001100|11001100|11001100|11001100|11001100|11001100|11001100|11001100|11001100|11001100|11001100|11001100|11001100|11001100|11001100|11001100|11001100|11001100|11001100|11001100,12,14
79,12,random,R0.1,0.9166764616966248,0.5036319910131111,0.6859094541807988,18145.615234375,18220.0,0.05546542629599571,0.5468771457672119,0.2741326093673706,0.04020130634307861,9,4,2,3,,,,4,,11000101|11000101|11000101|11000101|11000101|11000101|11000101|11000101|11000101|11100001|11100001|11100001|11100001|10100011|10100011|10100011|10100011|10100011|10100011|10100011,11,13
79,13,random,R0.1,0.910534679889679,0.5101047107122497,0.6731392592159725,16145.615234375,15900.0,0.044569287449121475,0.5108138918876648,0.3350509703159332,0.020100653171539307,11,2,1,2,,,,2,,01101100|01101100|01101100|01101100|01100101|01100101|01100101|01100101|01100101|01100101|01100101|01100101|01100101|01100101|01100101|01100101|01100101|01100101|01100101|01100101,10,12
79,14,random,R0.5,1.6191976070404053,0.29122748669559306,1.2336505759891918,27635.3828125,28720.0,0.03559732064604759,0.8751460909843445,0.4873468577861786,0.22110718488693237,16,22,0,12,,,,22,,01011100|01011100|01011100|11011000|11011000|11010001|11010001|01010101|11010100|10011100|00011101|01001101|01011001|01011001|01111000|01110010|01110010|00110110|00110110|00110110,16,16
79,15,random,R0.5,1.3709367513656616,0.39355207812119714,0.9325418739573662,23214.064453125,23420.0,0.05811150744557381,0.8474284410476685,0.3045917749404907,0.16080522537231445,10,16,1,9,,,,16,,11010001|11010001|10010011|10010011|10010011|00011011|00011101|00010111|00110110|00110110|00110110|00110110|00110110|00110101|01010101|01010101|01010101|01010101|01100101|01100101,15,15
80,0,baseline,B1,0.5943722128868103,0.5798957600867067,0.5449069155824,10339.607421875,10660.0,0.03386414423584938,0.2254570722579956,0.33505094051361084,0.0,11,0,3,1,,,0,0,0,00101110|00101110|00101110|00101110|00101110|00101110|00101110|00101110|00101110|00101110|00101110|00101110|00101110|00101110|00101110|00101110|00101110|00101110|00101110|00101110,1,5
80,1,baseline,B2,0.9769277572631836,0.48452631173937083,0.7245835421302822,17818.6796875,19320.0,0.038611870259046555,0.5752713084220886,0.12183671444654465,0.24120783805847168,4,24,4,11,,,24,24,0,00100111|00011011|00001111|00001111|00011011|01011010|00011110|00011110|01110100|01011100|01101100|01101100|00101110|00101110|00101110|00101110|00001111|00001111|00001111|00001111,11,11
80,2,baseline,B3,0.6984321475028992,0.6080587504729655,0.49748377261688015,12847.6923828125,12740.0,0.05991257354617119,0.4356639087200165,0.18275506794452667,0.020100653171539307,6,2,1,2,,,2,2,0,00111100|00111100|00111100|00111100|00111100|00111100|00111100|00111100|00111100|00111100|00111100|00111100|00111100|00111100|10110100|10110100|10110100|10110100|10110100|10110100,4,1
80,3,baseline,B4,0.6848858594894409,0.5504995433799282,0.5969291522840003,11720.0,11440.0,0.030185658484697342,0.28919005393981934,0.36551013588905334,0.0,12,0,2,1,,,0,0,0,00001111|00001111|00001111|00001111|00001111|00001111|00001111|00001111|00001111|00001111|00001111|00001111|00001111|00001111|00001111|00001111|00001111|00001111|00001111|00001111,3,6
80,4,perturb,B1p0,0.763530969619751,0.5239501215010267,0.6463587871668975,13561.1455078125,13620.0,0.02974635362625122,0.3682745099067688,0.36551010608673096,0.0,12,0,1,1,B1,C,0,0,0,00011110|00011110|00011110|00011110|00011110|00011110|00011110|00011110|00011110|00011110|00011110|00011110|00011110|00011110|00011110|00011110|00011110|00011110|00011110|00011110,8,7
80,5,perturb,B1p1,0.6450030207633972,0.5841998496069636,0.5375121464626899,11847.6923828125,11740.0,0.04487495496869087,0.32599544525146484,0.2741326093673706,0.0,9,0,1,1,B1,C,0,0,0,00111100|00111100|00111100|00111100|00111100|00111100|00111100|00111100|00111100|00111100|00111100|00111100|00111100|00111100|00111100|00111100|00111100|00111100|00111100|00111100,2,4
80,6,perturb,B2p0,0.9968209862709045,0.4646522190417704,0.7664660692627193,18014.390625,19740.0,0.03707265853881836,0.5662445425987244,0.15229588747024536,0.24120783805847168,5,24,4,11,B2,B,24,24,0,00100111|00011011|00001111|00001111|00011011|01011010|00011110|00011110|01110100|01011100|01101100|01101100|01101100|00101110|00101110|00101110|00001111|00001111|00001111|00001111,12,12
80,7,perturb,B2p1,0.8998865485191345,0.5223782887684556,0.6493632624340089,16818.6796875,17520.0,0.03901199623942375,0.538031280040741,0.12183671444654465,0.20100653171539307,4,20,4,10,B2,B,24,20,-4,00100111|00011011|00001111|00001111|00011011|01011010|00011110|00011110|01011100|01011100|01101100|01101100|00101110|00101110|00101110|00101110|00001111|00001111|00001111|00001111,9,8
80,8,perturb,B3p0,0.7051159143447876,0.5890747749524922,0.5292021510071807,12847.6923828125,12740.0,0.05721895024180412,0.41458213329315186,0.21321424841880798,0.020100653171539307,7,2,1,2,B3,B,2,2,0,00111100|00111100|00111100|00111100|00111100|00111100|00111100|00111100|00111100|00111100|00111100|00111100|00111100|10110100|10110100|10110100|10110100|10110100|10110100|10110100,5,3
80,9,perturb,B3p1,0.723878800868988,0.5926871788045465,0.523088542268872,12847.6923828125,12740.0,0.05490003526210785,0.4356639087200165,0.21321424841880798,0.020100653171539307,7,2,1,2,B3,B,2,2,0,00111100|00111100|00111100|00111100|00111100|00111100|00111100|00111100|00111100|00111100|00111100|00111100|00111100|00111100|00111100|10110100|10110100|10110100|10110100|10110100,6,2
80,10,random,R0.0,1.0137314796447754,0.4445483625178547,0.8106964278817782,17500.0,17500.0,0.05568712204694748,0.5620749592781067,0.39596930146217346,0.0,13,0,0,1,,,,0,,11010100|11010100|11010100|11010100|11010100|11010100|11010100|11010100|11010100|11010100|11010100|11010100|11010100|11010100|11010100|11010100|11010100|11010100|11010100|11010100,13,13
80,11,random,R0.0,0.7475617527961731,0.5154346493368356,0.6627447549738372,12258.4619140625,12220.0,0.03618267551064491,0.3154098093509674,0.39596930146217346,0.0,13,0,2,1,,,,0,,00101011|00101011|00101011|00101011|00101011|00101011|00101011|00101011|00101011|00101011|00101011|00101011|00101011|00101011|00101011|00101011|00101011|00101011|00101011|00101011,7,9
80,12,random,R0.1,0.9124243855476379,0.4856064326351001,0.7223567925471973,15214.064453125,14920.0,0.04585647955536842,0.4504978358745575,0.39596933126449585,0.020100653171539307,13,2,2,2,,,,2,,01010101|01010101|01010101|01010101|01110100|01110100|01110100|01110100|01110100|01110100|01110100|01110100|01110100|01110100|01110100|01110100|01110100|01110100|01110100|01110100,10,10
80,13,random,R0.1,1.0225638151168823,0.4219004358966192,0.8629859266771723,18220.0,18820.0,0.04234632849693298,0.5135876536369324,0.42642849683761597,0.04020130634307861,14,4,2,3,,,,4,,10110010|10110010|10110010|10101010|10101010|10101010|10101010|10101010|10101010|10101010|10101010|10101010|10101010|10101010|10101010|10101010|10101010|10101010|10101010|10001011,14,14
80,14,random,R0.5,1.4424766302108765,0.3405713620297478,1.077130595234681,24120.54296875,24500.0,0.043326303362846375,0.8119165301322937,0.4264284670352936,0.16080522537231445,14,16,1,9,,,,16,,11001001|01001101|01100101|01100101|01100110|01100110|01100110|01100110|10100110|10101100|10101100|10101100|10101100|10100110|10100110|10100110|10110100|10110100|10110100|00110110,15,15
80,15,random,R0.5,1.7537641525268555,0.24554224628334975,1.4042862639315083,29540.0,31500.0,0.04487711191177368,0.960231602191925,0.4873468577861786,0.261308491230011,16,26,0,14,,,,26,,01011001|11011000|10011001|10010101|10010101|10100101|10001101|10001101|01001101|00001111|00001111|00011101|01001101|11001100|11100100|11100100|11010100|11010100|11010100|11110000,16,16
81,0,baseline,B1,0.9663281440734863,0.45128948840218025,0.7956462642392298,15172.568359375,16020.0,0.03515000641345978,0.41337209939956665,0.5178059935569763,0.0,17,0,2,1,,,0,0,0,11011000|11011000|11011000|11011000|11011000|11011000|11011000|11011000|11011000|11011000|11011000|11011000|11011000|11011000|11011000|11011000|11011000|11011000|11011000|11011000,6,6
81,1,baseline,B2,1.3450536727905273,0.41554704589418107,0.8781594439142032,21566.744140625,22400.0,0.04389535263180733,0.7565913200378418,0.18275506794452667,0.3618117570877075,6,36,2,14,,,36,36,0,10001011|11110000|11110000|11010001|01110001|10010011|11001001|11001001|01011010|00111010|10101010|10011010|10011010|10011010|10010011|10010011|10010011|10011001|10010101|11010001,14,11
81,2,baseline,B3,0.8203657865524292,0.5745555143169799,0.5541585556968776,16500.0,17000.0,0.0914882943034172,0.5363802313804626,0.15229588747024536,0.04020130634307861,5,4,1,3,,,4,4,0,10100101|10100101|10100101|10100101|10100101|10100101|10100101|10100101|10100101|10101100|10101100|10101100|10101100|10101100|01101100|01101100|01101100|01101100|01101100|01101100,1,1
81,3,baseline,B4,1.0497829914093018,0.44044885667197603,0.8199609432476694,17000.0,17000.0,0.05682973563671112,0.5056063532829285,0.4873468279838562,0.0,16,0,0,1,,,0,0,0,00001111|00001111|00001111|00001111|00001111|00001111|00001111|00001111|00001111|00001111|00001111|00001111|00001111|00001111|00001111|00001111|00001111|00001111|00001111|00001111,9,8
81,4,perturb,B1p0,0.9902395009994507,0.4420850406918089,0.8162530156556744,16020.0,16020.0,0.03476286306977272,0.4376705288887024,0.5178060531616211,0.0,17,0,2,1,B1,C,0,0,0,11010010|11010010|11010010|11010010|11010010|11010010|11010010|11010010|11010010|11010010|11010010|11010010|11010010|11010010|11010010|11010010|11010010|11010010|11010010|11010010,7,7
81,5,perturb,B1p1,1.05023193359375,0.42997530984118854,0.8440274909170414,16615.384765625,16800.0,0.04797996208071709,0.4844459295272827,0.5178059935569763,0.0,17,0,1,1,B1,C,0,0,0,11001100|11001100|11001100|11001100|11001100|11001100|11001100|11001100|11001100|11001100|11001100|11001100|11001100|11001100|11001100|11001100|11001100|11001100|11001100|11001100,10,10
81,6,perturb,B2p0,1.3406537771224976,0.41351002800541437,0.8830735132878732,21566.744140625,22700.0,0.044295478612184525,0.7517913579940796,0.18275506794452667,0.3618117570877075,6,36,2,14,B2,B,36,36,0,10001011|11110000|11110000|11010001|01110001|10010011|11001001|11001001|01011010|00111010|10101010|10101010|10011010|10011010|10010011|10010011|10010011|10011001|10010101|11010001,13,12
81,7,perturb,B2p1,1.3173935413360596,0.41222931922517225,0.886175484415872,20951.357421875,22200.0,0.04081692919135094,0.7216511964797974,0.21321424841880798,0.3417111039161682,7,34,2,13,B2,B,36,34,-2,10001011|11110000|11110000|11010001|01110001|10010011|11001001|11001001|01011010|00111010|00111010|10011010|10011010|10011010|10010011|10010011|10010011|10011001|10010101|11010001,12,13
81,8,perturb,B3p0,0.8458124399185181,0.5577245888542788,0.5838900068072916,16500.0,17000.0,0.08647575974464417,0.5363802313804626,0.18275506794452667,0.04020130634307861,6,4,1,3,B3,B,4,4,0,10100101|10100101|10100101|10100101|10100101|10100101|10100101|10100101|10101100|10101100|10101100|10101100|10101100|10101100|01101100|01101100|01101100|01101100|01101100|01101100,2,2
81,9,perturb,B3p1,0.8469699621200562,0.5549918543284321,0.588801842229117,16628.005859375,17000.0,0.09033388644456863,0.5336796045303345,0.18275506794452667,0.04020130634307861,6,4,1,3,B3,B,4,4,0,10100101|10100101|10100101|10100101|10100101|10100101|10100101|10100101|10100101|10100101|10101100|10101100|10101100|10101100|01101100|01101100|01101100|01101100|01101100|01101100,3,3
81,10,random,R0.0,0.9483237862586975,0.4881112425420958,0.7172119430781327,16153.845703125,16000.0,0.06674706935882568,0.48560741543769836,0.39596930146217346,0.0,13,0,1,1,,,,0,,01101100|01101100|01101100|01101100|01101100|01101100|01101100|01101100|01101100|01101100|01101100|01101100|01101100|01101100|01101100|01101100|01101100|01101100|01101100|01101100,5,4
81,11,random,R0.0,0.8842407464981079,0.4776583865608207,0.7388594744576906,14038.4609375,14000.0,0.054817017167806625,0.3725360035896301,0.45688769221305847,0.0,15,0,2,1,,,,0,,00101110|00101110|00101110|00101110|00101110|00101110|00101110|00101110|00101110|00101110|00101110|00101110|00101110|00101110|00101110|00101110|00101110|00101110|00101110|00101110,4,5
81,12,random,R0.1,1.1594581604003906,0.3888714314646302,0.9445065003679832,18058.4609375,19320.0,0.02838112972676754,0.512151300907135,0.5787243843078613,0.04020130634307861,19,4,2,3,,,,4,,10101001|10101001|11101000|11101000|10101001|10101001|10101001|10101001|10101001|10101001|10101001|10101001|10101001|10101001|10101001|10101001|10101001|10101001|10101001|10101001,11,14
81,13,random,R0.1,1.0077414512634277,0.4333619489171657,0.8361819904182068,15500.0,16120.0,0.0402291975915432,0.4296053946018219,0.5178060531616211,0.020100653171539307,17,2,1,2,,,,2,,10101100|10101100|10101100|10001110|10001110|10001110|10001110|10001110|10001110|10001110|10001110|10001110|10001110|10001110|10001110|10001110|10001110|10001110|10001110|10001110,8,9
81,14,random,R0.5,1.6189911365509033,0.30066978514109033,1.2017426757752565,26538.4609375,27300.0,0.037859514355659485,0.8014006614685059,0.5787243247032166,0.20100653171539307,19,20,1,11,,,,20,,11010100|11010100|11010100|11010100|01011100|01011100|01011100|00011101|01011100|01011100|01111000|01011001|11011000|11011000|11001010|11001010|11001010|10001110|11001010|10001110,16,16
81,15,random,R0.5,1.4161734580993652,0.3437861432911678,1.0677354914088506,25418.396484375,27500.0,0.05064481496810913,0.7179928421974182,0.4264284670352936,0.22110718488693237,14,22,3,12,,,,22,,01001011|01001011|00101011|00101101|00111001|01111000|01111000|01101010|10101010|11001010|11010010|11010010|11010010|11010100|11010100|10110100|10110010|10110010|10110010|10110010,15,15
82,0,baseline,B1,0.7618300914764404,0.5417393808532789,0.6129702403207188,12823.9541015625,13120.0,0.028786595910787582,0.3675333559513092,0.36551013588905334,0.0,12,0,2,1,,,0,0,0,01110100|01110100|01110100|01110100|01110100|01110100|01110100|01110100|01110100|01110100|01110100|01110100|01110100|01110100|01110100|01110100|01110100|01110100|01110100|01110100,4,8
82,1,baseline,B2,1.065418004989624,0.5099598424288314,0.6734232966995732,17404.30078125,17540.0,0.03190894052386284,0.6716972589492798,0.0,0.3618117570877075,0,36,1,14,,,36,36,0,00100111|10000111|01000111|10000111|10000111|00010111|00010111|00111001|11001001|00111001|01111000|00110110|00110110|00110110|01110010|01110010|01111000|11110000|10011001|10011001,14,12
82,2,baseline,B3,0.7728703022003174,0.5894338657826712,0.5285927522656189,15500.0,16820.0,0.0691538006067276,0.5313199758529663,0.15229588747024536,0.020100653171539307,5,2,2,2,,,2,2,0,11000101|11000101|11000101|11000101|11000101|11000101|11000101|11000101|11000101|11000101|11000101|11000101|11000101|11000101|11000101|11000101|11000101|10000111|10000111|10000111,6,2
82,3,baseline,B4,0.7532485723495483,0.5644127741719965,0.5719694260703835,13866.154296875,14020.0,0.04208038002252579,0.43703562021255493,0.2741326093673706,0.0,9,0,2,1,,,0,0,0,00001111|00001111|00001111|00001111|00001111|00001111|00001111|00001111|00001111|00001111|00001111|00001111|00001111|00001111|00001111|00001111|00001111|00001111|00001111|00001111,3,5
82,4,perturb,B1p0,0.7471472024917603,0.5599417449680961,0.5799225275067948,13644.3515625,13100.0,0.03289615362882614,0.4096592664718628,0.3045917749404907,0.0,10,0,0,1,B1,C,0,0,0,00111100|00111100|00111100|00111100|00111100|00111100|00111100|00111100|00111100|00111100|00111100|00111100|00111100|00111100|00111100|00111100|00111100|00111100|00111100|00111100,2,6
82,5,perturb,B1p1,0.7898457050323486,0.5332227989627029,0.6288159328469585,12758.4619140625,13220.0,0.025181852281093597,0.36869460344314575,0.39596930146217346,0.0,13,0,1,1,B1,C,0,0,0,01110001|01110001|01110001|01110001|01110001|01110001|01110001|01110001|01110001|01110001|01110001|01110001|01110001|01110001|01110001|01110001|01110001|01110001|01110001|01110001,8,9
82,6,perturb,B2p0,1.0058172941207886,0.5281879622296949,0.6383030695535593,16404.30078125,17140.0,0.03190894052386284,0.6321972608566284,0.0,0.3417111039161682,0,34,2,13,B2,B,36,34,-2,00100111|10000111|01000111|10000111|10000111|00010111|00010111|00111001|11001001|00111001|00110110|00110110|00110110|00110110|01110010|01110010|01111000|11110000|10011001|10011001,11,10
82,7,perturb,B2p1,1.0519499778747559,0.5105804702231618,0.6722070235878791,16974.72265625,17340.0,0.030438590794801712,0.6493409872055054,0.030459178611636162,0.3417111039161682,1,34,1,13,B2,B,36,34,-2,00100111|10000111|01000111|10000111|10000111|00010111|00010111|00111001|11001001|00111001|01111000|00110110|00110110|00110110|01110010|01110010|01111000|10011001|10011001|10011001,13,11
82,8,perturb,B3p0,0.8642470240592957,0.5856617021687045,0.5350129561603666,15500.0,15820.0,0.06414125859737396,0.5972499847412109,0.18275506794452667,0.020100653171539307,6,2,2,2,B3,B,2,2,0,11000101|11000101|11000101|11000101|11000101|11000101|11000101|11000101|11000101|11000101|11000101|11000101|11000101|11000101|11000101|11000101|11000101|11000101|10000111|10000111,10,3
82,9,perturb,B3p1,0.7730304598808289,0.5947873722091168,0.5195512949356984,15500.0,16320.0,0.0695539265871048,0.5310799479484558,0.15229588747024536,0.020100653171539307,5,2,2,2,B3,B,2,2,0,11000101|11000101|11000101|11000101|11000101|11000101|11000101|11000101|11000101|11000101|11000101|11000101|11000101|11000101|11000101|11000101|10000111|10000111|10000111|10000111,7,1
82,10,random,R0.0,0.7632161974906921,0.5504190040912362,0.5970754651770307,13238.4619140625,13700.0,0.04141984507441521,0.4172045886516571,0.3045917749404907,0.0,10,0,1,1,,,,0,,01101001|01101001|01101001|01101001|01101001|01101001|01101001|01101001|01101001|01101001|01101001|01101001|01101001|01101001|01101001|01101001|01101001|01101001|01101001|01101001,5,7
82,11,random,R0.0,0.7423813343048096,0.581993283238937,0.5412963721438638,13171.3720703125,13120.0,0.04557223618030548,0.42267656326293945,0.2741326093673706,0.0,9,0,0,1,,,,0,,11110000|11110000|11110000|11110000|11110000|11110000|11110000|11110000|11110000|11110000|11110000|11110000|11110000|11110000|11110000|11110000|11110000|11110000|11110000|11110000,1,4
82,12,random,R0.1,1.0204691886901855,0.4776038136241345,0.7389737319604684,15740.6025390625,15720.0,0.03272217512130737,0.5412178635597229,0.4264284670352936,0.020100653171539307,14,2,0,2,,,,2,,10100011|10100011|10100011|10100011|10100011|10100011|10100011|10100011|10100011|10100011|10100110|10100110|10100110|10100110|10100110|10100110|10100110|10100110|10100110|10100110,12,14
82,13,random,R0.1,0.8080211281776428,0.5096085116887348,0.6741124721777715,14279.736328125,14200.0,0.02734314277768135,0.37496650218963623,0.36551013588905334,0.04020130634307861,12,4,1,3,,,,4,,01011100|01011100|01011010|01011010|01011010|01011010|01011010|01011010|01011010|01011010|01011010|01011010|01011010|01011010|01110010|01110010|01110010|01110010|01110010|01110010,9,13
82,14,random,R0.5,1.1273369789123535,0.43109736678241695,0.8414213053840588,18756.525390625,18920.0,0.029249539598822594,0.6119732856750488,0.36551013588905334,0.12060391902923584,12,12,1,7,,,,12,,10100011|10100011|10100011|00100111|01100110|01100110|01110010|01110010|01110010|01110010|01110010|01110010|01110010|01110010|10110010|11110000|11110000|11110000|01110010|01110010,15,15
82,15,random,R0.5,1.457252860069275,0.3260666033680027,1.1206536136729908,24927.0390625,28200.0,0.033583007752895355,0.8169517517089844,0.36551013588905334,0.24120783805847168,12,24,0,13,,,,24,,10011100|10011100|10011010|11001010|01001011|11000011|11000011|01100011|01110010|01110010|01100110|01100110|00101110|00101110|10101010|10101010|00111010|00110011|00110011|01100011,16,16
83,0,baseline,B1,0.6943962574005127,0.5643437992849256,0.5720916399981315,12461.095703125,12900.0,0.034661147743463516,0.29422497749328613,0.36551013588905334,0.0,12,0,4,1,,,0,0,0,10101001|10101001|10101001|10101001|10101001|10101001|10101001|10101001|10101001|10101001|10101001|10101001|10101001|10101001|10101001|10101001|10101001|10101001|10101001|10101001,5,4
83,1,baseline,B2,1.1282737255096436,0.45350377265218755,0.7907516904931081,20305.384765625,21320.0,0.0384986512362957,0.6457116007804871,0.18275506794452667,0.261308491230011,6,26,4,12,,,26,26,0,00001111|10100011|11100001|10101001|10101001|01101001|11100001|11100001|11001001|11001001|11001001|01001011|00101011|00101011|00101011|11101000|10111000|10111000|10101100|10101100,12,10
83,2,baseline,B3,0.5976840853691101,0.6369100580540631,0.4511268295265558,13711.865234375,14100.0,0.06207466125488281,0.35347074270248413,0.12183671444654465,0.06030195951461792,4,6,6,4,,,6,6,0,10100011|10100011|10100011|10100011|10100011|10110001|10110001|10110001|10010011|10010011|10010011|10010011|10001011|10001011|10001011|10001011|10001011|10001011|10001011|10001011,2,1
83,3,baseline,B4,0.8698530197143555,0.4957366712885665,0.7017103978971369,14453.12890625,14920.0,0.04431333392858505,0.3991111218929291,0.4264284670352936,0.0,14,0,3,1,,,0,0,0,00001111|00001111|00001111|00001111|00001111|00001111|00001111|00001111|00001111|00001111|00001111|00001111|00001111|00001111|00001111|00001111|00001111|00001111|00001111|00001111,7,7
83,4,perturb,B1p0,0.6842640042304993,0.5564410429431801,0.5861940564787073,11981.095703125,13700.0,0.03973497822880745,0.2790188193321228,0.36551013588905334,0.0,12,0,4,1,B1,C,0,0,0,10101010|10101010|10101010|10101010|10101010|10101010|10101010|10101010|10101010|10101010|10101010|10101010|10101010|10101010|10101010|10101010|10101010|10101010|10101010|10101010,4,5
83,5,perturb,B1p1,0.8419039249420166,0.5347824222459545,0.6258953021966148,15260.8212890625,15400.0,0.050295714288949966,0.4565573036670685,0.3350509703159332,0.0,11,0,2,1,B1,C,0,0,0,10101100|10101100|10101100|10101100|10101100|10101100|10101100|10101100|10101100|10101100|10101100|10101100|10101100|10101100|10101100|10101100|10101100|10101100|10101100|10101100,6,6
83,6,perturb,B2p0,1.1108646392822266,0.4481708265241517,0.8025808100413363,19382.30859375,20520.0,0.03694411739706993,0.5993977785110474,0.21321424841880798,0.261308491230011,7,26,3,11,B2,B,26,26,0,00001111|11100001|11100001|10101001|10101001|01101001|11100001|11100001|11001001|11001001|11001001|01001011|00101011|00101011|00101011|11101000|10111000|10111000|10101100|10101100,11,11
83,7,perturb,B2p1,1.046804666519165,0.47532113031149925,0.7437646395620044,19305.3828125,20620.0,0.0384986512362957,0.6044437885284424,0.18275506794452667,0.22110718488693237,6,22,5,11,B2,B,26,22,-4,10100011|10100011|11100001|10101001|10101001|01101001|11100001|11100001|11001001|11001001|11001001|01001011|00101011|00101011|00101011|11101000|10111000|10111000|10101100|10101100,9,8
83,8,perturb,B3p0,0.5819239020347595,0.6331262457852606,0.45708543630450427,13231.865234375,14400.0,0.061674535274505615,0.3381107449531555,0.12183671444654465,0.06030195951461792,4,6,6,4,B3,B,6,6,0,10100011|10100011|10100011|10100011|10100011|10110001|10110001|10110001|10010011|10010011|10010011|10001011|10001011|10001011|10001011|10001011|10001011|10001011|10001011|10001011,1,2
83,9,perturb,B3p1,0.6415799856185913,0.6131054061354844,0.4892184065464753,14096.48046875,14620.0,0.058596111834049225,0.3703860938549042,0.15229588747024536,0.06030195951461792,5,6,5,4,B3,B,6,6,0,10100011|10100011|10100011|10100011|10110001|10110001|10110001|10110001|10010011|10010011|10010011|10010011|10001011|10001011|10001011|10001011|10001011|10001011|10001011|10001011,3,3
83,10,random,R0.0,1.0255300998687744,0.46207898967755867,0.7720194291866228,17500.0,17500.0,0.053090088069438934,0.5460115075111389,0.4264284670352936,0.0,14,0,2,1,,,,0,,11110000|11110000|11110000|11110000|11110000|11110000|11110000|11110000|11110000|11110000|11110000|11110000|11110000|11110000|11110000|11110000|11110000|11110000|11110000|11110000,8,9
83,11,random,R0.0,1.0958342552185059,0.4265751744700187,0.8519666685669143,17404.615234375,17220.0,0.04982675239443779,0.5282015800476074,0.5178059935569763,0.0,17,0,0,1,,,,0,,00010111|00010111|00010111|00010111|00010111|00010111|00010111|00010111|00010111|00010111|00010111|00010111|00010111|00010111|00010111|00010111|00010111|00010111|00010111|00010111,10,12
83,12,random,R0.1,1.1392443180084229,0.4044636453589159,0.9051934220259339,18461.5390625,18200.0,0.046652086079120636,0.5345849394798279,0.5178059935569763,0.04020130634307861,17,4,0,3,,,,4,,11011000|11011000|11011000|11011000|11011000|11011000|11011000|11011000|11011000|11011000|11011000|11011000|11011000|11011000|01011001|01011001|01111000|01111000|01111000|01111000,13,14
83,13,random,R0.1,1.1724534034729004,0.4059727153285809,0.9014693252628541,18635.384765625,18220.0,0.03916057199239731,0.5649268627166748,0.5482651591300964,0.020100653171539307,18,2,1,2,,,,2,,01101010|01101010|01101010|01101010|01101010|01101010|01101010|01101010|01101010|01101010|01101010|01101010|01101010|01101010|01110010|01110010|01110010|01110010|01110010|01110010,14,13
83,14,random,R0.5,1.6433134078979492,0.2732674345174944,1.2973043496882715,28020.0,28020.0,0.03360408544540405,0.7995191812515259,0.6091834902763367,0.20100653171539307,20,20,0,11,,,,20,,01101100|01100101|00100111|00100111|00100111|00100111|00100111|00110011|00110011|00110011|01100011|01000111|00010111|00010111|00010111|00100111|00010111|01000111|01000111|01001101,16,16
83,15,random,R0.5,1.4748625755310059,0.33962683079801664,1.0799078206045407,23934.591796875,25520.0,0.037880897521972656,0.7790874242782593,0.4568876624107361,0.20100653171539307,15,20,4,11,,,,20,,00011101|00011011|00011011|00011011|00011011|00111001|00011101|00011101|01011001|01001101|00001111|10001110|10001110|10000111|10000111|10100011|10100011|10100011|10100011|11000011,15,15
84,0,baseline,B1,0.9083464741706848,0.46292239530598517,0.7701958516745401,14289.029296875,13620.0,0.042985789477825165,0.31709542870521545,0.5482652187347412,0.0,18,0,2,1,,,0,0,0,11000011|11000011|11000011|11000011|11000011|11000011|11000011|11000011|11000011|11000011|11000011|11000011|11000011|11000011|11000011|11000011|11000011|11000011|11000011|11000011,4,4
84,1,baseline,B2,1.55048668384552,0.3176037659988698,1.1469506920003971,25206.75390625,28400.0,0.049540191888809204,0.815058708190918,0.2436734288930893,0.44221436977386475,8,44,5,16,,,44,44,0,00001111|11100100|10100110|00110110|11001100|10001101|00110011|01101001|01001011|01100011|01010011|01001011|11000011|11000011|11000011|11000011|11000011|11001001|11000101|11010001,14,13
84,2,baseline,B3,0.8713200688362122,0.5120828782912149,0.6692687953799041,18058.181640625,18700.0,0.08729533106088638,0.5001499652862549,0.2436734288930893,0.04020130634307861,8,4,2,3,,,4,4,0,01011001|01011001|01011001|01101001|01101001|01101001|01101001|01101001|01101001|01101001|01101001|01101001|01101001|01101001|01101001|01101001|11001001|11001001|11001001|11001001,1,1
84,3,baseline,B4,1.2304850816726685,0.348318313950528,1.0546385220263106,17038.4609375,18100.0,0.04259892925620079,0.3959476053714752,0.7919386625289917,0.0,26,0,1,1,,,0,0,0,00001111|00001111|00001111|00001111|00001111|00001111|00001111|00001111|00001111|00001111|00001111|00001111|00001111|00001111|00001111|00001111|00001111|00001111|00001111|00001111,10,10
84,4,perturb,B1p0,1.011876106262207,0.42493405428122,0.8558212884944005,16020.0,16340.0,0.05175557732582092,0.4118552803993225,0.5482652187347412,0.0,18,0,2,1,B1,C,0,0,0,11100010|11100010|11100010|11100010|11100010|11100010|11100010|11100010|11100010|11100010|11100010|11100010|11100010|11100010|11100010|11100010|11100010|11100010|11100010|11100010,5,6
84,5,perturb,B1p1,1.0502766370773315,0.3865302245998677,0.9505452132363273,15895.12109375,16920.0,0.04601864516735077,0.3646153509616852,0.6396427154541016,0.0,21,0,3,1,B1,C,0,0,0,01010011|01010011|01010011|01010011|01010011|01010011|01010011|01010011|01010011|01010011|01010011|01010011|01010011|01010011|01010011|01010011|01010011|01010011|01010011|01010011,6,9
84,6,perturb,B2p0,1.510707139968872,0.31779959525202917,1.1463342984736957,24206.75390625,27700.0,0.04723137617111206,0.7672296166419983,0.2741326093673706,0.42211371660232544,9,42,5,15,B2,B,44,42,-2,00001111|11100100|10100110|00110110|11001100|10001101|00110011|01001011|01001011|01100011|01010011|01001011|11000011|11000011|11000011|11000011|11000011|11001001|11000101|11010001,13,12
84,7,perturb,B2p1,1.5092971324920654,0.32658491443150434,1.1190652892507498,24226.75390625,26800.0,0.04723137244582176,0.7658194303512573,0.2741326093673706,0.42211371660232544,9,42,4,15,B2,B,44,42,-2,00001111|11100100|10100110|00110110|11001100|10001101|00110011|01101001|01001011|01100011|01001011|01001011|11000011|11000011|11000011|11000011|11000011|11001001|11000101|11010001,12,11
84,8,perturb,B3p0,0.9016768336296082,0.49576313410849565,0.7016570185221912,18058.181640625,18700.0,0.08268291503190994,0.5046599507331848,0.2741326093673706,0.04020130634307861,9,4,2,3,B3,B,4,4,0,01011001|01011001|01101001|01101001|01101001|01101001|01101001|01101001|01101001|01101001|01101001|01101001|01101001|01101001|01101001|01101001|11001001|11001001|11001001|11001001,3,2
84,9,perturb,B3p1,0.897710919380188,0.4896264113014772,0.7141126045872711,18272.69921875,19500.0,0.08498651534318924,0.4983905255794525,0.2741326093673706,0.04020130634307861,9,4,2,3,B3,B,4,4,0,01011001|01011001|01011001|01101001|01101001|01101001|01101001|01101001|01101001|01101001|01101001|01101001|01101001|01101001|01101001|01101001|01101001|11001001|11001001|11001001,2,3
84,10,random,R0.0,1.0848649740219116,0.43916205620537346,0.822886785493919,17038.4609375,16700.0,0.07653383910655975,0.4600661098957062,0.5482652187347412,0.0,18,0,1,1,,,,0,,00011101|00011101|00011101|00011101|00011101|00011101|00011101|00011101|00011101|00011101|00011101|00011101|00011101|00011101|00011101|00011101|00011101|00011101|00011101|00011101,7,5
84,11,random,R0.0,1.105111002922058,0.42316939914218454,0.8599827093175755,17500.0,17500.0,0.062300488352775574,0.46408611536026,0.5787243843078613,0.0,19,0,2,1,,,,0,,10001101|10001101|10001101|10001101|10001101|10001101|10001101|10001101|10001101|10001101|10001101|10001101|10001101|10001101|10001101|10001101|10001101|10001101|10001101|10001101,8,7
84,12,random,R0.1,1.114300012588501,0.39713195081578145,0.9234866837045056,18000.0,18000.0,0.07330690324306488,0.44216790795326233,0.5787243247032166,0.020100653171539307,19,2,1,2,,,,2,,00011110|00011110|00011110|00011110|00011110|00011110|00011110|00011110|00011110|00011110|00011110|00011110|00011110|00011110|00011110|00011110|00011110|00011110|00011110|10011010,9,8
84,13,random,R0.1,1.2553343772888184,0.31199931626766086,1.164754282624861,18895.12109375,20520.0,0.04061608016490936,0.45385536551475525,0.7005610466003418,0.06030195951461792,23,6,1,4,,,,6,,01100011|01100011|01100011|01100011|01100011|01010011|01010011|01010011|01010011|01010011|11010010|11010010|11010010|11010010|11010010|01010011|01010011|01010011|01010011|01010011,11,14
84,14,random,R0.5,1.7050142288208008,0.29213431113300525,1.2305416128338797,26500.0,27000.0,0.05989856272935867,0.8550263047218323,0.6091834902763367,0.18090587854385376,20,18,3,10,,,,18,,00101110|00111100|00111100|00111100|00110110|00101110|00101101|00111001|00111001|00111001|00111001|00111001|00011101|00011101|10001101|11001100|11001100|11001100|10001101|10001101,16,15
84,15,random,R0.5,1.5890599489212036,0.26296017616624306,1.3357526796908823,25500.0,27200.0,0.04390419274568558,0.6941479444503784,0.6701018810272217,0.18090587854385376,22,18,2,10,,,,18,,10010110|10010110|00011110|10011010|10011010|10011010|10011100|11011000|11011000|01011100|01101100|01101100|11001100|11001100|11001010|11001010|11001010|11100010|11100010|11100010,15,16
85,0,baseline,B1,0.5728240609169006,0.5961684669155198,0.5172319892484037,9366.154296875,10160.0,0.0419335700571537,0.19583956897258759,0.33505094051361084,0.0,11,0,2,1,,,0,0,0,10101100|10101100|10101100|10101100|10101100|10101100|10101100|10101100|10101100|10101100|10101100|10101100|10101100|10101100|10101100|10101100|10101100|10101100|10101100|10101100,1,4
85,1,baseline,B2,1.3370028734207153,0.3653162001285538,1.0069919987003442,20618.484375,22160.0,0.028999799862504005,0.6519580483436584,0.2741326093673706,0.3819124102592468,9,38,2,14,,,38,38,0,00010111|10100101|11001100|11001100|11001001|01001101|10101010|11101000|10101100|10101100|10101100|10110100|10110100|10110100|10110001|10010101|00111010|10101010|00111010|00111010,14,15
85,2,baseline,B3,0.6628408432006836,0.6323842385360612,0.45825809720841965,14500.0,15500.0,0.07757765054702759,0.4232252240180969,0.12183671444654465,0.04020130634307861,4,4,3,3,,,4,4,0,00110011|00110011|00110011|00110011|00110011|00110011|00110011|00110011|00111010|00111010|00111010|00111010|00111010|10111000|10111000|10111000|10111000|10111000|10111000|10111000,2,1
85,3,baseline,B4,1.1102194786071777,0.43192042132488784,0.8395139176028465,17020.0,17020.0,0.03742046654224396,0.49407461285591125,0.5787243843078613,0.0,19,0,0,1,,,0,0,0,00001111|00001111|00001111|00001111|00001111|00001111|00001111|00001111|00001111|00001111|00001111|00001111|00001111|00001111|00001111|00001111|00001111|00001111|00001111|00001111,11,10
85,4,perturb,B1p0,0.8969489336013794,0.48152600317498206,0.7307950446850515,14846.154296875,15020.0,0.038254935294389725,0.4018063545227051,0.4568876624107361,0.0,15,0,3,1,B1,C,0,0,0,11101000|11101000|11101000|11101000|11101000|11101000|11101000|11101000|11101000|11101000|11101000|11101000|11101000|11101000|11101000|11101000|11101000|11101000|11101000|11101000,6,5
85,5,perturb,B1p1,0.9587043523788452,0.45430356251683557,0.7889896644759311,14131.9833984375,13700.0,0.027930160984396935,0.3520497679710388,0.5787243247032166,0.0,19,0,1,1,B1,C,0,0,0,00101101|00101101|00101101|00101101|00101101|00101101|00101101|00101101|00101101|00101101|00101101|00101101|00101101|00101101|00101101|00101101|00101101|00101101|00101101|00101101,7,9
85,6,perturb,B2p0,1.2684423923492432,0.3687843725358851,0.9975431620155929,19618.484375,22840.0,0.029399925842881203,0.6030980348587036,0.2741326093673706,0.3618117570877075,9,36,5,13,B2,B,38,36,-2,00010111|10100101|11001100|11001100|11001001|01001101|10101010|10101010|10101100|10101100|10101100|10110100|10110100|10110100|10110001|10010101|00111010|10101010|00111010|00111010,12,14
85,7,perturb,B2p1,1.2775623798370361,0.3759974014108074,0.9781730467575943,19618.484375,21260.0,0.029399925842881203,0.6122180819511414,0.2741326093673706,0.3618117570877075,9,36,2,13,B2,B,38,36,-2,00010111|10100101|11001100|11001100|01001101|01001101|10101010|11101000|10101100|10101100|10101100|10110100|10110100|10110100|10110001|10010101|00111010|10101010|00111010|00111010,13,12
85,8,perturb,B3p0,0.6790683269500732,0.6101006856189377,0.4941312770437165,14500.0,16000.0,0.07565364241600037,0.4109175503253937,0.15229588747024536,0.04020130634307861,5,4,3,3,B3,B,4,4,0,00110011|00110011|00110011|00110011|00110011|00110011|00110011|00110011|00111010|00111010|00111010|00111010|00111010|00111010|10111000|10111000|10111000|10111000|10111000|10111000,4,2
85,9,perturb,B3p1,0.6767610907554626,0.6083220685127312,0.4970508193184247,14500.0,16000.0,0.07642324268817902,0.4078405797481537,0.15229588747024536,0.04020130634307861,5,4,3,3,B3,B,4,4,0,00110011|00110011|00110011|00110011|00110011|00110011|00110011|00110011|00110011|00111010|00111010|00111010|00111010|10111000|10111000|10111000|10111000|10111000|10111000|10111000,3,3
85,10,random,R0.0,0.8806632161140442,0.47961252659047215,0.7347767373406939,13690.4443359375,13820.0,0.03467090055346489,0.3586454391479492,0.4873468279838562,0.0,16,0,2,1,,,,0,,10011001|10011001|10011001|10011001|10011001|10011001|10011001|10011001|10011001|10011001|10011001|10011001|10011001|10011001|10011001|10011001|10011001|10011001|10011001|10011001,5,6
85,11,random,R0.0,1.0520281791687012,0.42576382725747225,0.8538704825563321,16520.0,16520.0,0.03681738302111626,0.46694543957710266,0.5482651591300964,0.0,18,0,1,1,,,,0,,10100011|10100011|10100011|10100011|10100011|10100011|10100011|10100011|10100011|10100011|10100011|10100011|10100011|10100011|10100011|10100011|10100011|10100011|10100011|10100011,9,11
85,12,random,R0.1,1.0233017206192017,0.4556906859224745,0.785941019976536,16404.615234375,16820.0,0.05052061751484871,0.4854341149330139,0.4873468279838562,0.0,16,0,1,1,,,,0,,01100110|01100110|01100110|01100110|01100110|01100110|01100110|01100110|01100110|01100110|01100110|01100110|01100110|01100110|01100110|01100110|01100110|01100110|01100110|01100110,8,8
85,13,random,R0.1,1.094347596168518,0.4578298459718695,0.7812576792421385,20500.0,20500.0,0.06629297137260437,0.6022424697875977,0.36551010608673096,0.06030195951461792,12,6,0,4,,,,6,,00010111|00010111|00010111|00010111|00010111|00010111|00010111|00010111|00010111|00010111|00010111|01010011|01010011|01010011|01010011|01010011|01110010|01110010|01111000|01111000,10,7
85,14,random,R0.5,1.4233603477478027,0.3724363734840779,0.9876890651908335,25670.4453125,27000.0,0.06008807569742203,0.8272147178649902,0.33505094051361084,0.20100653171539307,11,20,1,11,,,,20,,10000111|10000111|01000111|01000111|01000111|01010011|00011011|01001011|01001011|01001011|01001011|11000011|10100011|10110001|10110001|10110001|00111001|00110011|10010011|10010011,15,13
85,15,random,R0.5,1.6849929094314575,0.3155817517961769,1.1533375123532732,28614.78125,30700.0,0.05728859081864357,0.970426619052887,0.3959692716598511,0.261308491230011,13,26,0,14,,,,26,,01010011|01010011|01010011|01010011|01010110|01010110|01001110|01011010|01011100|01110100|01110100|00110110|00100111|10000111|10100011|00110011|01010011|01011001|01011001|00011101,16,16
86,0,baseline,B1,0.8822543025016785,0.46808106749338846,0.7591137769258207,11000.0,11000.0,0.021240729838609695,0.1909116804599762,0.6701018810272217,0.0,22,0,0,1,,,0,0,0,01101001|01101001|01101001|01101001|01101001|01101001|01101001|01101001|01101001|01101001|01101001|01101001|01101001|01101001|01101001|01101001|01101001|01101001|01101001|01101001,8,11
86,1,baseline,B2,1.5066931247711182,0.3471355055119255,1.0580400694647665,23613.177734375,25720.0,0.03065161220729351,0.7590780258178711,0.33505094051361084,0.3819124102592468,11,38,1,15,,,38,38,0,00001111|10001011|01101001|01101001|00101101|00101101|00101101|00101011|00101110|00101110|01011010|01001110|00100111|01100011|00100111|11000011|11000011|00100111|10100011|11100001,16,13
86,2,baseline,B3,0.8067246079444885,0.6030261169950119,0.5057947714266903,17000.0,17000.0,0.09988511353731155,0.5143423080444336,0.15229588747024536,0.04020130634307861,5,4,4,3,,,4,4,0,01011100|01011100|01011100|01011100|01011100|01011100|11011000|11011000|11011000|11011000|11011000|11001010|11001010|11001010|11001010|11001010|11001010|11001010|11001010|11001010,1,1
86,3,baseline,B4,0.8474043607711792,0.5040003565027226,0.6851783035643468,13347.6923828125,13840.0,0.046623632311820984,0.34389299154281616,0.4568876624107361,0.0,15,0,1,1,,,0,0,0,00001111|00001111|00001111|00001111|00001111|00001111|00001111|00001111|00001111|00001111|00001111|00001111|00001111|00001111|00001111|00001111|00001111|00001111|00001111|00001111,5,9
86,4,perturb,B1p0,0.8490737676620483,0.5452076300441719,0.6065885843123981,14000.0,14000.0,0.0485476590692997,0.3740975856781006,0.42642849683761597,0.0,14,0,1,1,B1,C,0,0,0,10101001|10101001|10101001|10101001|10101001|10101001|10101001|10101001|10101001|10101001|10101001|10101001|10101001|10101001|10101001|10101001|10101001|10101001|10101001|10101001,6,5
86,5,perturb,B1p1,0.9512345194816589,0.5139488066009675,0.6656316165397796,15020.0,15020.0,0.04894381761550903,0.4149438440799713,0.4873468279838562,0.0,16,0,1,1,B1,C,0,0,0,01110001|01110001|01110001|01110001|01110001|01110001|01110001|01110001|01110001|01110001|01110001|01110001|01110001|01110001|01110001|01110001|01110001|01110001|01110001|01110001,11,8
86,6,perturb,B2p0,1.5001274347305298,0.3455885020082581,1.0625065122577146,23613.177734375,25920.0,0.03466366231441498,0.7485003471374512,0.33505094051361084,0.3819124102592468,11,38,1,15,B2,B,38,38,0,00001111|10001011|01101001|01101001|00101101|00101101|00101101|00101011|00101110|00101110|01011010|01001110|00100111|01100011|00100111|11000011|00100111|00100111|10100011|11100001,14,15
86,7,perturb,B2p1,1.50150465965271,0.346017894307157,1.0612647876109815,23799.396484375,26500.0,0.03466366231441498,0.7498775720596313,0.33505094051361084,0.3819124102592468,11,38,1,15,B2,B,38,38,0,00001111|10001011|10001011|01101001|00101101|00101101|00101101|00101011|00101110|00101110|01011010|01001110|00100111|01100011|00100111|11000011|11000011|00100111|10100011|11100001,15,14
86,8,perturb,B3p0,0.9251450300216675,0.5649002139650513,0.5711061758847482,17000.0,17500.0,0.09333336353302002,0.5783960819244385,0.21321424841880798,0.04020130634307861,7,4,4,3,B3,B,4,4,0,01011100|01011100|01011100|01011100|01011100|01011100|11011000|11011000|11011000|11011000|11011000|11011000|11001010|11001010|11001010|11001010|11001010|11001010|11001010|11001010,9,4
86,9,perturb,B3p1,0.8067246079444885,0.6022755956783082,0.5070401383017443,17000.0,17500.0,0.09988511353731155,0.5143423080444336,0.15229588747024536,0.04020130634307861,5,4,4,3,B3,B,4,4,0,01011100|01011100|01011100|01011100|01011100|01011100|11011000|11011000|11011000|11011000|11001010|11001010|11001010|11001010|11001010|11001010|11001010|11001010|11001010|11001010,2,2
86,10,random,R0.0,0.9321913123130798,0.4899867822872365,0.7133768631653017,15000.0,15000.0,0.06865513324737549,0.4371076822280884,0.42642849683761597,0.0,14,0,1,1,,,,0,,01010110|01010110|01010110|01010110|01010110|01010110|01010110|01010110|01010110|01010110|01010110|01010110|01010110|01010110|01010110|01010110|01010110|01010110|01010110|01010110,10,10
86,11,random,R0.0,0.8262724876403809,0.5908701332600901,0.5261590263992253,15500.0,15500.0,0.07083413004875183,0.4813058376312256,0.2741326093673706,0.0,9,0,2,1,,,,0,,00110101|00110101|00110101|00110101|00110101|00110101|00110101|00110101|00110101|00110101|00110101|00110101|00110101|00110101|00110101|00110101|00110101|00110101|00110101|00110101,3,3
86,12,random,R0.1,0.8381978273391724,0.5433647668457052,0.6099744224326092,15000.0,16000.0,0.0681774690747261,0.44532787799835205,0.3045917749404907,0.020100653171539307,10,2,2,2,,,,2,,10100011|10100011|10100011|10100011|10100011|10100011|10100011|10100011|10100011|10100011|10100011|10100011|10100011|10100011|00101011|00101011|00101011|00101011|00101011|00101011,4,6
86,13,random,R0.1,0.8663742542266846,0.5210401940929835,0.6519280922333442,14500.0,15300.0,0.05434177815914154,0.39596250653266907,0.39596930146217346,0.020100653171539307,13,2,1,2,,,,2,,00101011|00101011|10100011|10100011|10100011|10100011|10100011|10100011|10100011|10100011|10100011|10100011|10100011|10100011|10100011|10100011|10100011|10100011|10100011|10100011,7,7
86,14,random,R0.5,1.2442706823349,0.40150694441380486,0.9125304495710376,21433.9140625,25220.0,0.054153263568878174,0.6236007809638977,0.36551013588905334,0.20100653171539307,12,20,1,11,,,,20,,01101010|10101010|10100011|10100011|10001011|00101011|00101011|00101011|00110011|00101011|00101011|01001011|01001011|01001011|01001011|01001011|01000111|01000111|01100101|01010101,12,12
86,15,random,R0.5,1.4451757669448853,0.34458800926348243,1.065405751595034,21827.69140625,24500.0,0.03692132234573364,0.668724775314331,0.5787243843078613,0.16080522537231445,19,16,1,9,,,,16,,01101100|01101100|01101001|00111001|00101101|00101101|00101101|00101011|00011011|10010011|10010011|10010011|10010011|10010011|10010011|10010011|10001011|10001011|11001010|11001010,13,16
87,0,baseline,B1,0.6779705882072449,0.5922727166310346,0.5237880801891169,10814.81640625,10820.0,0.017833754420280457,0.26416751742362976,0.39596930146217346,0.0,13,0,1,1,,,0,0,0,01001011|01001011|01001011|01001011|01001011|01001011|01001011|01001011|01001011|01001011|01001011|01001011|01001011|01001011|01001011|01001011|01001011|01001011|01001011|01001011,5,7
87,1,baseline,B2,0.9264411330223083,0.5867093591953652,0.5332257109100199,14866.77734375,17340.0,0.030392596498131752,0.5841802358627319,0.030459178611636162,0.2814091444015503,1,28,5,11,,,28,28,0,00001111|10001011|10101001|10101001|10101001|11000011|11000011|11000011|11000011|11000011|01100011|01011001|01011001|01011001|01011001|00001111|10001110|01101010|11100010|01101010,13,8
87,2,baseline,B3,0.5794703960418701,0.7130875914295571,0.33815101698336386,12674.359375,12400.0,0.05097267031669617,0.4170195162296295,0.09137753397226334,0.020100653171539307,3,2,2,2,,,2,2,0,00110011|00110011|00110011|00110011|00110011|00110011|01100011|01100011|01100011|01100011|01100011|01100011|01100011|01100011|01100011|01100011|01100011|01100011|01100011|01100011,1,1
87,3,baseline,B4,0.6984623670578003,0.5927148200781454,0.5230419061511162,11700.0,11700.0,0.0360051654279232,0.32740622758865356,0.33505094051361084,0.0,11,0,2,1,,,0,0,0,00001111|00001111|00001111|00001111|00001111|00001111|00001111|00001111|00001111|00001111|00001111|00001111|00001111|00001111|00001111|00001111|00001111|00001111|00001111|00001111,6,6
87,4,perturb,B1p0,0.5996913313865662,0.6431916695560884,0.4413125127620604,10635.8974609375,10840.0,0.034377433359622955,0.2911812961101532,0.2741326093673706,0.0,9,0,3,1,B1,C,0,0,0,00101011|00101011|00101011|00101011|00101011|00101011|00101011|00101011|00101011|00101011|00101011|00101011|00101011|00101011|00101011|00101011|00101011|00101011|00101011|00101011,2,4
87,5,perturb,B1p1,0.7718468904495239,0.5374026166262047,0.6210077137649544,11731.9609375,11720.0,0.019552310928702354,0.2954068183898926,0.4568876326084137,0.0,15,0,0,1,B1,C,0,0,0,11001010|11001010|11001010|11001010|11001010|11001010|11001010|11001010|11001010|11001010|11001010|11001010|11001010|11001010|11001010|11001010|11001010|11001010|11001010|11001010,8,12
87,6,perturb,B2p0,0.9186679124832153,0.5752436894107407,0.5529615202950385,14866.77734375,18300.0,0.03440464287996292,0.572394847869873,0.030459178611636162,0.2814091444015503,1,28,5,11,B2,B,28,28,0,00001111|10001011|10101001|10101001|10101001|11000011|11000011|11000011|11000011|11000011|01100011|01100011|01011001|01011001|01011001|00001111|10001110|01101010|11100010|01101010,12,9
87,7,perturb,B2p1,0.8576162457466125,0.6074069287100874,0.49855631927373323,13666.77734375,15940.0,0.02939210645854473,0.5260978937149048,0.060918357223272324,0.24120783805847168,2,24,5,9,B2,B,28,24,-4,00001111|10001011|10101001|10101001|10101001|11000011|11000011|11000011|11000011|11000011|01100011|01011001|01011001|01011001|01011001|00001111|10001110|01101010|01101010|01101010,10,5
87,8,perturb,B3p0,0.6226518154144287,0.6807310411031793,0.38458799782977876,13330.76953125,13200.0,0.049253880977630615,0.43146055936813354,0.12183671444654465,0.020100653171539307,4,2,2,2,B3,B,2,2,0,00110011|00110011|00110011|00110011|00110011|00110011|00110011|01100011|01100011|01100011|01100011|01100011|01100011|01100011|01100011|01100011|01100011|01100011|01100011|01100011,4,3
87,9,perturb,B3p1,0.604917049407959,0.7022116227474298,0.3535204634801585,12674.359375,13000.0,0.04596012830734253,0.4170195162296295,0.12183671444654465,0.020100653171539307,4,2,3,2,B3,B,2,2,0,00110011|00110011|00110011|00110011|00110011|01100011|01100011|01100011|01100011|01100011|01100011|01100011|01100011|01100011|01100011|01100011|01100011|01100011|01100011|01100011,3,2
87,10,random,R0.0,0.9101114273071289,0.4662210550230539,0.7630953903306874,13040.0,13800.0,0.018081648275256157,0.34376460313796997,0.5482652187347412,0.0,18,0,1,1,,,,0,,01011010|01011010|01011010|01011010|01011010|01011010|01011010|01011010|01011010|01011010|01011010|01011010|01011010|01011010|01011010|01011010|01011010|01011010|01011010|01011010,11,14
87,11,random,R0.0,0.702855110168457,0.5659120388896631,0.5693166211782287,10847.8583984375,11040.0,0.03008296713232994,0.2768028974533081,0.39596933126449585,0.0,13,0,2,1,,,,0,,10101010|10101010|10101010|10101010|10101010|10101010|10101010|10101010|10101010|10101010|10101010|10101010|10101010|10101010|10101010|10101010|10101010|10101010|10101010|10101010,7,10
87,12,random,R0.1,0.9560567140579224,0.47072148618855536,0.753488684307403,15373.9130859375,17540.0,0.026565510779619217,0.4427606761455536,0.42642849683761597,0.06030195951461792,14,6,1,4,,,,6,,01001011|01001011|01001011|01001011|01011001|01011001|01011001|01011001|01011001|01011001|01011001|01011001|01011001|01110001|01110001|01110001|01110001|01110001|01110001|01010011,14,13
87,13,random,R0.1,0.7977136373519897,0.5493289456690714,0.5990578444656319,13020.0,13020.0,0.03971731662750244,0.3924861550331116,0.36551010608673096,0.0,12,0,1,1,,,,0,,01100110|01100110|01100110|01100110|01100110|01100110|01100110|01100110|01100110|01100110|01100110|01100110|01100110|01100110|01100110|01100110|01100110|01100110|01100110|01100110,9,11
87,14,random,R0.5,1.2586969137191772,0.41937280985821096,0.8689949936645556,19883.2421875,21720.0,0.023600688204169273,0.6783217787742615,0.39596930146217346,0.16080522537231445,13,16,1,9,,,,16,,10100011|11100001|11100001|11100001|11000011|11000011|11000011|10010011|00011011|01001011|11001001|11001001|11001010|11001010|11001010|11100010|11100010|11100010|11100010|11100010,15,15
87,15,random,R0.5,1.390304446220398,0.3906649362324183,0.939905026962301,22520.0,22920.0,0.03017241507768631,0.7832568883895874,0.39596930146217346,0.18090587854385376,13,18,0,10,,,,18,,11000011|11000011|01010011|11000011|11000011|11010010|10010011|10010110|10010110|10010110|10010110|11010100|01011100|01011100|01011100|01011100|11011000|01011010|01011010|01011010,16,16
88,0,baseline,B1,0.5779716372489929,0.6160803012749402,0.48437796473207584,10359.4638671875,10560.0,0.02889898046851158,0.27494004368782043,0.2741326093673706,0.0,9,0,2,1,,,0,0,0,10110100|10110100|10110100|10110100|10110100|10110100|10110100|10110100|10110100|10110100|10110100|10110100|10110100|10110100|10110100|10110100|10110100|10110100|10110100|10110100,2,3
88,1,baseline,B2,1.1092020273208618,0.4898081231470329,0.7137415499812726,18294.76171875,20340.0,0.03146013990044594,0.7354143261909485,0.060918357223272324,0.2814091444015503,2,28,4,13,,,28,28,0,01000111|10001011|10101010|10101010|10101010|10101010|10100110|10010110|10010011|10011001|11010001|11010001|10110100|10100101|10100101|10100101|10100101|00110101|10100101|10010101,14,11
88,2,baseline,B3,0.5710955262184143,0.6470234476903325,0.43537274450370456,11623.6884765625,12040.0,0.046520430594682693,0.35217857360839844,0.15229588747024536,0.020100653171539307,5,2,3,2,,,2,2,0,10001110|10001110|10001110|10001110|10001110|10001110|10001110|10001110|10001110|10001110|10001110|10001110|10001110|11001100|11001100|11001100|11001100|11001100|11001100|11001100,1,1
88,3,baseline,B4,0.8616857528686523,0.4959037379450574,0.7013734478162086,14090.224609375,13620.0,0.03133769333362579,0.4039195775985718,0.42642849683761597,0.0,14,0,2,1,,,0,0,0,00001111|00001111|00001111|00001111|00001111|00001111|00001111|00001111|00001111|00001111|00001111|00001111|00001111|00001111|00001111|00001111|00001111|00001111|00001111|00001111,8,10
88,4,perturb,B1p0,0.6750555038452148,0.5714257019999635,0.5596208094480944,12198.7646484375,12240.0,0.02945789508521557,0.3410058319568634,0.3045917749404907,0.0,10,0,1,1,B1,C,0,0,0,10100101|10100101|10100101|10100101|10100101|10100101|10100101|10100101|10100101|10100101|10100101|10100101|10100101|10100101|10100101|10100101|10100101|10100101|10100101|10100101,6,6
88,5,perturb,B1p1,0.9631748199462891,0.4518216471017369,0.7944677630775736,16000.0,16600.0,0.037090037018060684,0.4996562898159027,0.42642849683761597,0.0,14,0,1,1,B1,C,0,0,0,11110000|11110000|11110000|11110000|11110000|11110000|11110000|11110000|11110000|11110000|11110000|11110000|11110000|11110000|11110000|11110000|11110000|11110000|11110000|11110000,11,14
88,6,perturb,B2p0,1.0911283493041992,0.4810392706318977,0.7318063684836843,17910.146484375,20140.0,0.02953612431883812,0.7089061737060547,0.09137753397226334,0.261308491230011,3,26,4,12,B2,B,28,26,-2,01000111|10001011|10101010|10101010|10101010|10101010|10100110|10010110|10010011|10010011|11010001|11010001|10110100|10100101|10100101|10100101|10100101|00110101|10100101|10010101,13,12
88,7,perturb,B2p1,1.0005583763122559,0.5117550057946725,0.6699092727696292,17063.9921875,18560.0,0.030305732041597366,0.637667179107666,0.09137753397226334,0.24120783805847168,3,24,4,11,B2,B,28,24,-4,01000111|10001011|10101010|10101010|10101010|10101010|10100110|10010110|10010011|10011001|11010001|11010001|10110100|10100101|10100101|10100101|10100101|10100101|10100101|10010101,12,8
88,8,perturb,B3p0,0.6265392303466797,0.6090036872927158,0.4959309566227274,11623.6884765625,12040.0,0.04035348445177078,0.3528708815574646,0.21321424841880798,0.020100653171539307,7,2,3,2,B3,B,2,2,0,10001110|10001110|10001110|10001110|10001110|10001110|10001110|10001110|10001110|10001110|10001110|10001110|10001110|10001110|11001100|11001100|11001100|11001100|11001100|11001100,4,5
88,9,perturb,B3p1,0.5971461534500122,0.6126717760128759,0.4899259252489159,11623.6884765625,13140.0,0.0445810928940773,0.3497093617916107,0.18275506794452667,0.020100653171539307,6,2,2,2,B3,B,2,2,0,10001110|10001110|10001110|10001110|10001110|10001110|10001110|10001110|10001110|10001110|10001110|10001110|11001100|11001100|11001100|11001100|11001100|11001100|11001100|11001100,3,4
88,10,random,R0.0,0.9199938774108887,0.5179941273521906,0.6577913739448532,16520.0,16520.0,0.05637010931968689,0.5590320825576782,0.3045917749404907,0.0,10,0,0,1,,,,0,,01001101|01001101|01001101|01001101|01001101|01001101|01001101|01001101|01001101|01001101|01001101|01001101|01001101|01001101|01001101|01001101|01001101|01001101|01001101|01001101,10,7
88,11,random,R0.0,0.6319196820259094,0.6271263127397225,0.46660730291346075,11903.6884765625,11720.0,0.047728169709444046,0.3709772527217865,0.21321424841880798,0.0,7,0,0,1,,,,0,,10011010|10011010|10011010|10011010|10011010|10011010|10011010|10011010|10011010|10011010|10011010|10011010|10011010|10011010|10011010|10011010|10011010|10011010|10011010|10011010,5,2
88,12,random,R0.1,0.844293475151062,0.4795956019267287,0.734812026165386,15346.869140625,16400.0,0.0345994308590889,0.4143410921096802,0.33505094051361084,0.06030195951461792,11,6,1,4,,,,6,,00011101|00111100|00111100|00111100|00111100|00101110|00101110|00101110|00101110|00101110|00101110|00101110|00101110|00101110|00101110|00101110|00101110|00101110|00100111|00100111,7,13
88,13,random,R0.1,0.8863635659217834,0.5013078998450241,0.6905347961194636,15543.6884765625,16520.0,0.04085325449705124,0.4806165099143982,0.3045917749404907,0.06030195951461792,10,6,1,4,,,,6,,11001100|11001010|11001010|11001010|10001110|10001110|10001110|10001110|10001110|10001110|10001110|10001110|10001110|10001110|10001110|10011010|10011010|10011010|10011010|10011010,9,9
88,14,random,R0.5,1.480938196182251,0.31310429260130324,1.1612189407427898,26314.78125,28000.0,0.046654678881168365,0.827565610408783,0.36551010608673096,0.24120783805847168,12,24,0,13,,,,24,,00101011|01101001|01101010|01001110|11001100|10001110|10001110|10101100|10101100|10110100|00110110|01010110|01010110|01010011|01010011|01010011|01010110|01010110|01010110|01100110,15,15
88,15,random,R0.5,1.7063210010528564,0.29030809475932673,1.2368125242227508,27040.0,28000.0,0.024876203387975693,0.9729907512664795,0.4873468577861786,0.22110718488693237,16,22,0,12,,,,22,,11010100|11010010|11010001|11110000|11010100|11000110|11000110|11000110|11001100|11001100|11001100|11001100|10011100|10001101|10001101|00011101|00111001|00111001|00011101|00011101,16,16
89,0,baseline,B1,0.768275260925293,0.49762727329344836,0.6979039293858339,12118.400390625,11000.0,0.034448519349098206,0.24647992849349976,0.4873467981815338,0.0,16,0,1,1,,,0,0,0,11100010|11100010|11100010|11100010|11100010|11100010|11100010|11100010|11100010|11100010|11100010|11100010|11100010|11100010|11100010|11100010|11100010|11100010|11100010|11100010,1,4
89,1,baseline,B2,1.4780778884887695,0.3343166101092284,1.095666800552808,22981.8828125,25220.0,0.045408591628074646,0.808316171169281,0.12183671444654465,0.5025163292884827,4,50,3,17,,,50,50,0,00001111|11110000|01110010|01110010|11000110|01100110|01100011|01100011|10110010|10010011|11010010|10011010|01011010|10001110|01001110|01100011|01100011|00111010|00011110|10100110,15,14
89,2,baseline,B3,0.890238881111145,0.5303404530182172,0.6342361144782166,19321.41015625,18900.0,0.08439408242702484,0.613347589969635,0.15229588747024536,0.04020130634307861,5,4,1,3,,,4,4,0,10000111|10000111|10000111|10000111|10000111|10000111|10000111|10000111|10000111|10000111|10000111|10000111|10000111|00010111|00010111|00010111|01010110|01010110|01010110|01010110,3,1
89,3,baseline,B4,1.1035140752792358,0.3822586587504706,0.9616577823681183,16604.615234375,16420.0,0.038544461131095886,0.4557861387729645,0.6091835498809814,0.0,20,0,1,1,,,0,0,0,00001111|00001111|00001111|00001111|00001111|00001111|00001111|00001111|00001111|00001111|00001111|00001111|00001111|00001111|00001111|00001111|00001111|00001111|00001111|00001111,11,11
89,4,perturb,B1p0,0.8505327701568604,0.47419838746763116,0.7461295058888129,14249.6455078125,14200.0,0.0375957228243351,0.3560493588447571,0.4568876326084137,0.0,15,0,2,1,B1,C,0,0,0,01100110|01100110|01100110|01100110|01100110|01100110|01100110|01100110|01100110|01100110|01100110|01100110|01100110|01100110|01100110|01100110|01100110|01100110|01100110|01100110,2,5
89,5,perturb,B1p1,0.958909273147583,0.42710517871782455,0.8507249759030889,14984.5537109375,14700.0,0.037031389772892,0.3736126720905304,0.5482652187347412,0.0,18,0,0,1,B1,C,0,0,0,11010010|11010010|11010010|11010010|11010010|11010010|11010010|11010010|11010010|11010010|11010010|11010010|11010010|11010010|11010010|11010010|11010010|11010010|11010010|11010010,7,7
89,6,perturb,B2p0,1.4360778331756592,0.3411024493976186,1.07557240870493,21981.8828125,24220.0,0.045408591628074646,0.7663162350654602,0.12183671444654465,0.5025163292884827,4,50,3,16,B2,B,50,50,0,00001111|11110000|01110010|01110010|11000110|01100011|01100011|01100011|10110010|10010011|11010010|10011010|01011010|10001110|01001110|01100011|01100011|00111010|00011110|10100110,14,13
89,7,perturb,B2p1,1.525960922241211,0.32085866070811964,1.1367545621372337,23500.34375,26200.0,0.04353811591863632,0.8276104927062988,0.15229588747024536,0.5025163292884827,5,50,3,17,B2,B,50,50,0,00001111|11110000|01110010|11000110|11000110|01100110|01100011|01100011|10110010|10010011|11010010|10011010|01011010|10001110|01001110|01100011|01100011|00111010|00011110|10100110,16,15
89,8,perturb,B3p0,0.890238881111145,0.5301584755221843,0.63457930671146,19321.41015625,18900.0,0.08439408242702484,0.613347589969635,0.15229588747024536,0.04020130634307861,5,4,1,3,B3,B,4,4,0,10000111|10000111|10000111|10000111|10000111|10000111|10000111|10000111|10000111|10000111|10000111|10000111|10000111|00010111|00010111|01010110|01010110|01010110|01010110|01010110,4,2
89,9,perturb,B3p1,0.9472389221191406,0.5161371390196875,0.6613827755180718,19321.41015625,18900.0,0.0793815478682518,0.6449009776115417,0.18275506794452667,0.04020130634307861,6,4,1,3,B3,B,4,4,0,10000111|10000111|10000111|10000111|10000111|10000111|10000111|10000111|10000111|10000111|10000111|10000111|00010111|00010111|00010111|00010111|01010110|01010110|01010110|01010110,5,3
89,10,random,R0.0,1.0275368690490723,0.3915678687687295,0.9375964228445378,15538.4609375,16800.0,0.04591182991862297,0.40290066599845886,0.5787243843078613,0.0,19,0,1,1,,,,0,,11001100|11001100|11001100|11001100|11001100|11001100|11001100|11001100|11001100|11001100|11001100|11001100|11001100|11001100|11001100|11001100|11001100|11001100|11001100|11001100,9,10
89,11,random,R0.0,0.9536875486373901,0.43917962727546545,0.8228467758475029,15426.025390625,15420.0,0.04331096634268761,0.42302972078323364,0.4873468279838562,0.0,16,0,2,1,,,,0,,00100111|00100111|00100111|00100111|00100111|00100111|00100111|00100111|00100111|00100111|00100111|00100111|00100111|00100111|00100111|00100111|00100111|00100111|00100111|00100111,6,6
89,12,random,R0.1,1.02149498462677,0.4127726285486766,0.8848583738235543,16697.46484375,16500.0,0.052833057940006256,0.46121442317962646,0.4873468577861786,0.020100653171539307,16,2,2,2,,,,2,,01101100|01101100|01101100|01101100|01101100|01101100|01101100|01101100|01101100|01101100|01101100|01101100|01101100|01101100|01101100|01101100|01101100|01101100|11101000|11101000,8,9
89,13,random,R0.1,1.096796989440918,0.42425153779985786,0.8574287501251477,19461.5390625,20300.0,0.07683933526277542,0.6246048808097839,0.33505094051361084,0.06030195951461792,11,6,2,4,,,,6,,00111100|00111100|00111100|10111000|10011100|10011100|10011100|10011100|10011100|10011100|10011100|10011100|10011100|10011100|10011100|11010100|11010100|11010100|11010100|11010100,10,8
89,14,random,R0.5,1.1563127040863037,0.3571874703969444,1.0294945078712068,19764.486328125,20920.0,0.046814434230327606,0.5216481685638428,0.4873467981815338,0.10050326585769653,16,10,2,6,,,,10,,10110001|10110001|10011001|10011001|10110001|10110001|10110001|10100011|10100011|10100011|10100011|10110010|10110010|00110011|00110011|00110011|00110011|00110011|00110011|00110011,12,12
89,15,random,R0.5,1.3050371408462524,0.286990517890642,1.2483061024768705,22302.947265625,23600.0,0.032566800713539124,0.49212294816970825,0.6396427154541016,0.14070457220077515,21,14,1,8,,,,14,,11010100|10010101|10010101|10010101|10010101|10100101|11100100|11100100|11100100|11100100|11100100|11001100|11001010|01011010|01011010|00011011|00011011|00011011|00011011|00011011,13,16
91,0,baseline,B1,0.6079012155532837,0.5988377376448789,0.5127646063034378,10095.732421875,10200.0,0.030745651572942734,0.2725638151168823,0.3045917749404907,0.0,10,0,1,1,,,0,0,0,11000011|11000011|11000011|11000011|11000011|11000011|11000011|11000011|11000011|11000011|11000011|11000011|11000011|11000011|11000011|11000011|11000011|11000011|11000011|11000011,1,5
91,1,baseline,B2,0.7871790528297424,0.581431163731447,0.5422626911045746,13592.689453125,16360.0,0.029092732816934586,0.5065198540687561,0.030459178611636162,0.22110718488693237,1,22,4,11,,,22,22,0,00001111|00101101|00101101|00101101|00101101|10100101|10100101|01101001|01100011|01100011|01100011|01100011|11100010|11001010|11011000|11011000|11011000|10011100|11010100|10110100,11,7
91,2,baseline,B3,0.6984223127365112,0.6217085646162694,0.4752838416777695,13500.0,14740.0,0.05800163745880127,0.4984833002090454,0.12183671444654465,0.020100653171539307,4,2,1,2,,,2,2,0,11010010|11010010|11010010|11010010|11010010|11010010|11010010|11010010|11010010|11010010|11010010|11010010|11010010|11010001|11010001|11010001|11010001|11010001|11010001|11010001,6,2
91,3,baseline,B4,0.7158442735671997,0.5611711994395725,0.577729251672344,12287.3681640625,13760.0,0.03334575891494751,0.3779067397117615,0.3045917749404907,0.0,10,0,1,1,,,0,0,0,00001111|00001111|00001111|00001111|00001111|00001111|00001111|00001111|00001111|00001111|00001111|00001111|00001111|00001111|00001111|00001111|00001111|00001111|00001111|00001111,7,11
91,4,perturb,B1p0,0.8043834567070007,0.534052709544177,0.6272607378815912,12984.615234375,12800.0,0.024617988616228104,0.3837960958480835,0.39596933126449585,0.0,13,0,1,1,B1,C,0,0,0,01001011|01001011|01001011|01001011|01001011|01001011|01001011|01001011|01001011|01001011|01001011|01001011|01001011|01001011|01001011|01001011|01001011|01001011|01001011|01001011,12,13
91,5,perturb,B1p1,0.6811043620109558,0.6048470521766484,0.5027796592317895,12020.0,12020.0,0.036081016063690186,0.370890736579895,0.2741326093673706,0.0,9,0,2,1,B1,C,0,0,0,10010011|10010011|10010011|10010011|10010011|10010011|10010011|10010011|10010011|10010011|10010011|10010011|10010011|10010011|10010011|10010011|10010011|10010011|10010011|10010011,5,4
91,6,perturb,B2p0,0.8432527184486389,0.5600178568492638,0.5797866085305009,14131.150390625,16560.0,0.026783913373947144,0.534443199634552,0.060918357223272324,0.22110718488693237,2,22,2,11,B2,B,22,22,0,00001111|00101101|00101101|00101101|00101101|10100101|01101001|01101001|01100011|01100011|01100011|01100011|11100010|11001010|11011000|11011000|11011000|10011100|11010100|10110100,13,12
91,7,perturb,B2p1,0.7624022960662842,0.5771842888474265,0.5495936720519345,13361.919921875,16160.0,0.027938324958086014,0.4725390076637268,0.060918357223272324,0.20100653171539307,2,20,4,10,B2,B,22,20,-2,00001111|00101101|00101101|00101101|00101101|10100101|10100101|01101001|01100011|01100011|01100011|01100011|11100010|11001010|11011000|11011000|11011000|11011000|11010100|10110100,9,9
91,8,perturb,B3p0,0.6592684388160706,0.6232738503190023,0.4727692896508068,13500.0,14640.0,0.056131161749362946,0.43074071407318115,0.15229588747024536,0.020100653171539307,5,2,1,2,B3,B,2,2,0,11010010|11010010|11010010|11010010|11010010|11010010|11010010|11010010|11010010|11010010|11010010|11010010|11010001|11010001|11010001|11010001|11010001|11010001|11010001|11010001,4,1
91,9,perturb,B3p1,0.7721668481826782,0.5776545046821664,0.5487793317936062,13500.0,15540.0,0.05198861286044121,0.5173224806785583,0.18275506794452667,0.020100653171539307,6,2,1,2,B3,B,2,2,0,11010010|11010010|11010010|11010010|11010010|11010010|11010010|11010010|11010010|11010010|11010010|11010010|11010010|11010010|11010001|11010001|11010001|11010001|11010001|11010001,10,8
91,10,random,R0.0,0.7306461930274963,0.568384424189915,0.5649572860376928,12500.0,12520.0,0.03773827478289604,0.3883160948753357,0.3045917749404907,0.0,10,0,1,1,,,,0,,01010011|01010011|01010011|01010011|01010011|01010011|01010011|01010011|01010011|01010011|01010011|01010011|01010011|01010011|01010011|01010011|01010011|01010011|01010011|01010011,8,10
91,11,random,R0.0,0.6332160830497742,0.5847705022838439,0.5365358125098442,11540.0,14520.0,0.05003395304083824,0.36996784806251526,0.21321424841880798,0.0,7,0,1,1,,,,0,,11010010|11010010|11010010|11010010|11010010|11010010|11010010|11010010|11010010|11010010|11010010|11010010|11010010|11010010|11010010|11010010|11010010|11010010|11010010|11010010,3,6
91,12,random,R0.1,0.9332940578460693,0.48769086279865337,0.718073551732486,15181.5390625,16320.0,0.027849651873111725,0.4692738354206085,0.39596930146217346,0.04020130634307861,13,4,2,3,,,,4,,01001101|01001101|01010101|00010111|00010111|00010111|00010111|00010111|00010111|00010111|00010111|00010111|00010111|00010111|00010111|00010111|00010111|00010111|00010111|00010111,14,14
91,13,random,R0.1,0.6260398030281067,0.6147638068387538,0.48651713886393955,11334.259765625,10880.0,0.04143325239419937,0.3409331440925598,0.2436734288930893,0.0,8,0,0,1,,,,0,,11100010|11100010|11100010|11100010|11100010|11100010|11100010|11100010|11100010|11100010|11100010|11100010|11100010|11100010|11100010|11100010|11100010|11100010|11100010|11100010,2,3
91,14,random,R0.5,1.2688260078430176,0.3847980994669411,0.9550364992180085,24501.5390625,25520.0,0.04591214656829834,0.7477746605873108,0.2741326093673706,0.20100653171539307,9,20,2,11,,,,20,,10011100|01011100|01011100|01110100|11100100|11100100|11000110|01000111|11000101|01010101|01010101|01010101|01010101|01010101|01010101|01110100|01110100|01110100|01101100|01100101,15,15
91,15,random,R0.5,1.2776739597320557,0.3330678172980286,1.099409154187034,22536.59765625,26020.0,0.026624426245689392,0.6437151432037354,0.42642849683761597,0.18090587854385376,14,18,1,10,,,,18,,00001111|00001111|00001111|00001111|00001111|01001101|01001101|01010101|01110100|01110100|00110101|00110101|00101101|01100101|01100101|11100100|01100101|01001101|01001101|01001101,16,16
92,0,baseline,B1,0.9269343614578247,0.45554583998441467,0.786258930716858,14958.13671875,15200.0,0.03596256673336029,0.40362492203712463,0.4873468279838562,0.0,16,0,1,1,,,0,0,0,01011001|01011001|01011001|01011001|01011001|01011001|01011001|01011001|01011001|01011001|01011001|01011001|01011001|01011001|01011001|01011001|01011001|01011001|01011001|01011001,5,5
92,1,baseline,B2,1.545874834060669,0.30180047475779914,1.1979891595621535,25407.826171875,29700.0,0.04156113415956497,0.8689855933189392,0.21321424841880798,0.42211371660232544,7,42,7,17,,,42,42,0,00001111|11101000|01111000|00111010|10101010|00111010|00111010|00111010|00011110|01000111|10010101|00110101|00011101|01011001|11011000|11011000|01001011|11001001|01101001|11001001,16,16
92,2,baseline,B3,0.7302654385566711,0.5857228183312266,0.5349086075685797,15294.3037109375,14900.0,0.0689561739563942,0.45845359563827515,0.18275506794452667,0.020100653171539307,6,2,2,2,,,2,2,0,00111100|00111100|00111100|00111100|00111100|00111100|00111100|00111100|00111100|00111100|00111100|00111100|00111100|00111100|00111010|00111010|00111010|00111010|00111010|00111010,1,1
92,3,baseline,B4,1.0130270719528198,0.4178496483531272,0.8726336040975033,15943.0771484375,15420.0,0.046237681061029434,0.44898340106010437,0.5178060531616211,0.0,17,0,0,1,,,0,0,0,00001111|00001111|00001111|00001111|00001111|00001111|00001111|00001111|00001111|00001111|00001111|00001111|00001111|00001111|00001111|00001111|00001111|00001111|00001111|00001111,8,9
92,4,perturb,B1p0,1.0710668563842773,0.41334146178135905,0.8834812436444673,16961.5390625,16700.0,0.04041892662644386,0.4823826253414154,0.5482651591300964,0.0,18,0,1,1,B1,C,0,0,0,01010011|01010011|01010011|01010011|01010011|01010011|01010011|01010011|01010011|01010011|01010011|01010011|01010011|01010011|01010011|01010011|01010011|01010011|01010011|01010011,10,11
92,5,perturb,B1p1,1.000752329826355,0.44415364412992747,0.8115847310721166,16500.0,17100.0,0.040842343121767044,0.47256311774253845,0.4873468279838562,0.0,16,0,1,1,B1,C,0,0,0,01110001|01110001|01110001|01110001|01110001|01110001|01110001|01110001|01110001|01110001|01110001|01110001|01110001|01110001|01110001|01110001|01110001|01110001|01110001|01110001,6,6
92,6,perturb,B2p0,1.4351125955581665,0.3050189055259559,1.1873815189647337,23407.82421875,29900.0,0.03925565630197525,0.7702710628509521,0.2436734288930893,0.3819124102592468,8,38,8,15,B2,B,42,38,-4,00001111|11101000|01111000|00111010|00111010|00111010|00111010|00111010|00011110|01000111|10010101|00110101|00011101|01011001|11011000|11011000|01001011|11001001|01101001|11001001,13,15
92,7,perturb,B2p1,1.465061068534851,0.32655806030560364,1.1191475197177516,24046.611328125,26400.0,0.04056064784526825,0.7989146113395691,0.2436734288930893,0.3819124102592468,8,38,6,15,B2,B,42,38,-4,00001111|11101000|01111000|00111010|10101010|00111010|00111010|00111010|00011110|01000111|10010101|00110101|00011101|01011001|11011000|11011000|01001011|11001001|11001001|11001001,14,13
92,8,perturb,B3p0,0.7865220904350281,0.5514356919356119,0.5952300528253418,15294.3037109375,14900.0,0.06278922408819199,0.4599587619304657,0.2436734288930893,0.020100653171539307,8,2,2,2,B3,B,2,2,0,00111100|00111100|00111100|00111100|00111100|00111100|00111100|00111100|00111100|00111100|00111100|00111100|00111100|00111100|00111100|00111010|00111010|00111010|00111010|00111010,3,3
92,9,perturb,B3p1,0.75571209192276,0.5714920400969394,0.5595047239336133,15294.3037109375,14900.0,0.06394363194704056,0.45845362544059753,0.21321424841880798,0.020100653171539307,7,2,2,2,B3,B,2,2,0,00111100|00111100|00111100|00111100|00111100|00111100|00111100|00111100|00111100|00111100|00111100|00111100|00111100|00111010|00111010|00111010|00111010|00111010|00111010|00111010,2,2
92,10,random,R0.0,1.1058495044708252,0.41403197515819473,0.8818120734576373,17520.0,17520.0,0.056420810520648956,0.5316226482391357,0.5178060531616211,0.0,17,0,0,1,,,,0,,11000110|11000110|11000110|11000110|11000110|11000110|11000110|11000110|11000110|11000110|11000110|11000110|11000110|11000110|11000110|11000110|11000110|11000110|11000110|11000110,11,10
92,11,random,R0.0,0.9114171862602234,0.46822769280881354,0.7588005782827227,15327.0234375,15320.0,0.05411174148321152,0.43087688088417053,0.4264284670352936,0.0,14,0,1,1,,,,0,,10101010|10101010|10101010|10101010|10101010|10101010|10101010|10101010|10101010|10101010|10101010|10101010|10101010|10101010|10101010|10101010|10101010|10101010|10101010|10101010,4,4
92,12,random,R0.1,1.065765142440796,0.4194828441416464,0.868732649878609,17307.69140625,17800.0,0.05452531576156616,0.5342515110969543,0.4568876624107361,0.020100653171539307,15,2,1,2,,,,2,,11001001|11001001|11001001|11001001|11001001|11001001|11001001|11001001|11101000|11101000|11101000|11101000|11101000|11101000|11101000|11101000|11101000|11101000|11101000|11101000,9,8
92,13,random,R0.1,1.0034765005111694,0.43906871179502116,0.8230993592595054,17366.154296875,18120.0,0.059264395385980606,0.5281422138214111,0.39596930146217346,0.020100653171539307,13,2,2,2,,,,2,,01001011|01001011|01001011|01001011|01001011|11001001|11001001|11001001|11001001|11001001|11001001|11001001|11001001|11001001|11001001|11001001|11001001|11001001|11001001|11001001,7,7
92,14,random,R0.5,1.2344101667404175,0.33205761586283833,1.10244678336674,22758.4609375,24020.0,0.05136885121464729,0.5854490995407104,0.4568876624107361,0.14070457220077515,15,14,3,8,,,,14,,10100110|10100110|10100110|10100110|10100110|10100110|10100110|10101010|10101010|10101010|10001110|10001011|10000111|10000111|10001101|00011101|00011101|00011011|00011011|00011011,12,12
92,15,random,R0.5,1.4679735898971558,0.30935705334620334,1.1732591567278012,24173.845703125,26320.0,0.03703955188393593,0.7626813650131226,0.4873468279838562,0.18090587854385376,16,18,2,10,,,,18,,10110001|10110001|00110101|00010111|00010111|01000111|01000111|11000011|10010011|10010011|10010011|10010011|10011001|10011001|10011001|11010001|11010001|01110001|11010001|11010001,15,14
93,0,baseline,B1,0.771732747554779,0.5430307123265817,0.6105894001935738,12705.1611328125,14020.0,0.03398433327674866,0.31131988763809204,0.42642849683761597,0.0,14,0,3,1,,,0,0,0,10110001|10110001|10110001|10110001|10110001|10110001|10110001|10110001|10110001|10110001|10110001|10110001|10110001|10110001|10110001|10110001|10110001|10110001|10110001|10110001,3,6
93,1,baseline,B2,1.216568112373352,0.4739856257037045,0.7465782832664992,20832.59765625,23300.0,0.04176216945052147,0.751459538936615,0.12183671444654465,0.3015097975730896,4,30,5,14,,,30,30,0,10000111|10010011|10010011|10110001|10110001|10110010|10010011|00110011|00101101|10101001|10101001|10101001|00111100|00111100|10011100|10011001|10001101|10001101|10011001|11010001,13,10
93,2,baseline,B3,0.7484108209609985,0.6628234463427376,0.411246619368106,15427.890625,15600.0,0.08009277284145355,0.5062800645828247,0.12183671444654465,0.04020130634307861,4,4,3,3,,,4,4,0,10100011|10100011|10100011|10100011|10100011|10100011|10100011|10100011|10100011|10100011|10100101|10100101|10100101|00100111|00100111|00100111|00100111|00100111|00100111|00100111,1,1
93,3,baseline,B4,1.1124151945114136,0.49181664970817596,0.709649295140778,18000.0,18000.0,0.044036705046892166,0.5505725741386414,0.5178060531616211,0.0,17,0,1,1,,,0,0,0,00001111|00001111|00001111|00001111|00001111|00001111|00001111|00001111|00001111|00001111|00001111|00001111|00001111|00001111|00001111|00001111|00001111|00001111|00001111|00001111,9,9
93,4,perturb,B1p0,0.8132526874542236,0.5593091387349532,0.5810529376940325,13927.890625,13940.0,0.04987051337957382,0.39787203073501587,0.36551010608673096,0.0,12,0,3,1,B1,C,0,0,0,10110010|10110010|10110010|10110010|10110010|10110010|10110010|10110010|10110010|10110010|10110010|10110010|10110010|10110010|10110010|10110010|10110010|10110010|10110010|10110010,5,5
93,5,perturb,B1p1,1.0046037435531616,0.5165846289161954,0.6605161530871163,17000.0,17600.0,0.04373788833618164,0.5039781928062439,0.45688769221305847,0.0,15,0,2,1,B1,C,0,0,0,10100101|10100101|10100101|10100101|10100101|10100101|10100101|10100101|10100101|10100101|10100101|10100101|10100101|10100101|10100101|10100101|10100101|10100101|10100101|10100101,8,7
93,6,perturb,B2p0,1.216568112373352,0.4736900576176891,0.7472020580468399,20832.59765625,23300.0,0.04176216945052147,0.751459538936615,0.12183671444654465,0.3015097975730896,4,30,5,14,B2,B,30,30,0,10000111|10010011|10110001|10110001|10110001|10110010|10010011|00110011|00101101|10101001|10101001|10101001|00111100|00111100|10011100|10011001|10001101|10001101|10011001|11010001,14,11
93,7,perturb,B2p1,1.216568112373352,0.47244435500380233,0.7498353061711592,20832.59765625,23300.0,0.04176216945052147,0.7514594793319702,0.12183671444654465,0.3015097975730896,4,30,5,14,B2,B,30,30,0,10000111|10010011|10010011|10110001|10110010|10110010|10010011|00110011|00101101|10101001|10101001|10101001|00111100|00111100|10011100|10011001|10001101|10001101|10011001|11010001,15,12
93,8,perturb,B3p0,0.7694575786590576,0.6490617329092707,0.43222744675657043,15427.890625,15600.0,0.07548035681247711,0.5014800429344177,0.15229588747024536,0.04020130634307861,5,4,3,3,B3,B,4,4,0,10100011|10100011|10100011|10100011|10100011|10100011|10100011|10100011|10100011|10100011|10100011|10100101|10100101|00100111|00100111|00100111|00100111|00100111|00100111|00100111,2,2
93,9,perturb,B3p1,0.7899670600891113,0.6246470095998107,0.47056857343696085,15427.890625,15600.0,0.07277141511440277,0.49423933029174805,0.18275506794452667,0.04020130634307861,6,4,2,3,B3,B,4,4,0,10100011|10100011|10100011|10100011|10100011|10100011|10100011|10100011|10100011|10100011|10100101|10100101|00100111|00100111|00100111|00100111|00100111|00100111|00100111|00100111,4,3
93,10,random,R0.0,0.9689695239067078,0.5604663001999703,0.5789861628091956,16150.4443359375,16000.0,0.05338504910469055,0.48915591835975647,0.42642849683761597,0.0,14,0,1,1,,,,0,,11000101|11000101|11000101|11000101|11000101|11000101|11000101|11000101|11000101|11000101|11000101|11000101|11000101|11000101|11000101|11000101|11000101|11000101|11000101|11000101,6,4
93,11,random,R0.0,0.993976354598999,0.5131083053833025,0.667268334489519,16000.0,16000.0,0.04406622052192688,0.46256333589553833,0.4873468577861786,0.0,16,0,1,1,,,,0,,01010011|01010011|01010011|01010011|01010011|01010011|01010011|01010011|01010011|01010011|01010011|01010011|01010011|01010011|01010011|01010011|01010011|01010011|01010011|01010011,7,8
93,12,random,R0.1,1.1506115198135376,0.46288612119236483,0.7702742136964754,18000.0,18000.0,0.04084477946162224,0.5310423374176025,0.5787243247032166,0.0,19,0,1,1,,,,0,,01100101|01100101|01100101|01100101|01100101|01100101|01100101|01100101|01100101|01100101|01100101|01100101|01100101|01100101|01100101|01100101|01100101|01100101|01100101|01100101,10,13
93,13,random,R0.1,1.2156537771224976,0.3899661979006376,0.9416952156643313,19500.0,19700.0,0.026461942121386528,0.5093477368354797,0.6396427154541016,0.04020130634307861,21,4,2,3,,,,4,,10110100|10110100|10110100|10110100|01110100|01110100|01110100|01110100|01110100|01110001|01110001|01110001|01110001|01110001|01110001|01110001|01110001|01110001|01110001|01110001,12,15
93,14,random,R0.5,1.6724281311035156,0.34763324043310345,1.0566072617593696,27520.0,29000.0,0.04256889969110489,0.8909462094306946,0.5178059935569763,0.22110718488693237,17,22,0,12,,,,22,,00110101|00010111|00001111|00001111|10001101|10001101|11000101|11000101|10010101|10001101|10101100|10101100|10001110|11000110|11000110|11010010|11010010|11010010|11010010|11001010,16,16
93,15,random,R0.5,1.1694271564483643,0.4286998570255102,0.846998238885352,20146.69921875,21000.0,0.03811442852020264,0.6043809056282043,0.4264284670352936,0.10050326585769653,14,10,2,6,,,,10,,00110101|00110101|00110101|10110001|10110001|10110001|10110001|10110001|10110001|10110001|10011001|00111001|00111001|00101101|00101101|00101101|00101101|00101101|00101110|00101110,11,14
94,0,baseline,B1,0.9260933995246887,0.44213403936575074,0.8161421863937932,14482.615234375,14100.0,0.03383779898285866,0.37444958090782166,0.5178059935569763,0.0,17,0,0,1,,,0,0,0,10110100|10110100|10110100|10110100|10110100|10110100|10110100|10110100|10110100|10110100|10110100|10110100|10110100|10110100|10110100|10110100|10110100|10110100|10110100|10110100,6,8
94,1,baseline,B2,1.469459056854248,0.34077612621763487,1.0765295386590463,23227.794921875,26700.0,0.04591580107808113,0.8491334915161133,0.15229588747024536,0.42211371660232544,5,42,7,15,,,42,42,0,00001111|10110001|10110001|00110101|00110101|00110101|10100101|11010001|11110000|11110000|10010011|01100011|11010001|11010010|10010110|00111100|00011110|00011110|00011011|00010111,14,13
94,2,baseline,B3,0.7911834716796875,0.5338015756781003,0.6277310902024688,15769.23046875,17300.0,0.07640604674816132,0.4918209910392761,0.18275506794452667,0.04020130634307861,6,4,2,3,,,4,4,0,00110101|00110101|00110101|00110101|00110101|00110101|00100111|00100111|00100111|00100111|00100111|00100111|00100111|00100111|00100111|00100111|00100111|10000111|10000111|10000111,1,1
94,3,baseline,B4,1.0392050743103027,0.4538763430664361,0.7899304901411675,18384.615234375,18200.0,0.07619497179985046,0.5974999666213989,0.36551013588905334,0.0,12,0,1,1,,,0,0,0,00001111|00001111|00001111|00001111|00001111|00001111|00001111|00001111|00001111|00001111|00001111|00001111|00001111|00001111|00001111|00001111|00001111|00001111|00001111|00001111,9,5
94,4,perturb,B1p0,1.0713211297988892,0.40899790476055475,0.8940452457872865,17323.615234375,17200.0,0.04631735011935234,0.5071977376937866,0.5178060531616211,0.0,17,0,0,1,B1,C,0,0,0,11100100|11100100|11100100|11100100|11100100|11100100|11100100|11100100|11100100|11100100|11100100|11100100|11100100|11100100|11100100|11100100|11100100|11100100|11100100|11100100,10,10
94,5,perturb,B1p1,0.9143151640892029,0.4517462168364568,0.794634724007606,15000.0,15000.0,0.04440159350633621,0.4130258858203888,0.4568876624107361,0.0,15,0,0,1,B1,C,0,0,0,00110101|00110101|00110101|00110101|00110101|00110101|00110101|00110101|00110101|00110101|00110101|00110101|00110101|00110101|00110101|00110101|00110101|00110101|00110101|00110101,4,6
94,6,perturb,B2p0,1.416337013244629,0.33988778788745744,1.0791397514707979,22227.794921875,26400.0,0.04404532536864281,0.7875233888626099,0.18275506794452667,0.40201306343078613,6,40,7,14,B2,B,42,40,-2,00001111|10110001|10110001|00110101|00110101|00110101|10100101|11010001|11110000|11110000|10010011|01100011|11010001|11010010|10010110|00111100|00011110|00011110|00010111|00010111,13,14
94,7,perturb,B2p1,1.3704172372817993,0.3781466120895827,0.9724732958909773,22227.794921875,24800.0,0.046716053038835526,0.8095934391021729,0.15229588747024536,0.3618117570877075,5,36,6,14,B2,B,42,36,-6,00001111|10110001|10110001|00110101|00110101|00110101|10100101|11010001|11110000|11110000|10010011|10010011|11010001|11010010|10010110|00111100|00011110|00011110|00011011|00010111,12,11
94,8,perturb,B3p0,0.847357988357544,0.5045042234736535,0.684179067620634,15769.23046875,17300.0,0.0702391117811203,0.4932440519332886,0.2436734288930893,0.04020130634307861,8,4,2,3,B3,B,4,4,0,00110101|00110101|00110101|00110101|00110101|00110101|00100111|00100111|00100111|00100111|00100111|00100111|00100111|00100111|00100111|00100111|10000111|10000111|10000111|10000111,3,3
94,9,perturb,B3p1,0.8330970406532288,0.5173846824860056,0.6589686144500281,16384.615234375,17000.0,0.0740819126367569,0.5055994391441345,0.21321424841880798,0.04020130634307861,7,4,0,3,B3,B,4,4,0,00110101|00110101|00110101|00110101|00110101|00110101|00100111|00100111|00100111|00100111|00100111|00100111|00100111|00100111|00100111|00100111|00100111|00100111|10000111|10000111,2,2
94,10,random,R0.0,0.9188088178634644,0.4630477436110146,0.7699251122618379,15769.23046875,16300.0,0.04252788424491882,0.4193931519985199,0.4568876624107361,0.0,15,0,4,1,,,,0,,10010011|10010011|10010011|10010011|10010011|10010011|10010011|10010011|10010011|10010011|10010011|10010011|10010011|10010011|10010011|10010011|10010011|10010011|10010011|10010011,5,4
94,11,random,R0.0,0.9471630454063416,0.43603817611436024,0.830025479570925,15432.8310546875,15540.0,0.034804608672857285,0.3945523202419281,0.5178060531616211,0.0,17,0,2,1,,,,0,,10110010|10110010|10110010|10110010|10110010|10110010|10110010|10110010|10110010|10110010|10110010|10110010|10110010|10110010|10110010|10110010|10110010|10110010|10110010|10110010,8,9
94,12,random,R0.1,0.9401676654815674,0.4514843035890347,0.7952146717592381,15630.2119140625,14820.0,0.04114728793501854,0.41167351603507996,0.4873468279838562,0.0,16,0,0,1,,,,0,,11010010|11010010|11010010|11010010|11010010|11010010|11010010|11010010|11010010|11010010|11010010|11010010|11010010|11010010|11010010|11010010|11010010|11010010|11010010|11010010,7,7
94,13,random,R0.1,1.2070695161819458,0.3581835634739174,1.0267096768574828,21807.69140625,22200.0,0.05327843129634857,0.5860416293144226,0.4873468577861786,0.08040261268615723,16,8,1,5,,,,8,,00101110|00101110|00101110|01100110|01100110|01100110|01100110|01100110|01100110|01100110|01100101|01010101|01010101|01010101|10010101|10010101|10010101|10010101|10010101|10010101,11,12
94,14,random,R0.5,1.5724329948425293,0.28669147917584836,1.2493486268837968,24884.615234375,26000.0,0.03681113198399544,0.8265514373779297,0.5482652187347412,0.16080522537231445,18,16,2,9,,,,16,,00111001|00111001|00111001|00111001|00111001|00111001|10011001|10011001|10011001|10011001|10011001|10011001|10011010|10011010|00011011|00110011|00011011|01011010|01010011|01001011,15,15
94,15,random,R0.5,1.7626677751541138,0.2288731118370799,1.4745875257775598,29297.447265625,31800.0,0.03894227370619774,0.8836926817893982,0.5787243843078613,0.261308491230011,19,26,2,14,,,,26,,00110101|01010101|01010101|01001101|10001101|10101001|10101010|11101000|11101000|11101000|11101000|11100001|11100001|10100011|10001011|11001010|11001010|11001001|11000101|01010101,16,16
96,0,baseline,B1,0.94271320104599,0.4651339706491312,0.7654298059673237,14653.8466796875,13900.0,0.04188397154211998,0.3525639474391937,0.5482651591300964,0.0,18,0,1,1,,,0,0,0,11010010|11010010|11010010|11010010|11010010|11010010|11010010|11010010|11010010|11010010|11010010|11010010|11010010|11010010|11010010|11010010|11010010|11010010|11010010|11010010,6,5
96,1,baseline,B2,1.380627989768982,0.39293051641860716,0.9341224857504584,21899.267578125,23040.0,0.03965214267373085,0.765333354473114,0.2741326093673706,0.3015097975730896,9,30,3,13,,,30,30,0,00100111|00100111|10110010|10110010|11010010|01011010|01011010|01011010|01011001|00111010|01011010|00110110|00110110|01010110|11010010|11010010|11010010|10010110|10001110|10100110,13,10
96,2,baseline,B3,0.7735409140586853,0.5449240316942585,0.6071088854214568,17500.0,19000.0,0.0969071090221405,0.49449509382247925,0.12183671444654465,0.06030195951461792,4,6,2,4,,,6,6,0,00101011|00101011|00101011|00101011|00101011|10001011|10001011|10001011|10001011|00001111|00001111|00001111|00001111|00001111|00001111|00001111|00001111|00001111|01001011|01001011,1,2
96,3,baseline,B4,0.9202765822410583,0.462984970551244,0.770060686435205,14500.0,14500.0,0.05708567053079605,0.3758440911769867,0.4873468279838562,0.0,16,0,1,1,,,0,0,0,00001111|00001111|00001111|00001111|00001111|00001111|00001111|00001111|00001111|00001111|00001111|00001111|00001111|00001111|00001111|00001111|00001111|00001111|00001111|00001111,4,6
96,4,perturb,B1p0,0.937325656414032,0.4535725350355631,0.7906000772651482,14615.384765625,14200.0,0.0512542687356472,0.3682652711868286,0.5178059935569763,0.0,17,0,0,1,B1,C,0,0,0,11000110|11000110|11000110|11000110|11000110|11000110|11000110|11000110|11000110|11000110|11000110|11000110|11000110|11000110|11000110|11000110|11000110|11000110|11000110|11000110,5,7
96,5,perturb,B1p1,0.9656524658203125,0.472147239675232,0.750464393577913,15596.923828125,14920.0,0.04868848994374275,0.39915791153907776,0.5178060531616211,0.0,17,0,2,1,B1,C,0,0,0,11001010|11001010|11001010|11001010|11001010|11001010|11001010|11001010|11001010|11001010|11001010|11001010|11001010|11001010|11001010|11001010|11001010|11001010|11001010|11001010,8,4
96,6,perturb,B2p0,1.3373137712478638,0.38652053099955613,0.9505702920561638,20419.267578125,22040.0,0.037922222167253494,0.6932899355888367,0.3045917749404907,0.3015097975730896,10,30,2,12,B2,B,30,30,0,00100111|00100111|10110010|10110010|11010010|01011010|01011010|01011010|01011001|00111010|01011010|00110110|00110110|01010110|11010010|11010010|11010010|10001110|10001110|10100110,12,11
96,7,perturb,B2p1,1.4018528461456299,0.3775375242429793,0.9740853132649488,21899.267578125,24020.0,0.0385003499686718,0.7572509050369263,0.3045917749404907,0.3015097975730896,10,30,3,13,B2,B,30,30,0,00100111|00100111|10110010|10110010|11010010|01011010|01011010|01011001|01011001|00111010|01011010|00110110|00110110|01010110|11010010|11010010|11010010|10010110|10001110|10100110,14,12
96,8,perturb,B3p0,0.7735409140586853,0.5516508442246597,0.5948399614141547,17500.0,18500.0,0.0969071090221405,0.494495153427124,0.12183671444654465,0.06030195951461792,4,6,2,4,B3,B,6,6,0,00101011|00101011|00101011|00101011|00101011|10001011|10001011|10001011|10001011|10001011|00001111|00001111|00001111|00001111|00001111|00001111|00001111|00001111|01001011|01001011,2,1
96,9,perturb,B3p1,0.8561221957206726,0.5206801141237241,0.652619410201824,17500.0,18500.0,0.09074017405509949,0.5223249197006226,0.18275506794452667,0.06030195951461792,6,6,2,4,B3,B,6,6,0,00101011|00101011|00101011|00101011|00101011|10001011|10001011|10001011|10001011|00001111|00001111|00001111|00001111|00001111|00001111|00001111|00001111|00001111|00001111|01001011,3,3
96,10,random,R0.0,0.9652008414268494,0.44233150550659106,0.815695665564879,14526.5009765625,14500.0,0.060797836631536484,0.38659706711769104,0.5178060531616211,0.0,17,0,0,1,,,,0,,00110101|00110101|00110101|00110101|00110101|00110101|00110101|00110101|00110101|00110101|00110101|00110101|00110101|00110101|00110101|00110101|00110101|00110101|00110101|00110101,7,8
96,11,random,R0.0,1.163025975227356,0.36755240134037426,1.0008893818127549,16520.0,16520.0,0.0377979576587677,0.4246669113636017,0.7005611062049866,0.0,23,0,0,1,,,,0,,10101100|10101100|10101100|10101100|10101100|10101100|10101100|10101100|10101100|10101100|10101100|10101100|10101100|10101100|10101100|10101100|10101100|10101100|10101100|10101100,10,13
96,12,random,R0.1,1.2440906763076782,0.3587558600800947,1.0251131773236823,20500.0,22200.0,0.06822498887777328,0.5880155563354492,0.4873468577861786,0.10050326585769653,16,10,1,6,,,,10,,01001011|01100011|01100011|01100101|01100101|01100101|01100101|01100101|01100101|01100101|01001101|01001101|01101001|01101001|01101001|01101001|01101001|01101001|01101001|01111000,11,14
96,13,random,R0.1,1.1073999404907227,0.39675260246586813,0.9244423601368467,16468.150390625,18500.0,0.0370161272585392,0.4514581561088562,0.5787243843078613,0.04020130634307861,19,4,1,3,,,,4,,01101010|01101010|01101010|01101010|01101010|01101010|01101010|01101010|01101010|01101010|01101010|01101010|01011010|01011010|01011010|01011010|01101010|01101010|01101010|01101010,9,9
96,14,random,R0.5,1.5476722717285156,0.32211405077703725,1.1328496011902127,23981.5390625,25700.0,0.047006115317344666,0.7915955781936646,0.5482651591300964,0.16080522537231445,18,16,1,9,,,,16,,11010010|11010001|11010001|10010011|10011010|10011010|10011010|10111000|10111000|11011000|11011000|10011100|10110100|10110100|10110100|10110100|10110100|10110100|10110100|00111100,15,15
96,15,random,R0.5,1.743338704109192,0.2538779619334705,1.370901592252667,27000.0,29000.0,0.04931104555726051,0.8229191303253174,0.6701018810272217,0.20100653171539307,22,20,0,11,,,,20,,01100011|01100101|01000111|01010011|01010011|01010011|01011001|11001001|11001100|11001100|11000101|11000101|11000101|10000111|10001101|10001101|00001111|00001111|00001111|00001111,16,16
97,0,baseline,B1,0.9302831292152405,0.4747277375952475,0.745013823290254,15548.9677734375,14820.0,0.05416363477706909,0.3583134114742279,0.5178059935569763,0.0,17,0,3,1,,,0,0,0,10010101|10010101|10010101|10010101|10010101|10010101|10010101|10010101|10010101|10010101|10010101|10010101|10010101|10010101|10010101|10010101|10010101|10010101|10010101|10010101,1,5
97,1,baseline,B2,1.5139027833938599,0.38491861672389693,0.9547233521720743,24296.333984375,25720.0,0.053162023425102234,0.8448969721794128,0.2741326093673706,0.3417111039161682,9,34,6,13,,,34,34,0,01100011|11000101|11000101|10000111|11000101|11000110|10011100|10011100|10011100|11011000|10101010|01100011|00100111|01000111|00110101|00110101|00110011|00110011|00110011|00110011,13,9
97,2,baseline,B3,0.932792603969574,0.5411744751445221,0.6140135472409676,19423.078125,18900.0,0.09629637748003006,0.5526215434074402,0.2436734288930893,0.04020130634307861,8,4,2,3,,,4,4,0,10001110|10001110|10001110|11000110|11000110|11000110|11000110|11000110|11000110|11000110|11000110|11000110|11000110|11000110|11000101|11000101|11000101|11000101|11000101|11000101,3,1
97,3,baseline,B4,1.2737784385681152,0.35992496275184205,1.0218597060583892,18500.0,18500.0,0.03899132460355759,0.47330769896507263,0.761479377746582,0.0,25,0,1,1,,,0,0,0,00001111|00001111|00001111|00001111|00001111|00001111|00001111|00001111|00001111|00001111|00001111|00001111|00001111|00001111|00001111|00001111|00001111|00001111|00001111|00001111,9,13
97,4,perturb,B1p0,0.9321784377098083,0.47904344490012624,0.7359639865189519,15779.7373046875,16720.0,0.06146848201751709,0.4138222634792328,0.4568876624107361,0.0,15,0,2,1,B1,C,0,0,0,11010100|11010100|11010100|11010100|11010100|11010100|11010100|11010100|11010100|11010100|11010100|11010100|11010100|11010100|11010100|11010100|11010100|11010100|11010100|11010100,2,4
97,5,perturb,B1p1,1.0342398881912231,0.4225548586882032,0.861435997564786,15548.9677734375,15420.0,0.05112902820110321,0.3739272654056549,0.6091835498809814,0.0,20,0,1,1,B1,C,0,0,0,10011100|10011100|10011100|10011100|10011100|10011100|10011100|10011100|10011100|10011100|10011100|10011100|10011100|10011100|10011100|10011100|10011100|10011100|10011100|10011100,6,7
97,6,perturb,B2p0,1.4749083518981934,0.3838136926049876,0.9575980196379749,23911.71875,25520.0,0.051238007843494415,0.7974679470062256,0.3045917749404907,0.3216104507446289,10,32,6,12,B2,B,34,32,-2,01100011|11000101|11000101|10000111|11000101|11000110|10011100|10011100|10011100|10011100|10101010|01100011|00100111|01000111|00110101|00110101|00110011|00110011|00110011|00110011,12,10
97,7,perturb,B2p1,1.5234229564666748,0.37365378386963755,0.9844256218816884,24296.333984375,25720.0,0.05240774154663086,0.824712336063385,0.3045917749404907,0.3417111039161682,10,34,6,13,B2,B,34,34,0,01100011|01100011|11000101|10000111|11000101|11000110|10011100|10011100|10011100|11011000|10101010|01100011|00100111|01000111|00110101|00110101|00110011|00110011|00110011|00110011,14,12
97,8,perturb,B3p0,0.9582392573356628,0.5276117319513784,0.6393946219355243,19423.078125,18900.0,0.09128383547067642,0.5526215434074402,0.2741326093673706,0.04020130634307861,9,4,2,3,B3,B,4,4,0,10001110|10001110|11000110|11000110|11000110|11000110|11000110|11000110|11000110|11000110|11000110|11000110|11000110|11000110|11000101|11000101|11000101|11000101|11000101|11000101,4,2
97,9,perturb,B3p1,0.962989330291748,0.5255686639132282,0.6432744332366452,19423.078125,18900.0,0.09128384292125702,0.5573715567588806,0.2741326093673706,0.04020130634307861,9,4,2,3,B3,B,4,4,0,10001110|10001110|10001110|11000110|11000110|11000110|11000110|11000110|11000110|11000110|11000110|11000110|11000110|11000101|11000101|11000101|11000101|11000101|11000101|11000101,5,3
97,10,random,R0.0,1.0587843656539917,0.43672458850525303,0.8284525148197998,16923.078125,16400.0,0.0547114834189415,0.45580771565437317,0.5482652187347412,0.0,18,0,1,1,,,,0,,01010110|01010110|01010110|01010110|01010110|01010110|01010110|01010110|01010110|01010110|01010110|01010110|01010110|01010110|01010110|01010110|01010110|01010110|01010110|01010110,7,6
97,11,random,R0.0,1.0811153650283813,0.42229068789877794,0.8620613681999322,16443.076171875,16520.0,0.06573181599378586,0.4366592466831207,0.5787243843078613,0.0,19,0,1,1,,,,0,,01101001|01101001|01101001|01101001|01101001|01101001|01101001|01101001|01101001|01101001|01101001|01101001|01101001|01101001|01101001|01101001|01101001|01101001|01101001|01101001,8,8
97,12,random,R0.1,1.2889922857284546,0.353081962637245,1.0410550602264166,21318.19921875,23500.0,0.06553040444850922,0.5442342162132263,0.5787243843078613,0.10050326585769653,19,10,1,6,,,,10,,00011101|00011101|00011101|00011101|00011101|00011101|01010101|01010101|01010101|11000101|11000101|11100100|01100110|01100110|01100110|01100110|01100110|01101100|01101100|01101100,11,14
97,13,random,R0.1,1.2742185592651367,0.3756773124141945,0.9790247157310837,20000.0,20000.0,0.05749215930700302,0.5673415064811707,0.6091835498809814,0.04020130634307861,20,4,0,3,,,,4,,01001011|01001011|01001011|01001011|01001011|01001011|01001011|01001011|01001011|01001011|01001011|01001011|01001011|01001011|01001011|01001011|01010011|01010011|01010011|01010101,10,11
97,14,random,R0.5,1.7003147602081299,0.2688002738643067,1.3137866514932348,27981.5390625,29320.0,0.04887042194604874,0.7602351903915405,0.6701018810272217,0.22110718488693237,22,22,1,12,,,,22,,10100011|10110010|00110110|00110110|00110110|10100110|10100110|11100100|11101000|11101000|11101000|11101000|11001001|10001011|10001011|10101010|10001011|10101010|10011010|10011010,15,15
97,15,random,R0.5,1.858795404434204,0.254144364283303,1.369852810100767,31020.0,32500.0,0.06800574064254761,0.9812158346176147,0.5482652187347412,0.261308491230011,18,26,2,14,,,,26,,01111000|01111000|11110000|11100001|01100011|01101001|01110001|01110010|01110010|00111010|01110010|11010010|11010010|11010010|10011010|00011110|01010110|01010110|01000111|01000111,16,16
98,0,baseline,B1,0.6175448894500732,0.5857637739085254,0.5348386868753566,9303.4609375,8940.0,0.027068501338362694,0.19450701773166656,0.39596933126449585,0.0,13,0,1,1,,,0,0,0,00101011|00101011|00101011|00101011|00101011|00101011|00101011|00101011|00101011|00101011|00101011|00101011|00101011|00101011|00101011|00101011|00101011|00101011|00101011|00101011,1,5
98,1,baseline,B2,1.4572067260742188,0.35092504180138495,1.0471826344440371,21393.97265625,23600.0,0.02878178283572197,0.7334114909172058,0.15229588747024536,0.5427176356315613,5,54,2,16,,,54,54,0,10010011|10010011|01101010|11101000|00110110|11000110|11001001|00111001|00111001|10001101|00110101|00110101|00001111|00101011|00101011|01101010|01110100|00101110|00101011|01100011,16,15
98,2,baseline,B3,0.6974472999572754,0.6362474696079323,0.45216768816589087,14000.0,14300.0,0.06995544582605362,0.4550953507423401,0.15229588747024536,0.020100653171539307,5,2,2,2,,,2,2,0,11001001|11001001|11001001|11001001|11001001|11001001|11001001|11001001|11001001|11001001|11001001|11001001|11001001|11001001|11001001|11001001|11001001|11011000|11011000|11011000,3,2
98,3,baseline,B4,0.7059507966041565,0.5802837541687973,0.5442380637507866,11500.0,11500.0,0.03543050214648247,0.30501019954681396,0.36551013588905334,0.0,12,0,0,1,,,0,0,0,00001111|00001111|00001111|00001111|00001111|00001111|00001111|00001111|00001111|00001111|00001111|00001111|00001111|00001111|00001111|00001111|00001111|00001111|00001111|00001111,5,6
98,4,perturb,B1p0,0.729133665561676,0.5542679451337771,0.5901070536823322,12063.4609375,11820.0,0.040391627699136734,0.32323190569877625,0.36551010608673096,0.0,12,0,2,1,B1,C,0,0,0,00111001|00111001|00111001|00111001|00111001|00111001|00111001|00111001|00111001|00111001|00111001|00111001|00111001|00111001|00111001|00111001|00111001|00111001|00111001|00111001,6,7
98,5,perturb,B1p1,0.8677443861961365,0.4802066708611104,0.7335387034524278,12520.0,12820.0,0.02645590528845787,0.323482483625412,0.5178059935569763,0.0,17,0,1,1,B1,C,0,0,0,10100011|10100011|10100011|10100011|10100011|10100011|10100011|10100011|10100011|10100011|10100011|10100011|10100011|10100011|10100011|10100011|10100011|10100011|10100011|10100011,11,11
98,6,perturb,B2p0,1.422382116317749,0.35042685200639506,1.0486032904176739,20669.291015625,22900.0,0.03279383108019829,0.6945748329162598,0.15229588747024536,0.5427176356315613,5,54,2,15,B2,B,54,54,0,10010011|10010011|01101010|11101000|00110110|11000110|00111001|00111001|00111001|10001101|00110101|00110101|00001111|00101011|00101011|01101010|01110100|00101110|00101011|01100011,15,16
98,7,perturb,B2p1,1.3695801496505737,0.3725979648330183,0.9872552828987601,20669.291015625,23200.0,0.03279383108019829,0.7020747661590576,0.15229588747024536,0.48241567611694336,5,48,2,15,B2,B,54,48,-6,10010011|10010011|01101010|11101000|00110110|11000110|11001001|00111001|00111001|00110101|00110101|00110101|00001111|00101011|00101011|01101010|01110100|00101110|00101011|01100011,14,14
98,8,perturb,B3p0,0.7638826966285706,0.5998217178483761,0.511122804839285,14000.0,14300.0,0.06340369582176208,0.46716415882110596,0.21321424841880798,0.020100653171539307,7,2,2,2,B3,B,2,2,0,11001001|11001001|11001001|11001001|11001001|11001001|11001001|11001001|11001001|11001001|11001001|11001001|11001001|11001001|11001001|11001001|11001001|11001001|11011000|11011000,7,3
98,9,perturb,B3p1,0.7018471360206604,0.6364404730971943,0.4518643875935113,14000.0,14300.0,0.06955531984567642,0.4598953127861023,0.15229588747024536,0.020100653171539307,5,2,2,2,B3,B,2,2,0,11001001|11001001|11001001|11001001|11001001|11001001|11001001|11001001|11001001|11001001|11001001|11001001|11001001|11001001|11001001|11001001|11011000|11011000|11011000|11011000,4,1
98,10,random,R0.0,0.8097648024559021,0.5438970914857586,0.6089952200840514,12500.0,12500.0,0.05167370289564133,0.3621217608451843,0.39596933126449585,0.0,13,0,0,1,,,,0,,10010110|10010110|10010110|10010110|10010110|10010110|10010110|10010110|10010110|10010110|10010110|10010110|10010110|10010110|10010110|10010110|10010110|10010110|10010110|10010110,8,8
98,11,random,R0.0,0.6480215787887573,0.5929690306806557,0.5226131061700037,10535.060546875,10700.0,0.053323786705732346,0.2901059687137604,0.3045917749404907,0.0,10,0,2,1,,,,0,,01110100|01110100|01110100|01110100|01110100|01110100|01110100|01110100|01110100|01110100|01110100|01110100|01110100|01110100|01110100|01110100|01110100|01110100|01110100|01110100,2,4
98,12,random,R0.1,0.8245542049407959,0.49845165347719644,0.6962486782810959,13020.0,13640.0,0.0311964713037014,0.3468285799026489,0.42642849683761597,0.020100653171539307,14,2,3,2,,,,2,,01101010|01101010|01101010|01101010|01101010|01101010|01101010|01101010|10101010|10101010|10101010|10101010|10101010|10101010|10101010|10101010|10101010|10101010|10101010|10101010,9,10
98,13,random,R0.1,0.8417977094650269,0.5183905851666872,0.6570262954386838,12520.0,12520.0,0.040848374366760254,0.3440617620944977,0.45688769221305847,0.0,15,0,0,1,,,,0,,10010011|10010011|10010011|10010011|10010011|10010011|10010011|10010011|10010011|10010011|10010011|10010011|10010011|10010011|10010011|10010011|10010011|10010011|10010011|10010011,10,9
98,14,random,R0.5,1.1449873447418213,0.4223237775668421,0.861983013709371,20063.4609375,21700.0,0.048375777900218964,0.6312145590782166,0.3045917749404907,0.16080522537231445,10,16,1,9,,,,16,,10010110|10110010|10110010|10110010|11100010|10110010|10110010|10110010|00110011|00110011|00110011|00110011|00100111|00101011|00101011|00101011|10101010|10101010|10101010|10101001,12,12
98,15,random,R0.5,1.268510103225708,0.3839417869443872,0.9572643343853126,23520.0,27620.0,0.05314117670059204,0.7000284790992737,0.2741326093673706,0.24120783805847168,9,24,3,13,,,,24,,11100100|11100100|11100100|10101100|10110100|10111000|00111010|00111010|10011010|10011010|00011110|00010111|10010101|10011100|00011101|00011101|00011101|10001101|00101101|00101101,13,13
99,0,baseline,B1,0.7523059844970703,0.5460973535046376,0.6049580160092974,11924.615234375,12340.0,0.015460353344678879,0.310417115688324,0.42642849683761597,0.0,14,0,1,1,,,0,0,0,00111100|00111100|00111100|00111100|00111100|00111100|00111100|00111100|00111100|00111100|00111100|00111100|00111100|00111100|00111100|00111100|00111100|00111100|00111100|00111100,5,8
99,1,baseline,B2,0.9739988446235657,0.5101375760689636,0.6730748326436747,16551.4375,20760.0,0.028305480256676674,0.6033658981323242,0.060918357223272324,0.2814091444015503,2,28,7,12,,,28,28,0,10000111|10100110|10100110|10100110|01100110|10100110|10100110|10100110|00111100|01101100|00111001|01111000|01101100|01101100|01101100|01101100|01110100|01110100|00011101|10010101,12,12
99,2,baseline,B3,0.7556637525558472,0.6291047899281527,0.46345743849752546,15500.0,15500.0,0.07261388003826141,0.5715717077255249,0.09137753397226334,0.020100653171539307,3,2,1,2,,,2,2,0,11001001|11001001|11001001|11001001|11001001|11001001|11001001|11001001|10011001|10011001|10011001|10011001|10011001|10011001|10011001|10011001|10011001|10011001|10011001|10011001,6,2
99,3,baseline,B4,0.9038949608802795,0.5131334298942355,0.6672193703710774,15500.0,15500.0,0.03756091371178627,0.5008238554000854,0.36551013588905334,0.0,12,0,0,1,,,0,0,0,00001111|00001111|00001111|00001111|00001111|00001111|00001111|00001111|00001111|00001111|00001111|00001111|00001111|00001111|00001111|00001111|00001111|00001111|00001111|00001111,9,11
99,4,perturb,B1p0,0.6473629474639893,0.593817819138959,0.5211827084483682,11248.294921875,11740.0,0.028612501919269562,0.3141586482524872,0.3045917749404907,0.0,10,0,3,1,B1,C,0,0,0,00110110|00110110|00110110|00110110|00110110|00110110|00110110|00110110|00110110|00110110|00110110|00110110|00110110|00110110|00110110|00110110|00110110|00110110|00110110|00110110,1,5
99,5,perturb,B1p1,0.6902000308036804,0.5574360938545637,0.5844074120756523,11444.615234375,14040.0,0.02300449274480343,0.3016853928565979,0.36551013588905334,0.0,12,0,3,1,B1,C,0,0,0,01110100|01110100|01110100|01110100|01110100|01110100|01110100|01110100|01110100|01110100|01110100|01110100|01110100|01110100|01110100|01110100|01110100|01110100|01110100|01110100,2,6
99,6,perturb,B2p0,0.9622467756271362,0.5244636468208795,0.6453791637082276,16171.4384765625,19380.0,0.02870560809969902,0.5912137627601624,0.060918357223272324,0.2814091444015503,2,28,5,12,B2,B,28,28,0,10000111|10100110|10100110|10100110|01100110|10100110|10100110|10100110|00111100|01101100|00111001|01111000|01101100|01101100|01101100|01101100|01110100|00011101|00011101|10010101,11,10
99,7,perturb,B2p1,1.046635389328003,0.475537299648086,0.7433099570698481,17330.8359375,21560.0,0.025801315903663635,0.6175881624221802,0.12183671444654465,0.2814091444015503,4,28,7,12,B2,B,28,28,0,10000111|10100110|10100110|10100110|01100110|10100110|10100110|00111100|00111100|01101100|00111001|01111000|01101100|01101100|01101100|01101100|01110100|01110100|00011101|10010101,14,14
99,8,perturb,B3p0,0.7085437774658203,0.632204150985761,0.45854291328455915,15500.0,15500.0,0.07261388003826141,0.524451732635498,0.09137753397226334,0.020100653171539307,3,2,1,2,B3,B,2,2,0,11001001|11001001|11001001|11001001|11001001|11001001|11001001|10011001|10011001|10011001|10011001|10011001|10011001|10011001|10011001|10011001|10011001|10011001|10011001|10011001,3,1
99,9,perturb,B3p1,0.7717307209968567,0.6083021038008987,0.4970836391691044,15500.0,16000.0,0.07074339687824249,0.5590500235557556,0.12183671444654465,0.020100653171539307,4,2,1,2,B3,B,2,2,0,11001001|11001001|11001001|11001001|11001001|11001001|11001001|11001001|11001001|10011001|10011001|10011001|10011001|10011001|10011001|10011001|10011001|10011001|10011001|10011001,7,4
99,10,random,R0.0,0.8243487477302551,0.5557782180846027,0.5873859526457151,14424.615234375,14240.0,0.048415422439575195,0.4713415205478668,0.3045917749404907,0.0,10,0,0,1,,,,0,,01011001|01011001|01011001|01011001|01011001|01011001|01011001|01011001|01011001|01011001|01011001|01011001|01011001|01011001|01011001|01011001|01011001|01011001|01011001|01011001,8,7
99,11,random,R0.0,0.7276062965393066,0.6256511807780202,0.46896228239079507,14500.0,14500.0,0.06218867748975754,0.5131217241287231,0.15229588747024536,0.0,5,0,0,1,,,,0,,10011001|10011001|10011001|10011001|10011001|10011001|10011001|10011001|10011001|10011001|10011001|10011001|10011001|10011001|10011001|10011001|10011001|10011001|10011001|10011001,4,3
99,12,random,R0.1,0.9071533679962158,0.5284231044319101,0.6378579820213228,15270.76953125,15840.0,0.039544761180877686,0.5124568939208984,0.3350509703159332,0.020100653171539307,11,2,2,2,,,,2,,11010100|11010100|11010100|11010100|11010100|11011000|11011000|11011000|11011000|11011000|11011000|11011000|11011000|11011000|11011000|11011000|11011000|11011000|11011000|11011000,10,9
99,13,random,R0.1,1.0103299617767334,0.4906554093036639,0.7120132116198699,16520.0,16520.0,0.04227912798523903,0.5824400186538696,0.36551013588905334,0.020100653171539307,12,2,0,2,,,,2,,10001011|10001011|10001011|10001011|10001011|10001011|11001001|11001001|11001001|11001001|11001001|11001001|11001001|11001001|11001001|11001001|11001001|11001001|11001001|11001001,13,13
99,14,random,R0.5,1.15583074092865,0.40179272323650617,0.9118189371771797,21020.0,23600.0,0.03312437981367111,0.6164916753768921,0.36551013588905334,0.14070457220077515,12,14,2,8,,,,14,,10011010|10011010|10011010|10011010|10011010|10011010|10011010|10011100|10011100|10011100|10011001|10001101|10011001|10011001|10110001|10110001|10110001|10110001|10110100|00111100,15,15
99,15,random,R0.5,1.2554545402526855,0.39740453664712516,0.9228005331089335,22489.23046875,25000.0,0.03411711007356644,0.7053806781768799,0.3350509703159332,0.18090587854385376,11,18,2,10,,,,18,,01001110|01001110|01001110|01010110|01010110|01010110|01010110|10010110|10011010|11011000|11001100|10011100|10011100|10011100|10011100|10110100|10110010|10110010|10110010|10110001,16,16
100,0,baseline,B1,0.948932409286499,0.44181983409874037,0.8168530951633016,14585.8408203125,14220.0,0.023161815479397774,0.3470461964607239,0.5787243843078613,0.0,19,0,2,1,,,0,0,0,11001010|11001010|11001010|11001010|11001010|11001010|11001010|11001010|11001010|11001010|11001010|11001010|11001010|11001010|11001010|11001010|11001010|11001010|11001010|11001010,7,8
100,1,baseline,B2,1.8198156356811523,0.2885193637307619,1.2429930766355175,28193.404296875,29520.0,0.037113167345523834,1.046871304512024,0.21321424841880798,0.522616982460022,7,52,5,19,,,52,52,0,00001111|10010101|01001011|01100101|01010110|10011010|11010010|11100010|11001010|11100010|11110000|10011001|11001001|11001001|10001011|10000111|10011100|10001110|10010110|10001110,14,14
100,2,baseline,B3,0.8477691411972046,0.5678951458842889,0.5658184796184833,17453.71484375,17100.0,0.07648950815200806,0.5483232736587524,0.18275506794452667,0.04020130634307861,6,4,2,3,,,4,4,0,10000111|10000111|10000111|10000111|10010110|10010110|10010110|10010110|10010110|10010110|10010110|10010110|11010010|11010010|11010010|11010010|11010010|11010010|11010010|11010010,2,1
100,3,baseline,B4,0.9627286195755005,0.46805169610125125,0.7591765274101303,16465.298828125,17000.0,0.05022509768605232,0.4860750138759613,0.4264284670352936,0.0,14,0,1,1,,,0,0,0,00001111|00001111|00001111|00001111|00001111|00001111|00001111|00001111|00001111|00001111|00001111|00001111|00001111|00001111|00001111|00001111|00001111|00001111|00001111|00001111,8,6
100,4,perturb,B1p0,0.9763564467430115,0.4418136936672531,0.8168669933038643,15514.4560546875,15120.0,0.03327849134802818,0.4252718687057495,0.5178059935569763,0.0,17,0,1,1,B1,C,0,0,0,10101010|10101010|10101010|10101010|10101010|10101010|10101010|10101010|10101010|10101010|10101010|10101010|10101010|10101010|10101010|10101010|10101010|10101010|10101010|10101010,9,9
100,5,perturb,B1p1,0.8494647741317749,0.47990335265138173,0.7341705439965146,13711.990234375,13740.0,0.03254379704594612,0.3295741081237793,0.4873468577861786,0.0,16,0,2,1,B1,C,0,0,0,11001100|11001100|11001100|11001100|11001100|11001100|11001100|11001100|11001100|11001100|11001100|11001100|11001100|11001100|11001100|11001100|11001100|11001100|11001100|11001100,3,5
100,6,perturb,B2p0,1.774488925933838,0.29473689690003513,1.2216721955145207,27731.865234375,29120.0,0.03520447760820389,1.013195514678955,0.2436734288930893,0.48241567611694336,8,48,5,18,B2,B,52,48,-4,00001111|10010101|01001011|01100101|01010110|10011010|11010010|11100010|11001010|11100010|11110000|10011001|11001001|11001001|10001011|10000111|10000111|10001110|10010110|10001110,13,13
100,7,perturb,B2p1,1.8401199579238892,0.2809954745620113,1.2694167145396,27921.294921875,29120.0,0.035751961171627045,1.038077473640442,0.2436734288930893,0.522616982460022,8,52,6,18,B2,B,52,52,0,00001111|10010101|01001011|01100101|01010110|10011010|10011010|11100010|11001010|11100010|11110000|10011001|11001001|11001001|10001011|10000111|10011100|10001110|10010110|10001110,16,15
100,8,perturb,B3p0,0.8166840672492981,0.5677427320708159,0.5660868993627464,17453.71484375,17100.0,0.07648950815200806,0.517238199710846,0.18275506794452667,0.04020130634307861,6,4,2,3,B3,B,4,4,0,10000111|10000111|10000111|10000111|10010110|10010110|10010110|10010110|10010110|10010110|10010110|11010010|11010010|11010010|11010010|11010010|11010010|11010010|11010010|11010010,1,2
100,9,perturb,B3p1,0.8877657055854797,0.5415435266636917,0.6133318341211234,17992.17578125,17900.0,0.07418069243431091,0.5601693987846375,0.21321424841880798,0.04020130634307861,7,4,2,3,B3,B,4,4,0,10000111|10000111|10000111|10000111|10000111|10010110|10010110|10010110|10010110|10010110|10010110|10010110|11010010|11010010|11010010|11010010|11010010|11010010|11010010|11010010,5,3
100,10,random,R0.0,0.8777522444725037,0.5064358771639254,0.6803575631816294,15733.6474609375,16000.0,0.07071171700954437,0.5024487376213074,0.30459174513816833,0.0,10,0,1,1,,,,0,,01110100|01110100|01110100|01110100|01110100|01110100|01110100|01110100|01110100|01110100|01110100|01110100|01110100|01110100|01110100|01110100|01110100|01110100|01110100|01110100,4,4
100,11,random,R0.0,0.9356884360313416,0.4509485517644012,0.7964020218970289,14681.8828125,14020.0,0.03089640475809574,0.38698601722717285,0.5178060531616211,0.0,17,0,1,1,,,,0,,11100010|11100010|11100010|11100010|11100010|11100010|11100010|11100010|11100010|11100010|11100010|11100010|11100010|11100010|11100010|11100010|11100010|11100010|11100010|11100010,6,7
100,12,random,R0.1,1.0516852140426636,0.42121017036609854,0.8646233528455055,19961.5390625,19700.0,0.058348361402750015,0.526706874370575,0.4264284670352936,0.04020130634307861,14,4,0,3,,,,4,,00011011|00011011|00011011|00011011|00011011|00011011|00011011|01011001|01011001|01011001|01011001|01011001|01011001|01011001|01011001|01011001|01011001|01011001|01011001|11011000,10,10
100,13,random,R0.1,1.2037688493728638,0.37278765694693794,0.9867463057667308,19461.5390625,19200.0,0.04193304106593132,0.5837276577949524,0.5178059935569763,0.06030195951461792,17,6,0,4,,,,6,,00111100|00111100|00111100|00111100|01101100|01101100|00111100|00111100|00011101|00011101|00011101|00011101|00011101|00011101|00011101|00011101|00011101|00011101|00011101|00011101,11,11
100,14,random,R0.5,1.390407919883728,0.3459782422092147,1.061379389690078,21954.59765625,22420.0,0.03741700202226639,0.704838752746582,0.4873468279838562,0.16080522537231445,16,16,0,9,,,,16,,10111000|00111010|00011110|00011110|00011110|00011110|10001110|01001110|01001110|00001111|00001111|10000111|10000111|10000111|10000111|10000111|01000111|01000111|01000111|01001110,12,12
100,15,random,R0.5,1.8215185403823853,0.2539306841590002,1.370693946218576,26481.5390625,26700.0,0.01679391600191593,0.9232577681541443,0.7005611062049866,0.18090587854385376,23,18,0,10,,,,18,,01011010|01011010|11010010|10110010|10110001|10110001|10110001|11110000|11100100|11010100|11010100|10011100|10011100|10011100|10011010|10011010|10011010|10011010|00011110|00011110,15,16
101,0,baseline,B1,0.7992042899131775,0.5030528485467296,0.6870600477082168,14020.0009765625,13340.0,0.04965243861079216,0.35358259081840515,0.3959692716598511,0.0,13,0,3,1,,,0,0,0,11110000|11110000|11110000|11110000|11110000|11110000|11110000|11110000|11110000|11110000|11110000|11110000|11110000|11110000|11110000|11110000|11110000|11110000|11110000|11110000,1,3
101,1,baseline,B2,1.5608936548233032,0.33997218099662735,1.0788914853175726,24556.5078125,26000.0,0.048062488436698914,0.9384216070175171,0.15229588747024536,0.42211371660232544,5,42,5,17,,,42,42,0,01010011|00100111|00100111|10000111|11000101|10100101|00101101|11100100|01110100|11010100|10110010|10110010|11010010|10111000|10111000|11110000|11100010|11110000|10110010|01011010,15,12
101,2,baseline,B3,0.9230572581291199,0.5069396707662837,0.6793632750425642,17738.984375,18700.0,0.0918101817369461,0.5674729943275452,0.2436734288930893,0.020100653171539307,8,2,2,2,,,2,2,0,01011100|01011100|01011100|01011100|01011100|01011100|01011100|01001110|01001110|01001110|01001110|01001110|01001110|01001110|01001110|01001110|01001110|01001110|01001110|01001110,4,2
101,3,baseline,B4,1.0382139682769775,0.46382114640962263,0.7682562613888977,17884.615234375,17700.0,0.07539476454257965,0.566849946975708,0.3959692716598511,0.0,13,0,2,1,,,0,0,0,00001111|00001111|00001111|00001111|00001111|00001111|00001111|00001111|00001111|00001111|00001111|00001111|00001111|00001111|00001111|00001111|00001111|00001111|00001111|00001111,8,5
101,4,perturb,B1p0,0.948073148727417,0.43693017803059747,0.8279818723257296,15615.3857421875,15220.0,0.03627482429146767,0.3939923346042633,0.5178060531616211,0.0,17,0,3,1,B1,C,0,0,0,10110010|10110010|10110010|10110010|10110010|10110010|10110010|10110010|10110010|10110010|10110010|10110010|10110010|10110010|10110010|10110010|10110010|10110010|10110010|10110010,5,7
101,5,perturb,B1p1,1.1108559370040894,0.3696923994554401,0.9950839719324087,16643.6796875,16420.0,0.02884765714406967,0.44236552715301514,0.6396427154541016,0.0,21,0,1,1,B1,C,0,0,0,11010001|11010001|11010001|11010001|11010001|11010001|11010001|11010001|11010001|11010001|11010001|11010001|11010001|11010001|11010001|11010001|11010001|11010001|11010001|11010001,10,10
101,6,perturb,B2p0,1.5587748289108276,0.33842393361095363,1.08345592795033,24335.90625,25800.0,0.046958938241004944,0.9270477294921875,0.18275506794452667,0.40201306343078613,6,40,5,16,B2,B,42,40,-2,01010011|00100111|00100111|10000111|11000101|10100101|00101101|11100100|01110100|11010100|10110010|10110010|11010010|10111000|10111000|11110000|11100010|10110010|10110010|01011010,14,13
101,7,perturb,B2p1,1.532595157623291,0.3378822350944757,1.0850578610906312,24171.892578125,25500.0,0.046138472855091095,0.9016885161399841,0.18275506794452667,0.40201306343078613,6,40,5,16,B2,B,42,40,-2,01010011|00100111|00100111|10000111|11000101|10100101|00101101|11100100|11100100|11010100|10110010|10110010|11010010|10111000|10111000|11110000|11100010|11110000|10110010|01011010,13,14
101,8,perturb,B3p0,0.8884180784225464,0.5101526080990902,0.6730453664577583,17662.0625,18700.0,0.0918101817369461,0.5328338742256165,0.2436734288930893,0.020100653171539307,8,2,3,2,B3,B,2,2,0,01011100|01011100|01011100|01011100|01011100|01011100|01001110|01001110|01001110|01001110|01001110|01001110|01001110|01001110|01001110|01001110|01001110|01001110|01001110|01001110,2,1
101,9,perturb,B3p1,0.9858077168464661,0.4754646270170805,0.7434627908951208,18123.599609375,18700.0,0.08371921628713608,0.5773960947990417,0.3045917749404907,0.020100653171539307,10,2,2,2,B3,B,2,2,0,01011100|01011100|01011100|01011100|01011100|01011100|01011100|01011100|01001110|01001110|01001110|01001110|01001110|01001110|01001110|01001110|01001110|01001110|01001110|01001110,6,4
101,10,random,R0.0,0.9173509478569031,0.4613558025094576,0.7735857277971341,15712.3076171875,16020.0,0.053828440606594086,0.4370940923690796,0.42642849683761597,0.0,14,0,2,1,,,,0,,01110100|01110100|01110100|01110100|01110100|01110100|01110100|01110100|01110100|01110100|01110100|01110100|01110100|01110100|01110100|01110100|01110100|01110100|01110100|01110100,3,6
101,11,random,R0.0,1.1244235038757324,0.3611338086462369,1.018506728257192,16884.615234375,16100.0,0.030071601271629333,0.42424994707107544,0.6701019406318665,0.0,22,0,1,1,,,,0,,10101100|10101100|10101100|10101100|10101100|10101100|10101100|10101100|10101100|10101100|10101100|10101100|10101100|10101100|10101100|10101100|10101100|10101100|10101100|10101100,11,11
101,12,random,R0.1,1.0029476881027222,0.4023109962217181,0.9105298670126265,19441.5390625,18900.0,0.049424298107624054,0.4466923475265503,0.4264284670352936,0.08040261268615723,14,8,3,5,,,,8,,10001011|10001011|10001011|10001011|10001011|10001011|10001011|10001011|10101001|10101001|10101100|10100110|10110010|10110010|10110010|10110010|10110010|10110010|10110010|10110010,7,8
101,13,random,R0.1,1.100757122039795,0.3805024510758809,0.9662626599774101,18212.30859375,19520.0,0.04272899776697159,0.5000208020210266,0.5178060531616211,0.04020130634307861,17,4,2,3,,,,4,,10110010|10110010|10110010|10110010|10110010|10110010|10110010|10110010|10110010|10110010|10110010|10110010|10110010|00111010|00111010|00111010|00111010|00111010|01110010|01110010,9,9
101,14,random,R0.5,1.4704583883285522,0.30223141141491233,1.1965622920735595,25162.138671875,26000.0,0.041787128895521164,0.7908777594566345,0.45688769221305847,0.18090587854385376,15,18,2,10,,,,18,,01011001|01011001|01001011|00011011|00111010|10110010|10110010|11110000|11110000|11110000|11110000|11010001|11010001|11010001|01110001|01110001|10110001|10110001|10110001|11010001,12,15
101,15,random,R0.5,1.5719574689865112,0.2734899887467233,1.2964902620067855,25000.0,26900.0,0.034339502453804016,0.8084467649459839,0.5482651591300964,0.18090587854385376,18,18,5,10,,,,18,,10010101|11000101|11000101|11000101|11010100|10011100|11010100|11010100|11010100|10010101|11010100|11010100|11010100|11010100|11010100|11010100|01011100|10011100|10101100|10101100,16,16
102,0,baseline,B1,0.8421157598495483,0.4972277190720029,0.6987071705536306,13872.572265625,13000.0,0.04754546284675598,0.30722346901893616,0.4873468279838562,0.0,16,0,3,1,,,0,0,0,10001110|10001110|10001110|10001110|10001110|10001110|10001110|10001110|10001110|10001110|10001110|10001110|10001110|10001110|10001110|10001110|10001110|10001110|10001110|10001110,1,4
102,1,baseline,B2,1.5735222101211548,0.30154028749054135,1.1988516482241738,24924.41796875,27520.0,0.049457427114248276,0.8180763721466064,0.2436734288930893,0.46231502294540405,8,46,3,17,,,46,46,0,00100111|00100111|11100001|00111010|10100011|10100011|00110011|01010110|10010110|01001110|10001011|10011001|00011101|10011100|10001101|00001111|10000111|10100110|10001110|10001110,14,13
102,2,baseline,B3,1.0092089176177979,0.5251406044452216,0.6440892342564513,19862.078125,20000.0,0.10992131382226944,0.6866896748542786,0.15229588747024536,0.06030195951461792,5,6,3,4,,,6,6,0,00001111|00001111|00001111|00001111|00001111|00011011|00011011|00011011|00011011|01011001|01011001|01011001|01011001|01011001|01110001|01110001|01110001|01110001|01110001|01110001,3,1
102,3,baseline,B4,0.9353780746459961,0.4568495983260053,0.783401048763011,16038.4619140625,17000.0,0.059175338596105576,0.41931506991386414,0.4568876326084137,0.0,15,0,3,1,,,0,0,0,00001111|00001111|00001111|00001111|00001111|00001111|00001111|00001111|00001111|00001111|00001111|00001111|00001111|00001111|00001111|00001111|00001111|00001111|00001111|00001111,2,5
102,4,perturb,B1p0,1.0094646215438843,0.41584203053001034,0.8774498251410614,16076.9228515625,16600.0,0.04965764284133911,0.4115418493747711,0.5482652187347412,0.0,18,0,3,1,B1,C,0,0,0,11000110|11000110|11000110|11000110|11000110|11000110|11000110|11000110|11000110|11000110|11000110|11000110|11000110|11000110|11000110|11000110|11000110|11000110|11000110|11000110,4,6
102,5,perturb,B1p1,1.0516999959945679,0.4036279561789255,0.9072617258576156,16400.5390625,16400.0,0.0401996411383152,0.40231677889823914,0.6091835498809814,0.0,20,0,3,1,B1,C,0,0,0,10011010|10011010|10011010|10011010|10011010|10011010|10011010|10011010|10011010|10011010|10011010|10011010|10011010|10011010|10011010|10011010|10011010|10011010|10011010|10011010,7,7
102,6,perturb,B2p0,1.491921067237854,0.3146843159106052,1.156185314378701,23924.41796875,26520.0,0.04985755309462547,0.7762764692306519,0.2436734288930893,0.42211371660232544,8,42,3,16,B2,B,46,42,-4,00100111|00100111|11100001|00111010|10100011|10100011|00110011|01010110|01010110|01001110|10001011|10011001|00011101|10011100|10001101|00001111|10000111|10100110|10001110|10001110,12,12
102,7,perturb,B2p1,1.5370829105377197,0.29611741279576587,1.2169992384582202,24539.802734375,27920.0,0.04753341153264046,0.7732025980949402,0.2741326093673706,0.44221436977386475,9,44,4,16,B2,B,46,44,-2,00100111|00100111|11100001|00111010|10100011|10100011|00110011|10010110|10010110|01001110|10001011|10011001|00011101|10011100|10001101|00001111|10000111|10100110|10001110|10001110,13,14
102,8,perturb,B3p0,1.0272934436798096,0.5077141818767483,0.6778366238425036,19862.078125,20000.0,0.10830245167016983,0.675933837890625,0.18275506794452667,0.06030195951461792,6,6,3,4,B3,B,6,6,0,00001111|00001111|00001111|00001111|00001111|00011011|00011011|00011011|00011011|01011001|01011001|01011001|01011001|01110001|01110001|01110001|01110001|01110001|01110001|01110001,5,3
102,9,perturb,B3p1,1.041081190109253,0.5098918408484463,0.6735566525229757,19862.078125,20000.0,0.1049087792634964,0.6931153535842896,0.18275506794452667,0.06030195951461792,6,6,3,4,B3,B,6,6,0,00001111|00001111|00001111|00001111|00001111|00011011|00011011|00011011|00011011|01011001|01011001|01011001|01011001|01011001|01011001|01110001|01110001|01110001|01110001|01110001,6,2
102,10,random,R0.0,1.1303179264068604,0.3771470602796448,0.9751200872783137,17000.0,17000.0,0.04121682420372963,0.44945839047431946,0.6396427154541016,0.0,21,0,1,1,,,,0,,00110110|00110110|00110110|00110110|00110110|00110110|00110110|00110110|00110110|00110110|00110110|00110110|00110110|00110110|00110110|00110110|00110110|00110110|00110110|00110110,8,8
102,11,random,R0.0,1.2013815641403198,0.357952437563773,1.027355157374687,18000.0,18000.0,0.056409429758787155,0.5053294897079468,0.6396427750587463,0.0,21,0,0,1,,,,0,,01100011|01100011|01100011|01100011|01100011|01100011|01100011|01100011|01100011|01100011|01100011|01100011|01100011|01100011|01100011|01100011|01100011|01100011|01100011|01100011,11,10
102,12,random,R0.1,1.1603736877441406,0.3669226072608418,1.0026043325640048,16939.0,17000.0,0.036138664931058884,0.4340323507785797,0.6701018810272217,0.020100653171539307,22,2,2,2,,,,2,,10011100|10011100|10011100|10011100|10011100|10011100|10011100|10011100|10011100|10011100|10011100|10011100|10011100|10011100|10011100|10011100|10111000|10111000|10111000|10111000,10,9
102,13,random,R0.1,1.1499642133712769,0.357103040552205,1.0297309098500609,18500.0,19900.0,0.04446449130773544,0.47621557116508484,0.6091835498809814,0.020100653171539307,20,2,2,2,,,,2,,10110100|10110100|10110100|10110100|10110100|10110100|10110100|10110100|10110100|10110100|10110100|10110100|10110100|10110100|10111000|10111000|10111000|10111000|10111000|10111000,9,11
102,14,random,R0.5,1.6166760921478271,0.28355151211972984,1.2603614717211904,23461.5390625,23800.0,0.04910086467862129,0.8073285222053528,0.6396427750587463,0.12060391902923584,21,12,2,7,,,,12,,01111000|01111000|01111000|01111000|01111000|01111000|01101100|01101100|00111100|00111100|00111100|00111100|00111001|00111001|00101101|00100111|00100111|00100111|00110011|00110011,15,15
102,15,random,R0.5,1.6376796960830688,0.27322268013385,1.2974681381358375,24961.5390625,25200.0,0.041233427822589874,0.7655389308929443,0.6701018810272217,0.16080522537231445,22,16,1,9,,,,16,,11000101|10000111|00010111|00010111|00010111|00010111|00010111|00010111|10000111|10000111|10000111|00100111|00100111|00100111|00101011|00101011|00101011|00111010|00101011|10101001,16,16
103,0,baseline,B1,0.6967968940734863,0.5485133891476425,0.6005435890859453,11928.8330078125,13200.0,0.03275483101606369,0.2985318899154663,0.36551010608673096,0.0,12,0,4,1,,,0,0,0,10100101|10100101|10100101|10100101|10100101|10100101|10100101|10100101|10100101|10100101|10100101|10100101|10100101|10100101|10100101|10100101|10100101|10100101|10100101|10100101,1,5
103,1,baseline,B2,0.9401428699493408,0.5302220951611532,0.6344593127379677,16546.37890625,18520.0,0.03958949074149132,0.5984271764755249,0.060918357223272324,0.24120783805847168,2,24,5,11,,,24,24,0,00001111|10001101|10001101|10001101|10001101|10001101|10001101|10001101|10100101|00110101|00110101|00010111|11100010|01100110|01100110|01110100|01110001|01101001|01101001|11100001,11,6
103,2,baseline,B3,0.732952892780304,0.575361304336885,0.5527570801488665,14512.109375,15240.0,0.07288327068090439,0.4675723910331726,0.15229588747024536,0.04020130634307861,5,4,2,3,,,4,4,0,10001101|10001101|10001101|10001101|10001101|10001101|10001101|10001101|11001100|11001100|11001100|10011100|10011100|10011100|10011100|10011100|10011100|10011100|10011100|10011100,3,1
103,3,baseline,B4,0.9149169921875,0.4718169806366087,0.7511641214807127,15233.6474609375,15620.0,0.03918279707431793,0.44930562376976013,0.4264284670352936,0.0,14,0,2,1,,,0,0,0,00001111|00001111|00001111|00001111|00001111|00001111|00001111|00001111|00001111|00001111|00001111|00001111|00001111|00001111|00001111|00001111|00001111|00001111|00001111|00001111,8,11
103,4,perturb,B1p0,0.7103281021118164,0.5586980140918633,0.5821461770394364,12964.416015625,14300.0,0.04472070559859276,0.36101558804512024,0.3045917749404907,0.0,10,0,3,1,B1,C,0,0,0,10100011|10100011|10100011|10100011|10100011|10100011|10100011|10100011|10100011|10100011|10100011|10100011|10100011|10100011|10100011|10100011|10100011|10100011|10100011|10100011,2,3
103,5,perturb,B1p1,0.9341594576835632,0.45764379142938594,0.7816641454415876,15002.8779296875,15500.0,0.029627583920955658,0.4171850085258484,0.4873467981815338,0.0,16,0,2,1,B1,C,0,0,0,11100100|11100100|11100100|11100100|11100100|11100100|11100100|11100100|11100100|11100100|11100100|11100100|11100100|11100100|11100100|11100100|11100100|11100100|11100100|11100100,9,12
103,6,perturb,B2p0,0.9395004510879517,0.5088552573781029,0.6755916695156738,16084.8408203125,18920.0,0.037280675023794174,0.5696344971656799,0.09137753397226334,0.24120783805847168,3,24,6,10,B2,B,24,24,0,00001111|10001101|10001101|10001101|10001101|10001101|10001101|10001101|10001101|00110101|00110101|00010111|11100010|01100110|01100110|01110100|01110001|01101001|01101001|11100001,10,9
103,7,perturb,B2p1,0.901790976524353,0.5172742530125981,0.6591820750794934,16007.9169921875,18320.0,0.03689587116241455,0.5323097109794617,0.09137753397226334,0.24120783805847168,3,24,6,10,B2,B,24,24,0,00001111|10001101|10001101|10001101|10001101|10001101|10001101|10001101|10100101|00110101|00110101|00010111|11100010|01100110|01100110|01110100|01110100|01101001|01101001|11100001,7,7
103,8,perturb,B3p0,0.7849794030189514,0.5493173657236001,0.5990789248540184,15240.0,16040.0,0.0715220645070076,0.49050092697143555,0.18275506794452667,0.04020130634307861,6,4,2,3,B3,B,4,4,0,10001101|10001101|10001101|10001101|10001101|10001101|10001101|11001100|11001100|11001100|11001100|10011100|10011100|10011100|10011100|10011100|10011100|10011100|10011100|10011100,6,4
103,9,perturb,B3p1,0.7583995461463928,0.5612203841012027,0.5776416090663535,14512.109375,15240.0,0.06787072867155075,0.4675723910331726,0.18275506794452667,0.04020130634307861,6,4,2,3,B3,B,4,4,0,10001101|10001101|10001101|10001101|10001101|10001101|10001101|10001101|10001101|11001100|11001100|10011100|10011100|10011100|10011100|10011100|10011100|10011100|10011100|10011100,4,2
103,10,random,R0.0,0.9431132674217224,0.5019521412210953,0.689250500048151,17000.0,17000.0,0.06496508419513702,0.5735563635826111,0.3045917749404907,0.0,10,0,1,1,,,,0,,01011100|01011100|01011100|01011100|01011100|01011100|01011100|01011100|01011100|01011100|01011100|01011100|01011100|01011100|01011100|01011100|01011100|01011100|01011100|01011100,12,10
103,11,random,R0.0,1.0165201425552368,0.45267810064368175,0.7925740006966763,17000.0,17000.0,0.04805699363350868,0.5420346260070801,0.4264284372329712,0.0,14,0,1,1,,,,0,,01011001|01011001|01011001|01011001|01011001|01011001|01011001|01011001|01011001|01011001|01011001|01011001|01011001|01011001|01011001|01011001|01011001|01011001|01011001|01011001,13,13
103,12,random,R0.1,0.7674424052238464,0.5164187783988825,0.6608372566141009,12979.0,14740.0,0.04398949444293976,0.35794270038604736,0.36551010608673096,0.0,12,0,3,1,,,,0,,01100011|01100011|01100011|01100011|01100011|01100011|01100011|01100011|01100011|01100011|01100011|01100011|01100011|01100011|01100011|01100011|01100011|01100011|01100011|01100011,5,8
103,13,random,R0.1,1.0852482318878174,0.42763298040945646,0.849489973690819,17461.5390625,19300.0,0.04798140004277229,0.6010961532592773,0.39596930146217346,0.04020130634307861,13,4,1,3,,,,4,,10010011|10010011|10010011|10010011|10010011|10010011|10010011|10010011|10010011|10010011|10010011|10010011|10010011|10010011|10010011|10001011|10001011|10001011|10011010|10011010,14,14
103,14,random,R0.5,1.5009512901306152,0.29670546131021985,1.215015345012096,26064.21875,28300.0,0.03866683691740036,0.7842895984649658,0.4568876326084137,0.22110718488693237,15,22,1,12,,,,22,,01110001|01110001|01100101|01100110|11100010|10101010|10101010|10101010|10101010|10101100|01101100|01101010|01101010|01101010|01100110|01100110|00100111|00110011|00110011|00111010,16,16
103,15,random,R0.5,1.4217325448989868,0.3192716353281759,1.141713017131026,24058.4609375,25500.0,0.04259568080306053,0.730984628200531,0.4873467981815338,0.16080522537231445,16,16,1,9,,,,16,,11001100|11000110|11000110|11001010|01001110|01001110|01001110|01001110|00011110|10011010|10011010|10011010|10101010|10001011|10010011|10010011|10010011|10010011|10010011|10010011,15,15
105,0,baseline,B1,0.9807155728340149,0.4479197537261777,0.8031411837581852,15538.4619140625,15640.0,0.029655782505869865,0.37233537435531616,0.5787243843078613,0.0,19,0,4,1,,,0,0,0,01011010|01011010|01011010|01011010|01011010|01011010|01011010|01011010|01011010|01011010|01011010|01011010|01011010|01011010|01011010|01011010|01011010|01011010|01011010|01011010,6,10
105,1,baseline,B2,1.3267238140106201,0.4383419510346567,0.8247559630765299,20241.60546875,21020.0,0.04224356263875961,0.7697561383247375,0.21321424841880798,0.3015097975730896,7,30,2,12,,,30,30,0,00001111|01011010|01011010|11010010|11010010|10011010|11100010|11100010|01011100|10011100|10011100|10011100|00011110|00011110|01010110|01001110|01001110|01100110|01110100|01110100,14,13
105,2,baseline,B3,0.8641523718833923,0.5234070593292592,0.6473958015310027,16500.0,16500.0,0.08280327916145325,0.4871158301830292,0.2741326093673706,0.020100653171539307,9,2,2,2,,,2,2,0,10001101|10001101|10001101|10001101|10001101|10001101|10001101|10001101|10001101|10001101|10001101|00101101|00101101|00101101|00101101|00101101|00101101|00101101|00101101|00101101,1,2
105,3,baseline,B4,1.0153697729110718,0.44413595790367055,0.81162455192833,16000.0,16000.0,0.051937900483608246,0.44562581181526184,0.5178059935569763,0.0,17,0,0,1,,,0,0,0,00001111|00001111|00001111|00001111|00001111|00001111|00001111|00001111|00001111|00001111|00001111|00001111|00001111|00001111|00001111|00001111|00001111|00001111|00001111|00001111,9,11
105,4,perturb,B1p0,1.0021198987960815,0.46206878191488,0.7720415203780814,16000.0,16000.0,0.04897265136241913,0.4353412091732025,0.5178059935569763,0.0,17,0,1,1,B1,C,0,0,0,01001011|01001011|01001011|01001011|01001011|01001011|01001011|01001011|01001011|01001011|01001011|01001011|01001011|01001011|01001011|01001011|01001011|01001011|01001011|01001011,8,7
105,5,perturb,B1p1,1.022934079170227,0.4529020107976576,0.7920794886028044,16615.384765625,16800.0,0.04910034313797951,0.45602765679359436,0.5178059935569763,0.0,17,0,2,1,B1,C,0,0,0,11011000|11011000|11011000|11011000|11011000|11011000|11011000|11011000|11011000|11011000|11011000|11011000|11011000|11011000|11011000|11011000|11011000|11011000|11011000|11011000,10,9
105,6,perturb,B2p0,1.2353131771087646,0.4606126603804657,0.7751978052593108,18933.912109375,20140.0,0.04224356263875961,0.7185468077659607,0.21321424841880798,0.261308491230011,7,26,3,11,B2,B,30,26,-4,01011010|01011010|01011010|11010010|11010010|10011010|11100010|11100010|01011100|10011100|10011100|10011100|00011110|00011110|01010110|01001110|01001110|01100110|01110100|01110100,12,8
105,7,perturb,B2p1,1.3267238140106201,0.43650753080854454,0.8289496511398642,20241.60546875,21220.0,0.04224356263875961,0.7697561383247375,0.21321424841880798,0.3015097975730896,7,30,2,12,B2,B,30,30,0,00001111|01011010|01011010|11010010|11010010|10011010|11100010|11100010|01011100|10011100|10011100|10011100|00011110|00011110|01010110|01001110|01100110|01100110|01110100|01110100,15,14
105,8,perturb,B3p0,0.8677966594696045,0.5092878771146383,0.6747418484091605,16500.0,16500.0,0.08047913759946823,0.46262505650520325,0.3045917749404907,0.020100653171539307,10,2,1,2,B3,B,2,2,0,10001101|10001101|10001101|10001101|10001101|10001101|10001101|10001101|10001101|10001101|10001101|10001101|00101101|00101101|00101101|00101101|00101101|00101101|00101101|00101101,3,4
105,9,perturb,B3p1,0.8641523718833923,0.5235084701012286,0.647202069048418,16500.0,16500.0,0.08280327916145325,0.4871158301830292,0.2741326093673706,0.020100653171539307,9,2,2,2,B3,B,2,2,0,10001101|10001101|10001101|10001101|10001101|10001101|10001101|10001101|10001101|10001101|00101101|00101101|00101101|00101101|00101101|00101101|00101101|00101101|00101101|00101101,2,1
105,10,random,R0.0,0.8800682425498962,0.5118006982390413,0.6698199909763295,15020.0,14420.0,0.04255270957946777,0.38062790036201477,0.4568876624107361,0.0,15,0,3,1,,,,0,,01110010|01110010|01110010|01110010|01110010|01110010|01110010|01110010|01110010|01110010|01110010|01110010|01110010|01110010|01110010|01110010|01110010|01110010|01110010|01110010,4,3
105,11,random,R0.0,0.9547432661056519,0.47620382569881436,0.7419093111548115,15500.0,15500.0,0.06505933403968811,0.4327961802482605,0.4568876326084137,0.0,15,0,3,1,,,,0,,00110101|00110101|00110101|00110101|00110101|00110101|00110101|00110101|00110101|00110101|00110101|00110101|00110101|00110101|00110101|00110101|00110101|00110101|00110101|00110101,5,5
105,12,random,R0.1,0.9880383014678955,0.4728962563297743,0.7488792457735081,16520.0,16620.0,0.046912163496017456,0.45377933979034424,0.4873468279838562,0.0,16,0,3,1,,,,0,,10110010|10110010|10110010|10110010|10110010|10110010|10110010|10110010|10110010|10110010|10110010|10110010|10110010|10110010|10110010|10110010|10110010|10110010|10110010|10110010,7,6
105,13,random,R0.1,1.0949647426605225,0.44066526882819607,0.81946971934305,19076.921875,20800.0,0.06630212813615799,0.6028504967689514,0.36551013588905334,0.06030195951461792,12,6,3,4,,,,6,,10100110|10100110|10100110|10100110|10100110|00101110|00101110|00101110|00101110|10001110|10001110|10001110|10001110|10001110|10001110|10001110|10001110|10001110|10001110|10101010,11,12
105,14,random,R0.5,1.3193869590759277,0.39078114897269783,0.9396075969966605,23076.921875,23100.0,0.06535247713327408,0.7478197813034058,0.36551010608673096,0.14070457220077515,12,14,2,8,,,,14,,01000111|00001111|00001111|00011110|00011110|00011110|00111100|00111100|00111100|00111100|00111100|10011100|10011100|10011100|10011100|11011000|11001010|11001010|10001011|10001011,13,15
105,15,random,R0.5,1.3881655931472778,0.33708149906737483,1.08743054087245,23327.69140625,26900.0,0.057627759873867035,0.6927443146705627,0.45688769221305847,0.18090587854385376,15,18,3,10,,,,18,,01011100|01001110|01001110|01001101|01001011|01001011|11000011|11000110|11000011|11000011|11000011|11000011|11000011|11000011|11000011|01000111|01000111|01000111|01001011|01000111,16,16
106,0,baseline,B1,0.5199382901191711,0.7256109576829106,0.32074127874767594,9801.99609375,9900.0,0.03930005431175232,0.26742395758628845,0.21321424841880798,0.0,7,0,1,1,,,0,0,0,11001100|11001100|11001100|11001100|11001100|11001100|11001100|11001100|11001100|11001100|11001100|11001100|11001100|11001100|11001100|11001100|11001100|11001100|11001100|11001100,1,1
106,1,baseline,B2,1.2717314958572388,0.518325123930267,0.6571525812389912,21230.494140625,23340.0,0.03056720271706581,0.8080757856369019,0.09137753397226334,0.3417111039161682,3,34,3,17,,,34,34,0,00001111|10001110|10011010|10111000|11011000|10010110|11010100|10010101|10001101|10010101|10001101|10001101|11001100|11001100|11100100|01100110|11100010|01100110|01100110|11100100,13,11
106,2,baseline,B3,0.8674978017807007,0.57207262182198,0.5584893344339958,16500.0,16800.0,0.06801190972328186,0.5862717032432556,0.21321424841880798,0.0,7,0,1,1,,,0,0,0,00110011|00110011|00110011|00110011|00110011|00110011|00110011|00110011|00110011|00110011|00110011|00110011|00110011|00110011|00110011|00110011|00110011|00110011|00110011|00110011,6,6
106,3,baseline,B4,0.909903883934021,0.5007576368738815,0.6916330536810469,13933.9130859375,13760.0,0.026510996744036674,0.39604607224464417,0.4873468279838562,0.0,16,0,0,1,,,0,0,0,00001111|00001111|00001111|00001111|00001111|00001111|00001111|00001111|00001111|00001111|00001111|00001111|00001111|00001111|00001111|00001111|00001111|00001111|00001111|00001111,8,14
106,4,perturb,B1p0,0.6187355518341064,0.6726253477367224,0.3965667941881526,11584.615234375,11400.0,0.05088880658149719,0.3546324372291565,0.21321424841880798,0.0,7,0,1,1,B1,C,0,0,0,11001001|11001001|11001001|11001001|11001001|11001001|11001001|11001001|11001001|11001001|11001001|11001001|11001001|11001001|11001001|11001001|11001001|11001001|11001001|11001001,2,2
106,5,perturb,B1p1,0.7082334756851196,0.6049553993484942,0.5026005437538882,11458.5283203125,11720.0,0.03402148559689522,0.30870184302330017,0.36551013588905334,0.0,12,0,2,1,B1,C,0,0,0,01101100|01101100|01101100|01101100|01101100|01101100|01101100|01101100|01101100|01101100|01101100|01101100|01101100|01101100|01101100|01101100|01101100|01101100|01101100|01101100,3,4
106,6,perturb,B2p0,1.3131134510040283,0.5015129601064545,0.6901258292292087,21738.185546875,23520.0,0.02869672328233719,0.8208688497543335,0.12183671444654465,0.3417111039161682,4,34,3,17,B2,B,34,34,0,00001111|10001110|10011010|10111000|11011000|10010110|11010100|10010101|10001101|10010101|10001101|10001101|11001100|11001100|11100100|01100110|11100010|01100110|11100100|11100100,14,13
106,7,perturb,B2p1,1.203184723854065,0.5398479324166601,0.6164677857182259,19718.787109375,21160.0,0.02956671640276909,0.7502715587615967,0.12183671444654465,0.3015097975730896,4,30,3,15,B2,B,34,30,-4,00001111|10001110|10011010|10111000|11011000|10010110|11010100|10010101|10001101|10001101|10001101|10001101|11001100|11001100|11100100|01100110|11100010|01100110|01100110|11100100,12,8
106,8,perturb,B3p0,0.97403883934021,0.5147812396473409,0.6640132459456743,16020.0,16020.0,0.04214862734079361,0.5054616928100586,0.4264284670352936,0.0,14,0,0,1,B3,C,0,0,0,01110001|01110001|01110001|01110001|01110001|01110001|01110001|01110001|01110001|01110001|01110001|01110001|01110001|01110001|01110001|01110001|01110001|01110001|01110001|01110001,10,12
106,9,perturb,B3p1,0.8107342720031738,0.6145253622979151,0.4869050777636153,15730.76953125,15700.0,0.05659954622387886,0.5409204363822937,0.21321424841880798,0.0,7,0,1,1,B3,C,0,0,0,00110110|00110110|00110110|00110110|00110110|00110110|00110110|00110110|00110110|00110110|00110110|00110110|00110110|00110110|00110110|00110110|00110110|00110110|00110110|00110110,5,3
106,10,random,R0.0,0.8850372433662415,0.5204045858863646,0.6531487201490159,13933.9130859375,13760.0,0.029181726276874542,0.39896783232688904,0.4568876624107361,0.0,15,0,1,1,,,,0,,01000111|01000111|01000111|01000111|01000111|01000111|01000111|01000111|01000111|01000111|01000111|01000111|01000111|01000111|01000111|01000111|01000111|01000111|01000111|01000111,7,10
106,11,random,R0.0,0.7351721525192261,0.601306555255396,0.508650399190956,12084.615234375,11900.0,0.03329009562730789,0.33637186884880066,0.36551013588905334,0.0,12,0,2,1,,,,0,,11101000|11101000|11101000|11101000|11101000|11101000|11101000|11101000|11101000|11101000|11101000|11101000|11101000|11101000|11101000|11101000|11101000|11101000|11101000|11101000,4,5
106,12,random,R0.1,1.023600459098816,0.5564459784670694,0.5861851867124247,18115.384765625,18700.0,0.04956836625933647,0.6395975351333618,0.2741326093673706,0.06030195951461792,9,6,2,4,,,,6,,10111000|10111000|10111000|11110000|11110000|11110000|01110010|01110010|01110010|01110010|01110010|01110010|01110010|01110010|01110010|00110110|00110110|00110110|00110110|00110110,11,7
106,13,random,R0.1,0.9235597252845764,0.5255761385779771,0.6432602112860037,16020.0,16020.0,0.04770023003220558,0.520707905292511,0.33505094051361084,0.020100653171539307,11,2,2,2,,,,2,,10100011|10100011|10100011|10100011|10100011|10100011|10100011|10100011|10001011|10001011|10001011|10001011|10001011|10001011|10001011|10001011|10001011|10001011|10001011|10001011,9,9
106,14,random,R0.5,1.4154763221740723,0.39002322910286735,0.9415489798299547,23961.5390625,25920.0,0.02901410311460495,0.7590271830558777,0.4264284670352936,0.20100653171539307,14,20,2,11,,,,20,,10101001|10101010|10011010|01011010|01011010|01011010|01011010|10011010|10011010|00111010|00111010|00111100|00110110|00110110|00110110|10010110|10010110|10011100|10001110|10001110,15,15
106,15,random,R0.5,1.4438652992248535,0.3707792691243525,0.9921483553637522,23970.76953125,26200.0,0.025794928893446922,0.729716956615448,0.4873467981815338,0.20100653171539307,16,20,0,11,,,,20,,00011110|00011110|10001110|10011010|01011010|00011011|00001111|00001111|00001111|00001111|00001111|01001110|01001101|01011100|10011100|10011100|10011100|10011100|10001101|10001101,16,16
107,0,baseline,B1,0.8206207752227783,0.46722390684598036,0.7609466783021547,13555.060546875,14740.0,0.04531025141477585,0.3184228837490082,0.4568876624107361,0.0,15,0,3,1,,,0,0,0,10111000|10111000|10111000|10111000|10111000|10111000|10111000|10111000|10111000|10111000|10111000|10111000|10111000|10111000|10111000|10111000|10111000|10111000|10111000|10111000,1,4
107,1,baseline,B2,1.786189317703247,0.2694036281598908,1.3115445475394303,27047.7578125,30500.0,0.04636061191558838,1.0234816074371338,0.2741326093673706,0.44221436977386475,9,44,5,17,,,44,44,0,00010111|01101001|01101001|01101001|00101011|01100011|01111000|10011010|00111010|10111000|10101100|10111000|10101001|00111001|10001101|00101101|00011011|00001111|10001101|10001101,15,14
107,2,baseline,B3,0.9649602174758911,0.4667912410848174,0.7618731424886707,18000.0,18500.0,0.09210938960313797,0.5481584072113037,0.3045917749404907,0.020100653171539307,10,2,1,2,,,2,2,0,10000111|10000111|10000111|10000111|10000111|10000111|10000111|10000111|10000111|10000111|10000111|11000101|11000101|11000101|11000101|11000101|11000101|11000101|11000101|11000101,4,5
107,3,baseline,B4,1.0582486391067505,0.408451784776684,0.8953814015705972,16020.0,16020.0,0.047297172248363495,0.43222710490226746,0.5787243247032166,0.0,19,0,1,1,,,0,0,0,00001111|00001111|00001111|00001111|00001111|00001111|00001111|00001111|00001111|00001111|00001111|00001111|00001111|00001111|00001111|00001111|00001111|00001111|00001111|00001111,9,8
107,4,perturb,B1p0,0.9123382568359375,0.46896511882100833,0.7572268868176785,15000.0,15000.0,0.05504676327109337,0.40040385723114014,0.4568876326084137,0.0,15,0,2,1,B1,C,0,0,0,10011100|10011100|10011100|10011100|10011100|10011100|10011100|10011100|10011100|10011100|10011100|10011100|10011100|10011100|10011100|10011100|10011100|10011100|10011100|10011100,3,2
107,5,perturb,B1p1,1.0529756546020508,0.392833640894883,0.9343690623429725,16000.0,16000.0,0.048258908092975616,0.42599233984947205,0.5787243247032166,0.0,19,0,1,1,B1,C,0,0,0,10110100|10110100|10110100|10110100|10110100|10110100|10110100|10110100|10110100|10110100|10110100|10110100|10110100|10110100|10110100|10110100|10110100|10110100|10110100|10110100,8,9
107,6,perturb,B2p0,1.8190200328826904,0.2556615171391509,1.3639009080536928,27443.076171875,31500.0,0.04443660005927086,1.0277773141860962,0.3045917749404907,0.44221436977386475,10,44,5,17,B2,B,44,44,0,00010111|01101001|01101001|01101001|00101011|01100011|01111000|10011010|00111010|10111000|10101100|10111000|10101001|00111001|10001101|00101101|00011011|00001111|00001111|10001101,16,15
107,7,perturb,B2p1,1.769898772239685,0.27392387908401616,1.294905024753388,26432.373046875,29100.0,0.043682314455509186,0.9995108842849731,0.3045917749404907,0.42211371660232544,10,42,3,16,B2,B,44,42,-2,00010111|01101001|01101001|01101001|00101011|01100011|10011010|10011010|00111010|10111000|10101100|10111000|10101001|00111001|10001101|00101101|00011011|00001111|10001101|10001101,14,12
107,8,perturb,B3p0,0.9695202708244324,0.467912417857856,0.7594741419069815,18000.0,18500.0,0.09210938960313797,0.5527184009552002,0.3045917749404907,0.020100653171539307,10,2,1,2,B3,B,2,2,0,10000111|10000111|10000111|10000111|10000111|10000111|10000111|10000111|10000111|10000111|11000101|11000101|11000101|11000101|11000101|11000101|11000101|11000101|11000101|11000101,5,3
107,9,perturb,B3p1,1.040186882019043,0.4553716624458383,0.7866413529235549,18000.0,18000.0,0.08709684759378433,0.5979384183883667,0.33505094051361084,0.020100653171539307,11,2,1,2,B3,B,2,2,0,10000111|10000111|10000111|10000111|10000111|10000111|10000111|10000111|10000111|10000111|10000111|10000111|11000101|11000101|11000101|11000101|11000101|11000101|11000101|11000101,7,6
107,10,random,R0.0,0.8531134128570557,0.47399550077258196,0.7465574493730766,13990.505859375,13820.0,0.04847421497106552,0.3477514386177063,0.4568876624107361,0.0,15,0,3,1,,,,0,,01101010|01101010|01101010|01101010|01101010|01101010|01101010|01101010|01101010|01101010|01101010|01101010|01101010|01101010|01101010|01101010|01101010|01101010|01101010|01101010,2,1
107,11,random,R0.0,1.0212864875793457,0.42049763508492966,0.8663164236398134,16375.12109375,16200.0,0.05283680558204651,0.4506435990333557,0.5178060531616211,0.0,17,0,2,1,,,,0,,01001110|01001110|01001110|01001110|01001110|01001110|01001110|01001110|01001110|01001110|01001110|01001110|01001110|01001110|01001110|01001110|01001110|01001110|01001110|01001110,6,7
107,12,random,R0.1,1.080613613128662,0.37849356045650145,0.9715562195743249,16481.5390625,17600.0,0.03614149987697601,0.42554646730422974,0.5787243247032166,0.04020130634307861,19,4,3,3,,,,4,,11011000|11011000|11011000|11011000|11011000|11011000|11011000|11011000|11011000|11011000|11011000|11011000|11011000|11011000|11011000|11011000|11011000|11011000|10011100|00111100,10,11
107,13,random,R0.1,1.234684705734253,0.37958097086764486,0.9686873429348017,18875.12109375,20000.0,0.057087309658527374,0.629948616027832,0.4873468577861786,0.06030195951461792,16,6,2,4,,,,6,,01100110|01001110|01001110|01001110|01001110|01001110|01001110|01001110|01001110|01001110|10001110|10001110|10001110|10001110|10001110|10001110|10001110|10100110|10100110|10100110,11,10
107,14,random,R0.5,1.704780101776123,0.2715580805967175,1.3035792376370166,28040.0,31320.0,0.06519602239131927,0.9823064208030701,0.39596930146217346,0.261308491230011,13,26,2,14,,,,26,,00101110|00101110|01100110|00100111|00100111|10100110|10100110|10101010|10011010|10001011|00001111|00001111|00011011|00011011|00011011|01001011|01001101|11001100|10011100|10110100,13,13
107,15,random,R0.5,1.6755191087722778,0.25397925420309125,1.3705026916650789,27895.12109375,29820.0,0.052869800478219986,0.8331762552261353,0.5482652187347412,0.24120783805847168,18,24,2,13,,,,24,,10100101|10100011|10100011|00100111|00101110|00101110|00101110|00110110|00011110|00011110|10001110|10001110|10001110|11000110|10001110|11000110|11000101|11000101|11100100|10101100,12,16
108,0,baseline,B1,0.7001073360443115,0.5926896391732707,0.5230843910678583,12767.4345703125,12700.0,0.03721844404935837,0.35829707980155945,0.3045917749404907,0.0,10,0,1,1,,,0,0,0,01001101|01001101|01001101|01001101|01001101|01001101|01001101|01001101|01001101|01001101|01001101|01001101|01001101|01001101|01001101|01001101|01001101|01001101|01001101|01001101,1,1
108,1,baseline,B2,1.1287589073181152,0.48338705311221336,0.726937594041608,18901.279296875,20600.0,0.04074399545788765,0.7054861187934875,0.060918357223272324,0.3216104507446289,2,32,4,13,,,32,32,0,00001111|01100011|01100101|01100101|01100101|01001011|11101000|10001011|11001010|10101010|00101110|01001110|01101100|01101100|01101100|01011100|10011100|10011100|10011100|10011100,13,10
108,2,baseline,B3,0.9213646650314331,0.5428936076131425,0.6108419126599588,19500.0,19500.0,0.08970656991004944,0.6696199774742126,0.12183671444654465,0.04020130634307861,4,4,4,3,,,4,4,0,10100011|10100011|10100011|10100011|00110011|00110011|00110011|00110011|00110011|00110011|00110011|00110011|10110010|10110010|10110010|10110010|10110010|10110010|10110010|10110010,5,2
108,3,baseline,B4,1.0074267387390137,0.44268119668860645,0.8149054143078147,16381.2138671875,16700.0,0.02662244439125061,0.4629982113838196,0.5178059935569763,0.0,17,0,2,1,,,0,0,0,00001111|00001111|00001111|00001111|00001111|00001111|00001111|00001111|00001111|00001111|00001111|00001111|00001111|00001111|00001111|00001111|00001111|00001111|00001111|00001111,9,13
108,4,perturb,B1p0,0.9139085412025452,0.5067760426526332,0.6796861034507767,16447.43359375,16700.0,0.042441315948963165,0.5059570074081421,0.36551013588905334,0.0,12,0,1,1,B1,C,0,0,0,00101101|00101101|00101101|00101101|00101101|00101101|00101101|00101101|00101101|00101101|00101101|00101101|00101101|00101101|00101101|00101101|00101101|00101101|00101101|00101101,4,6
108,5,perturb,B1p1,0.8269311189651489,0.5144141359424081,0.6647266259883917,13704.615234375,13520.0,0.028840934857726097,0.3716617226600647,0.42642849683761597,0.0,14,0,2,1,B1,C,0,0,0,11001001|11001001|11001001|11001001|11001001|11001001|11001001|11001001|11001001|11001001|11001001|11001001|11001001|11001001|11001001|11001001|11001001|11001001|11001001|11001001,2,5
108,6,perturb,B2p0,1.1287589073181152,0.4835083054269133,0.726686786517785,18901.279296875,20600.0,0.04074399545788765,0.7054861187934875,0.060918357223272324,0.3216104507446289,2,32,4,13,B2,B,32,32,0,00001111|01100011|01100101|01100101|01100101|01001011|11101000|10001011|11001010|10101010|00101110|01001110|01101100|01101100|01011100|01011100|10011100|10011100|10011100|10011100,14,9
108,7,perturb,B2p1,1.0654191970825195,0.4950553611693236,0.7030856819210485,18516.6640625,20400.0,0.03922010958194733,0.6735130548477173,0.09137753397226334,0.261308491230011,3,26,5,12,B2,B,32,26,-6,00001111|01100011|01100101|01100101|01100101|01001011|10001011|10001011|11001010|10101010|00101110|01001110|01101100|01101100|01101100|01011100|10011100|10011100|10011100|10011100,11,8
108,8,perturb,B3p0,0.9469714164733887,0.5253479100667127,0.6436945500284594,19500.0,20100.0,0.0850941613316536,0.6693800091743469,0.15229588747024536,0.04020130634307861,5,4,4,3,B3,B,4,4,0,10100011|10100011|10100011|00110011|00110011|00110011|00110011|00110011|00110011|00110011|00110011|00110011|10110010|10110010|10110010|10110010|10110010|10110010|10110010|10110010,7,4
108,9,perturb,B3p1,0.9215247631072998,0.542346233237307,0.6118506747817474,19500.0,19500.0,0.09010669589042664,0.6693800091743469,0.12183671444654465,0.04020130634307861,4,4,4,3,B3,B,4,4,0,10100011|10100011|10100011|10100011|00110011|00110011|00110011|00110011|00110011|00110011|00110011|10110010|10110010|10110010|10110010|10110010|10110010|10110010|10110010|10110010,6,3
108,10,random,R0.0,0.8956661224365234,0.4986822261488221,0.695786207432504,14684.615234375,14500.0,0.039729900658130646,0.42950767278671265,0.4264284670352936,0.0,14,0,1,1,,,,0,,10011001|10011001|10011001|10011001|10011001|10011001|10011001|10011001|10011001|10011001|10011001|10011001|10011001|10011001|10011001|10011001|10011001|10011001|10011001|10011001,3,7
108,11,random,R0.0,0.9641300439834595,0.47141131281767223,0.7520242904276456,16873.9140625,16700.0,0.046223562210798264,0.5219371914863586,0.39596930146217346,0.0,13,0,1,1,,,,0,,01110001|01110001|01110001|01110001|01110001|01110001|01110001|01110001|01110001|01110001|01110001|01110001|01110001|01110001|01110001|01110001|01110001|01110001|01110001|01110001,8,11
108,12,random,R0.1,1.0239053964614868,0.43211756975612226,0.8390575755514766,17173.9140625,18300.0,0.040061164647340775,0.49711376428604126,0.4264284670352936,0.06030195951461792,14,6,1,4,,,,6,,11010100|11010100|11010100|11010100|01010101|01010101|01010101|01010101|01010101|01010101|01010101|01010101|00011101|00011101|00011101|00011101|00011101|01010101|01010101|01010101,10,14
108,13,random,R0.1,1.1111516952514648,0.4442511576426507,0.8113652061147542,16901.21484375,17400.0,0.029346713796257973,0.5743575096130371,0.4873468279838562,0.020100653171539307,16,2,2,2,,,,2,,01001110|01001110|01001110|01001110|01001110|01001110|01001110|01001110|01001110|01001110|01001110|01001110|01001110|01001110|01001110|01001110|01001110|01001110|01001110|01000111,12,12
108,14,random,R0.5,1.5818284749984741,0.26411160210966206,1.3313835298993275,29500.0,30500.0,0.050426729023456573,0.8229477405548096,0.4873468279838562,0.22110718488693237,16,22,0,12,,,,22,,01011010|01011010|00011011|00001111|00001111|00001111|00001111|01000111|01000111|11000101|11000101|11010100|11010010|10110010|10100011|11000011|11000011|01010011|01010011|01010110,16,16
108,15,random,R0.5,1.432183027267456,0.3247915733916256,1.1245716150224658,25020.0,25020.0,0.03821679204702377,0.7659148573875427,0.4873468577861786,0.14070457220077515,16,14,0,8,,,,14,,01011001|01011001|01011001|01001101|01011100|01011100|01011100|01011100|11011000|11011000|11101000|11101000|11101000|11101000|11101000|11100100|11100100|01100101|01100101|00101101,15,15
109,0,baseline,B1,0.9031002521514893,0.5147039657372547,0.6641633674041025,14337.51171875,13900.0,0.03541802614927292,0.3803354501724243,0.4873468279838562,0.0,16,0,0,1,,,0,0,0,00111100|00111100|00111100|00111100|00111100|00111100|00111100|00111100|00111100|00111100|00111100|00111100|00111100|00111100|00111100|00111100|00111100|00111100|00111100|00111100,5,6
109,1,baseline,B2,1.13185715675354,0.5005270261453898,0.69209368339223,19574.109375,22600.0,0.03995200991630554,0.6886592507362366,0.12183671444654465,0.2814091444015503,4,28,6,13,,,28,28,0,00001111|00111010|01111000|00111001|00111001|10111000|10111000|10111000|10110100|10110100|00110101|00011101|00010111|00010111|00010111|01010011|01010011|10011010|11010010|01010110,14,9
109,2,baseline,B3,0.6771184206008911,0.5984291375570642,0.5134471610656901,13846.154296875,15700.0,0.06723775714635849,0.40702489018440247,0.18275506794452667,0.020100653171539307,6,2,2,2,,,2,2,0,00101011|00101011|00101011|00101011|00101011|00101011|00101011|00101011|00101011|00101011|00101011|10001011|10001011|10001011|10001011|10001011|10001011|10001011|10001011|10001011,1,1
109,3,baseline,B4,0.919644832611084,0.49683336626954433,0.6995005882398497,15307.6923828125,16120.0,0.04546256735920906,0.44775381684303284,0.4264284670352936,0.0,14,0,2,1,,,0,0,0,00001111|00001111|00001111|00001111|00001111|00001111|00001111|00001111|00001111|00001111|00001111|00001111|00001111|00001111|00001111|00001111|00001111|00001111|00001111|00001111,6,10
109,4,perturb,B1p0,0.9234412908554077,0.48186900629873,0.7300829730324726,14307.6923828125,14200.0,0.02955583855509758,0.3760794401168823,0.5178059935569763,0.0,17,0,0,1,B1,C,0,0,0,00011110|00011110|00011110|00011110|00011110|00011110|00011110|00011110|00011110|00011110|00011110|00011110|00011110|00011110|00011110|00011110|00011110|00011110|00011110|00011110,7,12
109,5,perturb,B1p1,0.9531196355819702,0.513900682418753,0.6657252570635408,16000.0,16000.0,0.04776201397180557,0.47892916202545166,0.42642849683761597,0.0,14,0,0,1,B1,C,0,0,0,01111000|01111000|01111000|01111000|01111000|01111000|01111000|01111000|01111000|01111000|01111000|01111000|01111000|01111000|01111000|01111000|01111000|01111000|01111000|01111000,9,8
109,6,perturb,B2p0,1.0722564458847046,0.5143530397196113,0.6648454015953784,18574.109375,22200.0,0.03995200991630554,0.6491592526435852,0.12183671444654465,0.261308491230011,4,26,7,12,B2,B,28,26,-2,00001111|00111010|01111000|00111001|00111001|10111000|10111000|10111000|10110100|10110100|00110101|00010111|00010111|00010111|00010111|01010011|01010011|10011010|11010010|01010110,11,7
109,7,perturb,B2p1,1.0742865800857544,0.5282077669313725,0.638265574699816,18746.41796875,21400.0,0.03995200991630554,0.6712899804115295,0.12183671444654465,0.24120783805847168,4,24,6,12,B2,B,28,24,-4,00111010|00111010|01111000|00111001|00111001|10111000|10111000|10111000|10110100|10110100|00110101|00011101|00010111|00010111|00010111|01010011|01010011|10011010|11010010|01010110,13,5
109,8,perturb,B3p0,0.7211090326309204,0.5897295463537094,0.5280912431886033,14538.4619140625,15700.0,0.0652984231710434,0.4224957227706909,0.21321424841880798,0.020100653171539307,7,2,2,2,B3,B,2,2,0,00101011|00101011|00101011|00101011|00101011|00101011|00101011|00101011|00101011|00101011|00101011|00101011|10001011|10001011|10001011|10001011|10001011|10001011|10001011|10001011,3,2
109,9,perturb,B3p1,0.6815666556358337,0.5802844750213427,0.5442368215100853,14040.0,16000.0,0.06531374156475067,0.382938027381897,0.21321424841880798,0.020100653171539307,7,2,3,2,B3,B,2,2,0,00101011|00101011|00101011|00101011|00101011|00101011|00101011|00101011|00101011|00101011|10001011|10001011|10001011|10001011|10001011|10001011|10001011|10001011|10001011|10001011,2,3
109,10,random,R0.0,1.0727992057800293,0.4440097153671252,0.8119088353318187,16615.384765625,17000.0,0.03328259661793709,0.4607923626899719,0.5787243247032166,0.0,19,0,1,1,,,,0,,10100101|10100101|10100101|10100101|10100101|10100101|10100101|10100101|10100101|10100101|10100101|10100101|10100101|10100101|10100101|10100101|10100101|10100101|10100101|10100101,12,13
109,11,random,R0.0,0.9273590445518494,0.48254805332641926,0.7286747707757277,14688.9072265625,15000.0,0.02878936380147934,0.3807636499404907,0.5178060531616211,0.0,17,0,2,1,,,,0,,10110010|10110010|10110010|10110010|10110010|10110010|10110010|10110010|10110010|10110010|10110010|10110010|10110010|10110010|10110010|10110010|10110010|10110010|10110010|10110010,8,11
109,12,random,R0.1,0.756304144859314,0.5558484533431722,0.5872595878139452,14538.4619140625,15700.0,0.05918233469128609,0.40288853645324707,0.2741326093673706,0.020100653171539307,9,2,2,2,,,,2,,00101011|00101011|00101011|00101011|00101011|00101011|00101011|00101011|00101011|00101011|00101011|00101011|00101011|00101011|10001011|10001011|10001011|10001011|10001011|10001011,4,4
109,13,random,R0.1,1.0635205507278442,0.4159818288774062,0.8771137002580564,17527.69140625,19500.0,0.03886484354734421,0.4770068824291229,0.4873468279838562,0.06030195951461792,16,6,1,4,,,,6,,11011000|11011000|11011000|11011000|11011000|11011000|11011000|11011000|10011010|10011010|11001010|11001010|11001010|11001010|11001010|11010010|11010010|11010010|11010010|11010010,10,14
109,14,random,R0.5,1.276648759841919,0.39123722085674634,0.9384412000081743,20661.5390625,21500.0,0.04633476212620735,0.6424638032913208,0.4873468577861786,0.10050326585769653,16,10,1,6,,,,10,,11100100|11100100|11100100|11100100|10100110|10100110|10100110|11100010|11100010|11100010|11100010|11100010|11100010|11100010|11010010|11010010|11100010|11100010|11100010|11000110,15,15
109,15,random,R0.5,1.3580358028411865,0.380640902063171,0.9658988625711892,23881.21484375,25800.0,0.03906077891588211,0.7219991087913513,0.39596930146217346,0.20100653171539307,13,20,2,11,,,,20,,10101001|00101101|00101101|00101101|00001111|10001011|10001011|10001011|00011011|00001111|00011101|10010101|10010101|10010101|10010101|10010101|10011001|10011001|10010011|10011010,16,16
110,0,baseline,B1,0.5366120338439941,0.6360991933349016,0.45240076344013885,9578.0087890625,10260.0,0.021294502541422844,0.24118489027023315,0.2741326093673706,0.0,9,0,2,1,,,0,0,0,01110010|01110010|01110010|01110010|01110010|01110010|01110010|01110010|01110010|01110010|01110010|01110010|01110010|01110010|01110010|01110010|01110010|01110010|01110010|01110010,1,2
110,1,baseline,B2,0.8832156658172607,0.5679731911917429,0.5656810599809613,14663.09375,15500.0,0.026751156896352768,0.543979823589325,0.09137753397226334,0.22110718488693237,3,22,3,10,,,22,22,0,10000111|10000111|11000011|00110011|01110010|01110010|11010010|11010010|00110110|00110110|00110110|10010110|10010110|10010110|01010110|01110010|01110010|01110010|01110010|01111000,9,6
110,2,baseline,B3,0.7135221362113953,0.5909425669435071,0.5260364457508785,18000.0,18000.0,0.07929182797670364,0.5331107378005981,0.060918357223272324,0.04020130634307861,2,4,2,3,,,4,4,0,00101011|00101011|00101011|00101011|00101011|00101011|00101011|10100011|10100011|10100011|10100011|10100011|10100011|10100011|10100011|10100011|00100111|00100111|00100111|00100111,3,3
110,3,baseline,B4,0.9682848453521729,0.46018007725973636,0.776137393800512,15520.0,15520.0,0.03483543172478676,0.4765617251396179,0.4568876624107361,0.0,15,0,0,1,,,0,0,0,00001111|00001111|00001111|00001111|00001111|00001111|00001111|00001111|00001111|00001111|00001111|00001111|00001111|00001111|00001111|00001111|00001111|00001111|00001111|00001111,14,14
110,4,perturb,B1p0,0.8959416747093201,0.4911930614577277,0.7109180279457814,15040.0,15640.0,0.030507782474160194,0.46946462988853455,0.39596930146217346,0.0,13,0,1,1,B1,C,0,0,0,01100011|01100011|01100011|01100011|01100011|01100011|01100011|01100011|01100011|01100011|01100011|01100011|01100011|01100011|01100011|01100011|01100011|01100011|01100011|01100011,11,13
110,5,perturb,B1p1,0.6303610801696777,0.6370095233798128,0.4509706731609557,12593.517578125,12700.0,0.03268996253609657,0.3844568431377411,0.21321424841880798,0.0,7,0,2,1,B1,C,0,0,0,01011010|01011010|01011010|01011010|01011010|01011010|01011010|01011010|01011010|01011010|01011010|01011010|01011010|01011010|01011010|01011010|01011010|01011010|01011010|01011010,2,1
110,6,perturb,B2p0,0.8832157850265503,0.5678695487542216,0.5658635543248772,14663.09375,15500.0,0.026751156896352768,0.543979823589325,0.09137753397226334,0.22110718488693237,3,22,3,10,B2,B,22,22,0,10000111|10000111|11000011|00110011|01110010|01110010|11010010|11010010|00110110|00110110|00110110|10010110|10010110|01010110|01010110|01110010|01110010|01110010|01110010|01111000,10,7
110,7,perturb,B2p1,0.9032013416290283,0.545021430236537,0.6069301635570339,15143.09375,16280.0,0.026150796562433243,0.5341066718101501,0.12183671444654465,0.22110718488693237,4,22,3,10,B2,B,22,22,0,10000111|10000111|11000011|00110011|01110010|01110010|11010010|11010010|11010010|00110110|00110110|10010110|10010110|10010110|01010110|01110010|01110010|01110010|01110010|01111000,13,10
110,8,perturb,B3p0,0.7923852205276489,0.573912884822431,0.5552776627826269,18000.0,18000.0,0.07327879965305328,0.5570685267448425,0.12183671444654465,0.04020130634307861,4,4,0,3,B3,B,4,4,0,00101011|00101011|00101011|00101011|00101011|00101011|00101011|00101011|10100011|10100011|10100011|10100011|10100011|10100011|10100011|10100011|00100111|00100111|00100111|00100111,4,4
110,9,perturb,B3p1,0.8496065735816956,0.5735469188268258,0.5559155343783899,18000.0,18000.0,0.0742792934179306,0.6437485218048096,0.09137753397226334,0.04020130634307861,3,4,2,3,B3,B,4,4,0,00101011|00101011|00101011|00101011|00101011|00101011|00101011|10100011|10100011|10100011|10100011|10100011|10100011|10100011|10100011|10100011|10100011|00100111|00100111|00100111,8,5
110,10,random,R0.0,0.7939649820327759,0.5469327622438238,0.6034294050592035,13772.1083984375,13700.0,0.033962249755859375,0.4249517321586609,0.3350509703159332,0.0,11,0,0,1,,,,0,,11001010|11001010|11001010|11001010|11001010|11001010|11001010|11001010|11001010|11001010|11001010|11001010|11001010|11001010|11001010|11001010|11001010|11001010|11001010|11001010,5,8
110,11,random,R0.0,0.7939650416374207,0.5455294287360831,0.6059985269770258,13772.1083984375,13700.0,0.03396225348114967,0.4249517023563385,0.3350509703159332,0.0,11,0,1,1,,,,0,,11011000|11011000|11011000|11011000|11011000|11011000|11011000|11011000|11011000|11011000|11011000|11011000|11011000|11011000|11011000|11011000|11011000|11011000|11011000|11011000,6,9
110,12,random,R0.1,0.8976665139198303,0.4919981676925547,0.7092802866988883,15000.0,15000.0,0.02834136411547661,0.45325517654418945,0.39596933126449585,0.020100653171539307,13,2,2,2,,,,2,,11100010|10100110|10100110|10100110|10100110|10100110|10100110|10100110|10100110|10100110|10100110|10100110|10100110|10100110|10100110|10100110|10100110|10100110|10100110|10100110,12,12
110,13,random,R0.1,0.8164823651313782,0.5213554623772969,0.651323200430564,14151.9794921875,14220.0,0.027244549244642258,0.4139854907989502,0.33505094051361084,0.04020130634307861,11,4,1,3,,,,4,,10100110|10100110|10100110|10100110|10100110|10100110|10100110|10100110|10100110|10100110|10100110|10100110|10100110|11000110|11000110|01100110|01100110|01100110|01100110|01100110,7,11
110,14,random,R0.5,1.273205041885376,0.3794561829671703,0.9690161487145146,21520.0,22560.0,0.022729892283678055,0.6735999584197998,0.39596930146217346,0.18090587854385376,13,18,0,10,,,,18,,01010011|01010011|01100011|01100011|01110001|01110001|01100011|01100011|01100011|01100101|01100101|01101001|11101000|11101000|11100100|11100100|11100100|11110000|11110000|10110001,15,16
110,15,random,R0.5,1.2912652492523193,0.3827519892366067,0.9603680472361468,20800.0,23520.0,0.032134734094142914,0.7328152060508728,0.36551010608673096,0.16080522537231445,12,16,3,9,,,,16,,10110010|10110010|10110010|10110010|10010011|11010010|01011010|01111000|01111000|00111010|00111001|00111001|00111001|00111001|00111001|00111001|00111001|00111001|10011001|00011101,16,15
